KPI_ID,KPI_NAME,VALUE,PERIOD_START,PERIOD_END,REGION
MHS125,People Entering RTT Pathway,34,01/01/2026,31/03/2026,UNKNOWN
MHS126,People Waiting,147,01/01/2026,31/03/2026,UNKNOWN
MHS131,People Treated,14,01/01/2026,31/03/2026,UNKNOWN
MHS132,RTT Performance Percentage,209,01/01/2026,31/03/2026,UNKNOWN
MHS125,People Entering RTT Pathway,35,01/01/2026,31/03/2026,LONDON COMMISSIONING REGION
MHS126,People Waiting,188,01/01/2026,31/03/2026,LONDON COMMISSIONING REGION
MHS131,People Treated,18,01/01/2026,31/03/2026,LONDON COMMISSIONING REGION
MHS132,RTT Performance Percentage,345,01/01/2026,31/03/2026,LONDON COMMISSIONING REGION
MHS125,People Entering RTT Pathway,42,01/01/2026,31/03/2026,SOUTH WEST COMMISSIONING REGION
MHS126,People Waiting,161,01/01/2026,31/03/2026,SOUTH WEST COMMISSIONING REGION
MHS131,People Treated,18,01/01/2026,31/03/2026,SOUTH WEST COMMISSIONING REGION
MHS132,RTT Performance Percentage,181,01/01/2026,31/03/2026,SOUTH WEST COMMISSIONING REGION
MHS125,People Entering RTT Pathway,44,01/01/2026,31/03/2026,SOUTH EAST COMMISSIONING REGION
MHS126,People Waiting,158,01/01/2026,31/03/2026,SOUTH EAST COMMISSIONING REGION
MHS131,People Treated,16,01/01/2026,31/03/2026,SOUTH EAST COMMISSIONING REGION
MHS132,RTT Performance Percentage,283,01/01/2026,31/03/2026,SOUTH EAST COMMISSIONING REGION
MHS125,People Entering RTT Pathway,40,01/01/2026,31/03/2026,MIDLANDS COMMISSIONING REGION
MHS126,People Waiting,203,01/01/2026,31/03/2026,MIDLANDS COMMISSIONING REGION
MHS131,People Treated,12,01/01/2026,31/03/2026,MIDLANDS COMMISSIONING REGION
MHS132,RTT Performance Percentage,154,01/01/2026,31/03/2026,MIDLANDS COMMISSIONING REGION
MHS125,People Entering RTT Pathway,32,01/01/2026,31/03/2026,EAST OF ENGLAND COMMISSIONING REGION
MHS126,People Waiting,138,01/01/2026,31/03/2026,EAST OF ENGLAND COMMISSIONING REGION
MHS131,People Treated,16,01/01/2026,31/03/2026,EAST OF ENGLAND COMMISSIONING REGION
MHS132,RTT Performance Percentage,299,01/01/2026,31/03/2026,EAST OF ENGLAND COMMISSIONING REGION
MHS125,People Entering RTT Pathway,39,01/01/2026,31/03/2026,NORTH WEST COMMISSIONING REGION
MHS126,People Waiting,175,01/01/2026,31/03/2026,NORTH WEST COMMISSIONING REGION
MHS131,People Treated,7,01/01/2026,31/03/2026,NORTH WEST COMMISSIONING REGION
MHS132,RTT Performance Percentage,116,01/01/2026,31/03/2026,NORTH WEST COMMISSIONING REGION
MHS125,People Entering RTT Pathway,32,01/01/2026,31/03/2026,NORTH EAST AND YORKSHIRE COMMISSIONING REGION
MHS126,People Waiting,144,01/01/2026,31/03/2026,NORTH EAST AND YORKSHIRE COMMISSIONING REGION
MHS131,People Treated,13,01/01/2026,31/03/2026,NORTH EAST AND YORKSHIRE COMMISSIONING REGION
MHS132,RTT Performance Percentage,237,01/01/2026,31/03/2026,NORTH EAST AND YORKSHIRE COMMISSIONING REGION
MHS125,People Entering RTT Pathway,38,01/01/2026,31/03/2026,England
MHS126,People Waiting,168,01/01/2026,31/03/2026,England
MHS131,People Treated,14,01/01/2026,31/03/2026,England
MHS132,RTT Performance Percentage,221,01/01/2026,31/03/2026,England
MHS125,People Entering RTT Pathway,53,01/01/2026,31/03/2026,NHS LANCASHIRE AND SOUTH CUMBRIA INTEGRATED CARE BOARD
MHS126,People Waiting,256,01/01/2026,31/03/2026,NHS LANCASHIRE AND SOUTH CUMBRIA INTEGRATED CARE BOARD
MHS131,People Treated,11,01/01/2026,31/03/2026,NHS LANCASHIRE AND SOUTH CUMBRIA INTEGRATED CARE BOARD
MHS132,RTT Performance Percentage,152,01/01/2026,31/03/2026,NHS LANCASHIRE AND SOUTH CUMBRIA INTEGRATED CARE BOARD
MHS125,People Entering RTT Pathway,36,01/01/2026,31/03/2026,NHS SOUTH YORKSHIRE INTEGRATED CARE BOARD
MHS126,People Waiting,156,01/01/2026,31/03/2026,NHS SOUTH YORKSHIRE INTEGRATED CARE BOARD
MHS131,People Treated,5,01/01/2026,31/03/2026,NHS SOUTH YORKSHIRE INTEGRATED CARE BOARD
MHS132,RTT Performance Percentage,223,01/01/2026,31/03/2026,NHS SOUTH YORKSHIRE INTEGRATED CARE BOARD
MHS125,People Entering RTT Pathway,42,01/01/2026,31/03/2026,NHS HEREFORDSHIRE AND WORCESTERSHIRE INTEGRATED CARE BOARD
MHS126,People Waiting,152,01/01/2026,31/03/2026,NHS HEREFORDSHIRE AND WORCESTERSHIRE INTEGRATED CARE BOARD
MHS131,People Treated,36,01/01/2026,31/03/2026,NHS HEREFORDSHIRE AND WORCESTERSHIRE INTEGRATED CARE BOARD
MHS132,RTT Performance Percentage,156,01/01/2026,31/03/2026,NHS HEREFORDSHIRE AND WORCESTERSHIRE INTEGRATED CARE BOARD
MHS125,People Entering RTT Pathway,42,01/01/2026,31/03/2026,NHS MID AND SOUTH ESSEX INTEGRATED CARE BOARD
MHS126,People Waiting,168,01/01/2026,31/03/2026,NHS MID AND SOUTH ESSEX INTEGRATED CARE BOARD
MHS131,People Treated,11,01/01/2026,31/03/2026,NHS MID AND SOUTH ESSEX INTEGRATED CARE BOARD
MHS132,RTT Performance Percentage,78,01/01/2026,31/03/2026,NHS MID AND SOUTH ESSEX INTEGRATED CARE BOARD
MHS125,People Entering RTT Pathway,36,01/01/2026,31/03/2026,"NHS BEDFORDSHIRE, LUTON AND MILTON KEYNES INTEGRATED CARE BOARD"
MHS126,People Waiting,158,01/01/2026,31/03/2026,"NHS BEDFORDSHIRE, LUTON AND MILTON KEYNES INTEGRATED CARE BOARD"
MHS131,People Treated,17,01/01/2026,31/03/2026,"NHS BEDFORDSHIRE, LUTON AND MILTON KEYNES INTEGRATED CARE BOARD"
MHS132,RTT Performance Percentage,102,01/01/2026,31/03/2026,"NHS BEDFORDSHIRE, LUTON AND MILTON KEYNES INTEGRATED CARE BOARD"
MHS125,People Entering RTT Pathway,44,01/01/2026,31/03/2026,NHS BIRMINGHAM AND SOLIHULL INTEGRATED CARE BOARD
MHS126,People Waiting,203,01/01/2026,31/03/2026,NHS BIRMINGHAM AND SOLIHULL INTEGRATED CARE BOARD
MHS131,People Treated,3,01/01/2026,31/03/2026,NHS BIRMINGHAM AND SOLIHULL INTEGRATED CARE BOARD
MHS132,RTT Performance Percentage,65,01/01/2026,31/03/2026,NHS BIRMINGHAM AND SOLIHULL INTEGRATED CARE BOARD
MHS125,People Entering RTT Pathway,27,01/01/2026,31/03/2026,NHS NORTH EAST AND NORTH CUMBRIA INTEGRATED CARE BOARD
MHS126,People Waiting,125,01/01/2026,31/03/2026,NHS NORTH EAST AND NORTH CUMBRIA INTEGRATED CARE BOARD
MHS131,People Treated,16,01/01/2026,31/03/2026,NHS NORTH EAST AND NORTH CUMBRIA INTEGRATED CARE BOARD
MHS132,RTT Performance Percentage,249,01/01/2026,31/03/2026,NHS NORTH EAST AND NORTH CUMBRIA INTEGRATED CARE BOARD
MHS125,People Entering RTT Pathway,43,01/01/2026,31/03/2026,NHS DERBY AND DERBYSHIRE INTEGRATED CARE BOARD
MHS126,People Waiting,239,01/01/2026,31/03/2026,NHS DERBY AND DERBYSHIRE INTEGRATED CARE BOARD
MHS131,People Treated,10,01/01/2026,31/03/2026,NHS DERBY AND DERBYSHIRE INTEGRATED CARE BOARD
MHS132,RTT Performance Percentage,199,01/01/2026,31/03/2026,NHS DERBY AND DERBYSHIRE INTEGRATED CARE BOARD
MHS125,People Entering RTT Pathway,31,01/01/2026,31/03/2026,NHS SUFFOLK AND NORTH EAST ESSEX INTEGRATED CARE BOARD
MHS126,People Waiting,131,01/01/2026,31/03/2026,NHS SUFFOLK AND NORTH EAST ESSEX INTEGRATED CARE BOARD
MHS131,People Treated,26,01/01/2026,31/03/2026,NHS SUFFOLK AND NORTH EAST ESSEX INTEGRATED CARE BOARD
MHS132,RTT Performance Percentage,993,01/01/2026,31/03/2026,NHS SUFFOLK AND NORTH EAST ESSEX INTEGRATED CARE BOARD
MHS125,People Entering RTT Pathway,52,01/01/2026,31/03/2026,NHS DEVON INTEGRATED CARE BOARD
MHS126,People Waiting,203,01/01/2026,31/03/2026,NHS DEVON INTEGRATED CARE BOARD
MHS131,People Treated,28,01/01/2026,31/03/2026,NHS DEVON INTEGRATED CARE BOARD
MHS132,RTT Performance Percentage,219,01/01/2026,31/03/2026,NHS DEVON INTEGRATED CARE BOARD
MHS125,People Entering RTT Pathway,55,01/01/2026,31/03/2026,NHS LINCOLNSHIRE INTEGRATED CARE BOARD
MHS126,People Waiting,162,01/01/2026,31/03/2026,NHS LINCOLNSHIRE INTEGRATED CARE BOARD
MHS131,People Treated,6,01/01/2026,31/03/2026,NHS LINCOLNSHIRE INTEGRATED CARE BOARD
MHS132,RTT Performance Percentage,47,01/01/2026,31/03/2026,NHS LINCOLNSHIRE INTEGRATED CARE BOARD
MHS125,People Entering RTT Pathway,42,01/01/2026,31/03/2026,"NHS LEICESTER, LEICESTERSHIRE AND RUTLAND INTEGRATED CARE BOARD"
MHS126,People Waiting,456,01/01/2026,31/03/2026,"NHS LEICESTER, LEICESTERSHIRE AND RUTLAND INTEGRATED CARE BOARD"
MHS131,People Treated,2,01/01/2026,31/03/2026,"NHS LEICESTER, LEICESTERSHIRE AND RUTLAND INTEGRATED CARE BOARD"
MHS132,RTT Performance Percentage,169,01/01/2026,31/03/2026,"NHS LEICESTER, LEICESTERSHIRE AND RUTLAND INTEGRATED CARE BOARD"
MHS125,People Entering RTT Pathway,31,01/01/2026,31/03/2026,NHS SOUTH EAST LONDON INTEGRATED CARE BOARD
MHS126,People Waiting,175,01/01/2026,31/03/2026,NHS SOUTH EAST LONDON INTEGRATED CARE BOARD
MHS131,People Treated,21,01/01/2026,31/03/2026,NHS SOUTH EAST LONDON INTEGRATED CARE BOARD
MHS132,RTT Performance Percentage,223,01/01/2026,31/03/2026,NHS SOUTH EAST LONDON INTEGRATED CARE BOARD
MHS125,People Entering RTT Pathway,46,01/01/2026,31/03/2026,NHS KENT AND MEDWAY INTEGRATED CARE BOARD
MHS126,People Waiting,150,01/01/2026,31/03/2026,NHS KENT AND MEDWAY INTEGRATED CARE BOARD
MHS131,People Treated,12,01/01/2026,31/03/2026,NHS KENT AND MEDWAY INTEGRATED CARE BOARD
MHS132,RTT Performance Percentage,131,01/01/2026,31/03/2026,NHS KENT AND MEDWAY INTEGRATED CARE BOARD
MHS125,People Entering RTT Pathway,28,01/01/2026,31/03/2026,NHS HERTFORDSHIRE AND WEST ESSEX INTEGRATED CARE BOARD
MHS126,People Waiting,156,01/01/2026,31/03/2026,NHS HERTFORDSHIRE AND WEST ESSEX INTEGRATED CARE BOARD
MHS131,People Treated,13,01/01/2026,31/03/2026,NHS HERTFORDSHIRE AND WEST ESSEX INTEGRATED CARE BOARD
MHS132,RTT Performance Percentage,259,01/01/2026,31/03/2026,NHS HERTFORDSHIRE AND WEST ESSEX INTEGRATED CARE BOARD
MHS125,People Entering RTT Pathway,52,01/01/2026,31/03/2026,NHS NORTH EAST LONDON INTEGRATED CARE BOARD
MHS126,People Waiting,249,01/01/2026,31/03/2026,NHS NORTH EAST LONDON INTEGRATED CARE BOARD
MHS131,People Treated,17,01/01/2026,31/03/2026,NHS NORTH EAST LONDON INTEGRATED CARE BOARD
MHS132,RTT Performance Percentage,514,01/01/2026,31/03/2026,NHS NORTH EAST LONDON INTEGRATED CARE BOARD
MHS125,People Entering RTT Pathway,56,01/01/2026,31/03/2026,NHS NORTH CENTRAL LONDON INTEGRATED CARE BOARD
MHS126,People Waiting,245,01/01/2026,31/03/2026,NHS NORTH CENTRAL LONDON INTEGRATED CARE BOARD
MHS131,People Treated,20,01/01/2026,31/03/2026,NHS NORTH CENTRAL LONDON INTEGRATED CARE BOARD
MHS132,RTT Performance Percentage,244,01/01/2026,31/03/2026,NHS NORTH CENTRAL LONDON INTEGRATED CARE BOARD
MHS125,People Entering RTT Pathway,42,01/01/2026,31/03/2026,NHS NORFOLK AND WAVENEY INTEGRATED CARE BOARD
MHS126,People Waiting,131,01/01/2026,31/03/2026,NHS NORFOLK AND WAVENEY INTEGRATED CARE BOARD
MHS131,People Treated,68,01/01/2026,31/03/2026,NHS NORFOLK AND WAVENEY INTEGRATED CARE BOARD
MHS132,RTT Performance Percentage,1067,01/01/2026,31/03/2026,NHS NORFOLK AND WAVENEY INTEGRATED CARE BOARD
MHS125,People Entering RTT Pathway,29,01/01/2026,31/03/2026,NHS STAFFORDSHIRE AND STOKE-ON-TRENT INTEGRATED CARE BOARD
MHS126,People Waiting,152,01/01/2026,31/03/2026,NHS STAFFORDSHIRE AND STOKE-ON-TRENT INTEGRATED CARE BOARD
MHS131,People Treated,11,01/01/2026,31/03/2026,NHS STAFFORDSHIRE AND STOKE-ON-TRENT INTEGRATED CARE BOARD
MHS132,RTT Performance Percentage,126,01/01/2026,31/03/2026,NHS STAFFORDSHIRE AND STOKE-ON-TRENT INTEGRATED CARE BOARD
MHS125,People Entering RTT Pathway,52,01/01/2026,31/03/2026,NHS FRIMLEY INTEGRATED CARE BOARD
MHS126,People Waiting,154,01/01/2026,31/03/2026,NHS FRIMLEY INTEGRATED CARE BOARD
MHS131,People Treated,20,01/01/2026,31/03/2026,NHS FRIMLEY INTEGRATED CARE BOARD
MHS132,RTT Performance Percentage,282,01/01/2026,31/03/2026,NHS FRIMLEY INTEGRATED CARE BOARD
MHS125,People Entering RTT Pathway,54,01/01/2026,31/03/2026,NHS SUSSEX INTEGRATED CARE BOARD
MHS126,People Waiting,189,01/01/2026,31/03/2026,NHS SUSSEX INTEGRATED CARE BOARD
MHS131,People Treated,62,01/01/2026,31/03/2026,NHS SUSSEX INTEGRATED CARE BOARD
MHS132,RTT Performance Percentage,343,01/01/2026,31/03/2026,NHS SUSSEX INTEGRATED CARE BOARD
MHS125,People Entering RTT Pathway,35,01/01/2026,31/03/2026,"NHS SHROPSHIRE, TELFORD AND WREKIN INTEGRATED CARE BOARD"
MHS126,People Waiting,178,01/01/2026,31/03/2026,"NHS SHROPSHIRE, TELFORD AND WREKIN INTEGRATED CARE BOARD"
MHS131,People Treated,32,01/01/2026,31/03/2026,"NHS SHROPSHIRE, TELFORD AND WREKIN INTEGRATED CARE BOARD"
MHS132,RTT Performance Percentage,415,01/01/2026,31/03/2026,"NHS SHROPSHIRE, TELFORD AND WREKIN INTEGRATED CARE BOARD"
MHS125,People Entering RTT Pathway,40,01/01/2026,31/03/2026,NHS GREATER MANCHESTER INTEGRATED CARE BOARD
MHS126,People Waiting,168,01/01/2026,31/03/2026,NHS GREATER MANCHESTER INTEGRATED CARE BOARD
MHS131,People Treated,4,01/01/2026,31/03/2026,NHS GREATER MANCHESTER INTEGRATED CARE BOARD
MHS132,RTT Performance Percentage,122,01/01/2026,31/03/2026,NHS GREATER MANCHESTER INTEGRATED CARE BOARD
MHS125,People Entering RTT Pathway,40,01/01/2026,31/03/2026,NHS HUMBER AND NORTH YORKSHIRE INTEGRATED CARE BOARD
MHS126,People Waiting,179,01/01/2026,31/03/2026,NHS HUMBER AND NORTH YORKSHIRE INTEGRATED CARE BOARD
MHS131,People Treated,7,01/01/2026,31/03/2026,NHS HUMBER AND NORTH YORKSHIRE INTEGRATED CARE BOARD
MHS132,RTT Performance Percentage,143,01/01/2026,31/03/2026,NHS HUMBER AND NORTH YORKSHIRE INTEGRATED CARE BOARD
MHS125,People Entering RTT Pathway,37,01/01/2026,31/03/2026,"NHS BATH AND NORTH EAST SOMERSET, SWINDON AND WILTSHIRE INTEGRATED CARE BOARD"
MHS126,People Waiting,106,01/01/2026,31/03/2026,"NHS BATH AND NORTH EAST SOMERSET, SWINDON AND WILTSHIRE INTEGRATED CARE BOARD"
MHS131,People Treated,18,01/01/2026,31/03/2026,"NHS BATH AND NORTH EAST SOMERSET, SWINDON AND WILTSHIRE INTEGRATED CARE BOARD"
MHS132,RTT Performance Percentage,102,01/01/2026,31/03/2026,"NHS BATH AND NORTH EAST SOMERSET, SWINDON AND WILTSHIRE INTEGRATED CARE BOARD"
MHS125,People Entering RTT Pathway,36,01/01/2026,31/03/2026,NHS NORTHAMPTONSHIRE INTEGRATED CARE BOARD
MHS126,People Waiting,113,01/01/2026,31/03/2026,NHS NORTHAMPTONSHIRE INTEGRATED CARE BOARD
MHS131,People Treated,22,01/01/2026,31/03/2026,NHS NORTHAMPTONSHIRE INTEGRATED CARE BOARD
MHS132,RTT Performance Percentage,170,01/01/2026,31/03/2026,NHS NORTHAMPTONSHIRE INTEGRATED CARE BOARD
MHS125,People Entering RTT Pathway,53,01/01/2026,31/03/2026,NHS GLOUCESTERSHIRE INTEGRATED CARE BOARD
MHS126,People Waiting,141,01/01/2026,31/03/2026,NHS GLOUCESTERSHIRE INTEGRATED CARE BOARD
MHS131,People Treated,49,01/01/2026,31/03/2026,NHS GLOUCESTERSHIRE INTEGRATED CARE BOARD
MHS132,RTT Performance Percentage,643,01/01/2026,31/03/2026,NHS GLOUCESTERSHIRE INTEGRATED CARE BOARD
MHS125,People Entering RTT Pathway,41,01/01/2026,31/03/2026,NHS HAMPSHIRE AND ISLE OF WIGHT INTEGRATED CARE BOARD
MHS126,People Waiting,161,01/01/2026,31/03/2026,NHS HAMPSHIRE AND ISLE OF WIGHT INTEGRATED CARE BOARD
MHS131,People Treated,12,01/01/2026,31/03/2026,NHS HAMPSHIRE AND ISLE OF WIGHT INTEGRATED CARE BOARD
MHS132,RTT Performance Percentage,314,01/01/2026,31/03/2026,NHS HAMPSHIRE AND ISLE OF WIGHT INTEGRATED CARE BOARD
MHS125,People Entering RTT Pathway,25,01/01/2026,31/03/2026,NHS NORTH WEST LONDON INTEGRATED CARE BOARD
MHS126,People Waiting,113,01/01/2026,31/03/2026,NHS NORTH WEST LONDON INTEGRATED CARE BOARD
MHS131,People Treated,7,01/01/2026,31/03/2026,NHS NORTH WEST LONDON INTEGRATED CARE BOARD
MHS132,RTT Performance Percentage,150,01/01/2026,31/03/2026,NHS NORTH WEST LONDON INTEGRATED CARE BOARD
MHS125,People Entering RTT Pathway,39,01/01/2026,31/03/2026,NHS SOMERSET INTEGRATED CARE BOARD
MHS126,People Waiting,164,01/01/2026,31/03/2026,NHS SOMERSET INTEGRATED CARE BOARD
MHS131,People Treated,2,01/01/2026,31/03/2026,NHS SOMERSET INTEGRATED CARE BOARD
MHS132,RTT Performance Percentage,70,01/01/2026,31/03/2026,NHS SOMERSET INTEGRATED CARE BOARD
MHS125,People Entering RTT Pathway,52,01/01/2026,31/03/2026,NHS NOTTINGHAM AND NOTTINGHAMSHIRE INTEGRATED CARE BOARD
MHS126,People Waiting,226,01/01/2026,31/03/2026,NHS NOTTINGHAM AND NOTTINGHAMSHIRE INTEGRATED CARE BOARD
MHS131,People Treated,17,01/01/2026,31/03/2026,NHS NOTTINGHAM AND NOTTINGHAMSHIRE INTEGRATED CARE BOARD
MHS132,RTT Performance Percentage,141,01/01/2026,31/03/2026,NHS NOTTINGHAM AND NOTTINGHAMSHIRE INTEGRATED CARE BOARD
MHS125,People Entering RTT Pathway,43,01/01/2026,31/03/2026,NHS CORNWALL AND THE ISLES OF SCILLY INTEGRATED CARE BOARD
MHS126,People Waiting,170,01/01/2026,31/03/2026,NHS CORNWALL AND THE ISLES OF SCILLY INTEGRATED CARE BOARD
MHS131,People Treated,12,01/01/2026,31/03/2026,NHS CORNWALL AND THE ISLES OF SCILLY INTEGRATED CARE BOARD
MHS132,RTT Performance Percentage,714,01/01/2026,31/03/2026,NHS CORNWALL AND THE ISLES OF SCILLY INTEGRATED CARE BOARD
MHS125,People Entering RTT Pathway,28,01/01/2026,31/03/2026,"NHS BUCKINGHAMSHIRE, OXFORDSHIRE AND BERKSHIRE WEST INTEGRATED CARE BOARD"
MHS126,People Waiting,199,01/01/2026,31/03/2026,"NHS BUCKINGHAMSHIRE, OXFORDSHIRE AND BERKSHIRE WEST INTEGRATED CARE BOARD"
MHS131,People Treated,14,01/01/2026,31/03/2026,"NHS BUCKINGHAMSHIRE, OXFORDSHIRE AND BERKSHIRE WEST INTEGRATED CARE BOARD"
MHS132,RTT Performance Percentage,692,01/01/2026,31/03/2026,"NHS BUCKINGHAMSHIRE, OXFORDSHIRE AND BERKSHIRE WEST INTEGRATED CARE BOARD"
MHS125,People Entering RTT Pathway,27,01/01/2026,31/03/2026,NHS BLACK COUNTRY INTEGRATED CARE BOARD
MHS126,People Waiting,108,01/01/2026,31/03/2026,NHS BLACK COUNTRY INTEGRATED CARE BOARD
MHS131,People Treated,33,01/01/2026,31/03/2026,NHS BLACK COUNTRY INTEGRATED CARE BOARD
MHS132,RTT Performance Percentage,224,01/01/2026,31/03/2026,NHS BLACK COUNTRY INTEGRATED CARE BOARD
MHS125,People Entering RTT Pathway,29,01/01/2026,31/03/2026,NHS CAMBRIDGESHIRE AND PETERBOROUGH INTEGRATED CARE BOARD
MHS126,People Waiting,110,01/01/2026,31/03/2026,NHS CAMBRIDGESHIRE AND PETERBOROUGH INTEGRATED CARE BOARD
MHS131,People Treated,30,01/01/2026,31/03/2026,NHS CAMBRIDGESHIRE AND PETERBOROUGH INTEGRATED CARE BOARD
MHS132,RTT Performance Percentage,267,01/01/2026,31/03/2026,NHS CAMBRIDGESHIRE AND PETERBOROUGH INTEGRATED CARE BOARD
MHS125,People Entering RTT Pathway,40,01/01/2026,31/03/2026,"NHS BRISTOL, NORTH SOMERSET AND SOUTH GLOUCESTERSHIRE INTEGRATED CARE BOARD"
MHS126,People Waiting,121,01/01/2026,31/03/2026,"NHS BRISTOL, NORTH SOMERSET AND SOUTH GLOUCESTERSHIRE INTEGRATED CARE BOARD"
MHS131,People Treated,7,01/01/2026,31/03/2026,"NHS BRISTOL, NORTH SOMERSET AND SOUTH GLOUCESTERSHIRE INTEGRATED CARE BOARD"
MHS132,RTT Performance Percentage,87,01/01/2026,31/03/2026,"NHS BRISTOL, NORTH SOMERSET AND SOUTH GLOUCESTERSHIRE INTEGRATED CARE BOARD"
MHS125,People Entering RTT Pathway,33,01/01/2026,31/03/2026,NHS DORSET INTEGRATED CARE BOARD
MHS126,People Waiting,173,01/01/2026,31/03/2026,NHS DORSET INTEGRATED CARE BOARD
MHS131,People Treated,21,01/01/2026,31/03/2026,NHS DORSET INTEGRATED CARE BOARD
MHS132,RTT Performance Percentage,114,01/01/2026,31/03/2026,NHS DORSET INTEGRATED CARE BOARD
MHS125,People Entering RTT Pathway,35,01/01/2026,31/03/2026,NHS SOUTH WEST LONDON INTEGRATED CARE BOARD
MHS126,People Waiting,162,01/01/2026,31/03/2026,NHS SOUTH WEST LONDON INTEGRATED CARE BOARD
MHS131,People Treated,28,01/01/2026,31/03/2026,NHS SOUTH WEST LONDON INTEGRATED CARE BOARD
MHS132,RTT Performance Percentage,422,01/01/2026,31/03/2026,NHS SOUTH WEST LONDON INTEGRATED CARE BOARD
MHS125,People Entering RTT Pathway,31,01/01/2026,31/03/2026,NHS WEST YORKSHIRE INTEGRATED CARE BOARD
MHS126,People Waiting,147,01/01/2026,31/03/2026,NHS WEST YORKSHIRE INTEGRATED CARE BOARD
MHS131,People Treated,15,01/01/2026,31/03/2026,NHS WEST YORKSHIRE INTEGRATED CARE BOARD
MHS132,RTT Performance Percentage,319,01/01/2026,31/03/2026,NHS WEST YORKSHIRE INTEGRATED CARE BOARD
MHS125,People Entering RTT Pathway,36,01/01/2026,31/03/2026,NHS COVENTRY AND WARWICKSHIRE INTEGRATED CARE BOARD
MHS126,People Waiting,356,01/01/2026,31/03/2026,NHS COVENTRY AND WARWICKSHIRE INTEGRATED CARE BOARD
MHS131,People Treated,28,01/01/2026,31/03/2026,NHS COVENTRY AND WARWICKSHIRE INTEGRATED CARE BOARD
MHS132,RTT Performance Percentage,362,01/01/2026,31/03/2026,NHS COVENTRY AND WARWICKSHIRE INTEGRATED CARE BOARD
MHS125,People Entering RTT Pathway,56,01/01/2026,31/03/2026,NHS SURREY HEARTLANDS INTEGRATED CARE BOARD
MHS126,People Waiting,142,01/01/2026,31/03/2026,NHS SURREY HEARTLANDS INTEGRATED CARE BOARD
MHS131,People Treated,19,01/01/2026,31/03/2026,NHS SURREY HEARTLANDS INTEGRATED CARE BOARD
MHS132,RTT Performance Percentage,117,01/01/2026,31/03/2026,NHS SURREY HEARTLANDS INTEGRATED CARE BOARD
MHS125,People Entering RTT Pathway,31,01/01/2026,31/03/2026,NHS CHESHIRE AND MERSEYSIDE INTEGRATED CARE BOARD
MHS126,People Waiting,145,01/01/2026,31/03/2026,NHS CHESHIRE AND MERSEYSIDE INTEGRATED CARE BOARD
MHS131,People Treated,10,01/01/2026,31/03/2026,NHS CHESHIRE AND MERSEYSIDE INTEGRATED CARE BOARD
MHS132,RTT Performance Percentage,87,01/01/2026,31/03/2026,NHS CHESHIRE AND MERSEYSIDE INTEGRATED CARE BOARD
MHS125,People Entering RTT Pathway,34,01/01/2026,31/03/2026,UNKNOWN
MHS126,People Waiting,147,01/01/2026,31/03/2026,UNKNOWN
MHS131,People Treated,14,01/01/2026,31/03/2026,UNKNOWN
MHS132,RTT Performance Percentage,209,01/01/2026,31/03/2026,UNKNOWN
MHS125,People Entering RTT Pathway,*,01/01/2026,31/03/2026,NORTH TYNESIDE COUNCIL
MHS126,People Waiting,*,01/01/2026,31/03/2026,NORTH TYNESIDE COUNCIL
MHS131,People Treated,79,01/01/2026,31/03/2026,NORTH TYNESIDE COUNCIL
MHS132,RTT Performance Percentage,169,01/01/2026,31/03/2026,NORTH TYNESIDE COUNCIL
MHS125,People Entering RTT Pathway,*,01/01/2026,31/03/2026,ROTHERHAM METROPOLITAN BOROUGH COUNCIL
MHS126,People Waiting,*,01/01/2026,31/03/2026,ROTHERHAM METROPOLITAN BOROUGH COUNCIL
MHS131,People Treated,109,01/01/2026,31/03/2026,ROTHERHAM METROPOLITAN BOROUGH COUNCIL
MHS132,RTT Performance Percentage,1102,01/01/2026,31/03/2026,ROTHERHAM METROPOLITAN BOROUGH COUNCIL
MHS125,People Entering RTT Pathway,20,01/01/2026,31/03/2026,CITY OF BRADFORD METROPOLITAN DISTRICT COUNCIL
MHS126,People Waiting,47,01/01/2026,31/03/2026,CITY OF BRADFORD METROPOLITAN DISTRICT COUNCIL
MHS131,People Treated,6,01/01/2026,31/03/2026,CITY OF BRADFORD METROPOLITAN DISTRICT COUNCIL
MHS132,RTT Performance Percentage,25,01/01/2026,31/03/2026,CITY OF BRADFORD METROPOLITAN DISTRICT COUNCIL
MHS125,People Entering RTT Pathway,*,01/01/2026,31/03/2026,BLACKPOOL BOROUGH COUNCIL
MHS126,People Waiting,*,01/01/2026,31/03/2026,BLACKPOOL BOROUGH COUNCIL
MHS131,People Treated,0,01/01/2026,31/03/2026,BLACKPOOL BOROUGH COUNCIL
MHS132,RTT Performance Percentage,3,01/01/2026,31/03/2026,BLACKPOOL BOROUGH COUNCIL
MHS125,People Entering RTT Pathway,4,01/01/2026,31/03/2026,SHROPSHIRE COUNCIL
MHS126,People Waiting,65,01/01/2026,31/03/2026,SHROPSHIRE COUNCIL
MHS131,People Treated,*,01/01/2026,31/03/2026,SHROPSHIRE COUNCIL
MHS132,RTT Performance Percentage,*,01/01/2026,31/03/2026,SHROPSHIRE COUNCIL
MHS125,People Entering RTT Pathway,*,01/01/2026,31/03/2026,LINCOLNSHIRE COUNTY COUNCIL
MHS126,People Waiting,*,01/01/2026,31/03/2026,LINCOLNSHIRE COUNTY COUNCIL
MHS131,People Treated,-4,01/01/2026,31/03/2026,LINCOLNSHIRE COUNTY COUNCIL
MHS132,RTT Performance Percentage,74,01/01/2026,31/03/2026,LINCOLNSHIRE COUNTY COUNCIL
MHS125,People Entering RTT Pathway,*,01/01/2026,31/03/2026,LEICESTER CITY COUNCIL
MHS126,People Waiting,*,01/01/2026,31/03/2026,LEICESTER CITY COUNCIL
MHS131,People Treated,20,01/01/2026,31/03/2026,LEICESTER CITY COUNCIL
MHS132,RTT Performance Percentage,28,01/01/2026,31/03/2026,LEICESTER CITY COUNCIL
MHS125,People Entering RTT Pathway,*,01/01/2026,31/03/2026,NOTTINGHAMSHIRE COUNTY COUNCIL
MHS126,People Waiting,*,01/01/2026,31/03/2026,NOTTINGHAMSHIRE COUNTY COUNCIL
MHS131,People Treated,955,01/01/2026,31/03/2026,NOTTINGHAMSHIRE COUNTY COUNCIL
MHS132,RTT Performance Percentage,1206,01/01/2026,31/03/2026,NOTTINGHAMSHIRE COUNTY COUNCIL
MHS125,People Entering RTT Pathway,*,01/01/2026,31/03/2026,NOTTINGHAM CITY COUNCIL
MHS126,People Waiting,*,01/01/2026,31/03/2026,NOTTINGHAM CITY COUNCIL
MHS131,People Treated,28,01/01/2026,31/03/2026,NOTTINGHAM CITY COUNCIL
MHS132,RTT Performance Percentage,230,01/01/2026,31/03/2026,NOTTINGHAM CITY COUNCIL
MHS125,People Entering RTT Pathway,*,01/01/2026,31/03/2026,SUFFOLK COUNTY COUNCIL
MHS126,People Waiting,*,01/01/2026,31/03/2026,SUFFOLK COUNTY COUNCIL
MHS131,People Treated,1,01/01/2026,31/03/2026,SUFFOLK COUNTY COUNCIL
MHS132,RTT Performance Percentage,6,01/01/2026,31/03/2026,SUFFOLK COUNTY COUNCIL
MHS125,People Entering RTT Pathway,*,01/01/2026,31/03/2026,LONDON BOROUGH OF EALING
MHS126,People Waiting,*,01/01/2026,31/03/2026,LONDON BOROUGH OF EALING
MHS131,People Treated,97,01/01/2026,31/03/2026,LONDON BOROUGH OF EALING
MHS132,RTT Performance Percentage,252,01/01/2026,31/03/2026,LONDON BOROUGH OF EALING
MHS125,People Entering RTT Pathway,*,01/01/2026,31/03/2026,LONDON BOROUGH OF REDBRIDGE
MHS126,People Waiting,*,01/01/2026,31/03/2026,LONDON BOROUGH OF REDBRIDGE
MHS131,People Treated,15,01/01/2026,31/03/2026,LONDON BOROUGH OF REDBRIDGE
MHS132,RTT Performance Percentage,42,01/01/2026,31/03/2026,LONDON BOROUGH OF REDBRIDGE
MHS125,People Entering RTT Pathway,*,01/01/2026,31/03/2026,SURREY COUNTY COUNCIL
MHS126,People Waiting,*,01/01/2026,31/03/2026,SURREY COUNTY COUNCIL
MHS131,People Treated,17,01/01/2026,31/03/2026,SURREY COUNTY COUNCIL
MHS132,RTT Performance Percentage,52,01/01/2026,31/03/2026,SURREY COUNTY COUNCIL
MHS125,People Entering RTT Pathway,*,01/01/2026,31/03/2026,WEST SUSSEX COUNTY COUNCIL
MHS126,People Waiting,*,01/01/2026,31/03/2026,WEST SUSSEX COUNTY COUNCIL
MHS131,People Treated,77,01/01/2026,31/03/2026,WEST SUSSEX COUNTY COUNCIL
MHS132,RTT Performance Percentage,967,01/01/2026,31/03/2026,WEST SUSSEX COUNTY COUNCIL
MHS125,People Entering RTT Pathway,*,01/01/2026,31/03/2026,EAST SUSSEX COUNTY COUNCIL
MHS126,People Waiting,*,01/01/2026,31/03/2026,EAST SUSSEX COUNTY COUNCIL
MHS131,People Treated,37,01/01/2026,31/03/2026,EAST SUSSEX COUNTY COUNCIL
MHS132,RTT Performance Percentage,93,01/01/2026,31/03/2026,EAST SUSSEX COUNTY COUNCIL
MHS125,People Entering RTT Pathway,*,01/01/2026,31/03/2026,EAST SUSSEX SPOA
MHS126,People Waiting,*,01/01/2026,31/03/2026,EAST SUSSEX SPOA
MHS131,People Treated,*,01/01/2026,31/03/2026,EAST SUSSEX SPOA
MHS132,RTT Performance Percentage,*,01/01/2026,31/03/2026,EAST SUSSEX SPOA
MHS125,People Entering RTT Pathway,*,01/01/2026,31/03/2026,NEWMARKET HOUSE HEALTHCARE LTD
MHS126,People Waiting,*,01/01/2026,31/03/2026,NEWMARKET HOUSE HEALTHCARE LTD
MHS131,People Treated,*,01/01/2026,31/03/2026,NEWMARKET HOUSE HEALTHCARE LTD
MHS132,RTT Performance Percentage,*,01/01/2026,31/03/2026,NEWMARKET HOUSE HEALTHCARE LTD
MHS125,People Entering RTT Pathway,*,01/01/2026,31/03/2026,"RELATE LEICESTER, LEICESTERSHIRE AND RUTLAND"
MHS126,People Waiting,*,01/01/2026,31/03/2026,"RELATE LEICESTER, LEICESTERSHIRE AND RUTLAND"
MHS131,People Treated,0,01/01/2026,31/03/2026,"RELATE LEICESTER, LEICESTERSHIRE AND RUTLAND"
MHS132,RTT Performance Percentage,2,01/01/2026,31/03/2026,"RELATE LEICESTER, LEICESTERSHIRE AND RUTLAND"
MHS125,People Entering RTT Pathway,*,01/01/2026,31/03/2026,ST MAGNUS HOSPITAL
MHS126,People Waiting,*,01/01/2026,31/03/2026,ST MAGNUS HOSPITAL
MHS131,People Treated,*,01/01/2026,31/03/2026,ST MAGNUS HOSPITAL
MHS132,RTT Performance Percentage,*,01/01/2026,31/03/2026,ST MAGNUS HOSPITAL
MHS125,People Entering RTT Pathway,*,01/01/2026,31/03/2026,ST CUTHBERTS HOSPICE
MHS126,People Waiting,*,01/01/2026,31/03/2026,ST CUTHBERTS HOSPICE
MHS131,People Treated,*,01/01/2026,31/03/2026,ST CUTHBERTS HOSPICE
MHS132,RTT Performance Percentage,*,01/01/2026,31/03/2026,ST CUTHBERTS HOSPICE
MHS125,People Entering RTT Pathway,14,01/01/2026,31/03/2026,MIND BLMK
MHS126,People Waiting,49,01/01/2026,31/03/2026,MIND BLMK
MHS131,People Treated,0,01/01/2026,31/03/2026,MIND BLMK
MHS132,RTT Performance Percentage,0,01/01/2026,31/03/2026,MIND BLMK
MHS125,People Entering RTT Pathway,94,01/01/2026,31/03/2026,EATING MATTERS
MHS126,People Waiting,156,01/01/2026,31/03/2026,EATING MATTERS
MHS131,People Treated,20,01/01/2026,31/03/2026,EATING MATTERS
MHS132,RTT Performance Percentage,47,01/01/2026,31/03/2026,EATING MATTERS
MHS125,People Entering RTT Pathway,*,01/01/2026,31/03/2026,WINSTON'S WISH (CHELTENHAM)
MHS126,People Waiting,*,01/01/2026,31/03/2026,WINSTON'S WISH (CHELTENHAM)
MHS131,People Treated,64,01/01/2026,31/03/2026,WINSTON'S WISH (CHELTENHAM)
MHS132,RTT Performance Percentage,78,01/01/2026,31/03/2026,WINSTON'S WISH (CHELTENHAM)
MHS125,People Entering RTT Pathway,*,01/01/2026,31/03/2026,BARCA - LEEDS
MHS126,People Waiting,*,01/01/2026,31/03/2026,BARCA - LEEDS
MHS131,People Treated,93,01/01/2026,31/03/2026,BARCA - LEEDS
MHS132,RTT Performance Percentage,215,01/01/2026,31/03/2026,BARCA - LEEDS
MHS125,People Entering RTT Pathway,*,01/01/2026,31/03/2026,TIME2TALK
MHS126,People Waiting,*,01/01/2026,31/03/2026,TIME2TALK
MHS131,People Treated,56,01/01/2026,31/03/2026,TIME2TALK
MHS132,RTT Performance Percentage,101,01/01/2026,31/03/2026,TIME2TALK
MHS125,People Entering RTT Pathway,56,01/01/2026,31/03/2026,THE LOWDOWN
MHS126,People Waiting,110,01/01/2026,31/03/2026,THE LOWDOWN
MHS131,People Treated,36,01/01/2026,31/03/2026,THE LOWDOWN
MHS132,RTT Performance Percentage,154,01/01/2026,31/03/2026,THE LOWDOWN
MHS125,People Entering RTT Pathway,0,01/01/2026,31/03/2026,MERSEYSIDE YOUTH ASSOCIATION LTD
MHS126,People Waiting,42,01/01/2026,31/03/2026,MERSEYSIDE YOUTH ASSOCIATION LTD
MHS131,People Treated,0,01/01/2026,31/03/2026,MERSEYSIDE YOUTH ASSOCIATION LTD
MHS132,RTT Performance Percentage,0,01/01/2026,31/03/2026,MERSEYSIDE YOUTH ASSOCIATION LTD
MHS125,People Entering RTT Pathway,*,01/01/2026,31/03/2026,YOUNG PERSONS ADVISORY SERVICE
MHS126,People Waiting,*,01/01/2026,31/03/2026,YOUNG PERSONS ADVISORY SERVICE
MHS131,People Treated,14,01/01/2026,31/03/2026,YOUNG PERSONS ADVISORY SERVICE
MHS132,RTT Performance Percentage,76,01/01/2026,31/03/2026,YOUNG PERSONS ADVISORY SERVICE
MHS125,People Entering RTT Pathway,14,01/01/2026,31/03/2026,THE SHAW TRUST LTD
MHS126,People Waiting,42,01/01/2026,31/03/2026,THE SHAW TRUST LTD
MHS131,People Treated,*,01/01/2026,31/03/2026,THE SHAW TRUST LTD
MHS132,RTT Performance Percentage,*,01/01/2026,31/03/2026,THE SHAW TRUST LTD
MHS125,People Entering RTT Pathway,120,01/01/2026,31/03/2026,ABL HEALTH
MHS126,People Waiting,186,01/01/2026,31/03/2026,ABL HEALTH
MHS131,People Treated,55,01/01/2026,31/03/2026,ABL HEALTH
MHS132,RTT Performance Percentage,189,01/01/2026,31/03/2026,ABL HEALTH
MHS125,People Entering RTT Pathway,*,01/01/2026,31/03/2026,BRITISH RED CROSS (LONDON)
MHS126,People Waiting,*,01/01/2026,31/03/2026,BRITISH RED CROSS (LONDON)
MHS131,People Treated,*,01/01/2026,31/03/2026,BRITISH RED CROSS (LONDON)
MHS132,RTT Performance Percentage,*,01/01/2026,31/03/2026,BRITISH RED CROSS (LONDON)
MHS125,People Entering RTT Pathway,*,01/01/2026,31/03/2026,WIGAN FAMILY WELFARE
MHS126,People Waiting,*,01/01/2026,31/03/2026,WIGAN FAMILY WELFARE
MHS131,People Treated,78,01/01/2026,31/03/2026,WIGAN FAMILY WELFARE
MHS132,RTT Performance Percentage,132,01/01/2026,31/03/2026,WIGAN FAMILY WELFARE
MHS125,People Entering RTT Pathway,*,01/01/2026,31/03/2026,ADDVANCED SOLUTIONS COMMUNITY NETWORK
MHS126,People Waiting,*,01/01/2026,31/03/2026,ADDVANCED SOLUTIONS COMMUNITY NETWORK
MHS131,People Treated,*,01/01/2026,31/03/2026,ADDVANCED SOLUTIONS COMMUNITY NETWORK
MHS132,RTT Performance Percentage,*,01/01/2026,31/03/2026,ADDVANCED SOLUTIONS COMMUNITY NETWORK
MHS125,People Entering RTT Pathway,*,01/01/2026,31/03/2026,CROSSROADS CARE ROTHERHAM
MHS126,People Waiting,*,01/01/2026,31/03/2026,CROSSROADS CARE ROTHERHAM
MHS131,People Treated,*,01/01/2026,31/03/2026,CROSSROADS CARE ROTHERHAM
MHS132,RTT Performance Percentage,*,01/01/2026,31/03/2026,CROSSROADS CARE ROTHERHAM
MHS125,People Entering RTT Pathway,*,01/01/2026,31/03/2026,HEALIOS LTD
MHS126,People Waiting,*,01/01/2026,31/03/2026,HEALIOS LTD
MHS131,People Treated,35,01/01/2026,31/03/2026,HEALIOS LTD
MHS132,RTT Performance Percentage,75,01/01/2026,31/03/2026,HEALIOS LTD
MHS125,People Entering RTT Pathway,*,01/01/2026,31/03/2026,CPSL MIND LIMITED
MHS126,People Waiting,*,01/01/2026,31/03/2026,CPSL MIND LIMITED
MHS131,People Treated,*,01/01/2026,31/03/2026,CPSL MIND LIMITED
MHS132,RTT Performance Percentage,*,01/01/2026,31/03/2026,CPSL MIND LIMITED
MHS125,People Entering RTT Pathway,*,01/01/2026,31/03/2026,SOLENT MIND
MHS126,People Waiting,*,01/01/2026,31/03/2026,SOLENT MIND
MHS131,People Treated,*,01/01/2026,31/03/2026,SOLENT MIND
MHS132,RTT Performance Percentage,*,01/01/2026,31/03/2026,SOLENT MIND
MHS125,People Entering RTT Pathway,*,01/01/2026,31/03/2026,AGE UK SUTTON
MHS126,People Waiting,*,01/01/2026,31/03/2026,AGE UK SUTTON
MHS131,People Treated,*,01/01/2026,31/03/2026,AGE UK SUTTON
MHS132,RTT Performance Percentage,*,01/01/2026,31/03/2026,AGE UK SUTTON
MHS125,People Entering RTT Pathway,*,01/01/2026,31/03/2026,LIFECRAFT
MHS126,People Waiting,*,01/01/2026,31/03/2026,LIFECRAFT
MHS131,People Treated,*,01/01/2026,31/03/2026,LIFECRAFT
MHS132,RTT Performance Percentage,*,01/01/2026,31/03/2026,LIFECRAFT
MHS125,People Entering RTT Pathway,*,01/01/2026,31/03/2026,NORTH KENT MIND
MHS126,People Waiting,*,01/01/2026,31/03/2026,NORTH KENT MIND
MHS131,People Treated,*,01/01/2026,31/03/2026,NORTH KENT MIND
MHS132,RTT Performance Percentage,*,01/01/2026,31/03/2026,NORTH KENT MIND
MHS125,People Entering RTT Pathway,*,01/01/2026,31/03/2026,ROCHDALE AND DISTRICT MIND
MHS126,People Waiting,*,01/01/2026,31/03/2026,ROCHDALE AND DISTRICT MIND
MHS131,People Treated,*,01/01/2026,31/03/2026,ROCHDALE AND DISTRICT MIND
MHS132,RTT Performance Percentage,*,01/01/2026,31/03/2026,ROCHDALE AND DISTRICT MIND
MHS125,People Entering RTT Pathway,34,01/01/2026,31/03/2026,SUNDERLAND COUNSELLING SERVICE
MHS126,People Waiting,153,01/01/2026,31/03/2026,SUNDERLAND COUNSELLING SERVICE
MHS131,People Treated,3,01/01/2026,31/03/2026,SUNDERLAND COUNSELLING SERVICE
MHS132,RTT Performance Percentage,18,01/01/2026,31/03/2026,SUNDERLAND COUNSELLING SERVICE
MHS125,People Entering RTT Pathway,*,01/01/2026,31/03/2026,EARLY BREAK
MHS126,People Waiting,*,01/01/2026,31/03/2026,EARLY BREAK
MHS131,People Treated,4,01/01/2026,31/03/2026,EARLY BREAK
MHS132,RTT Performance Percentage,21,01/01/2026,31/03/2026,EARLY BREAK
MHS125,People Entering RTT Pathway,*,01/01/2026,31/03/2026,THE WARREN OF HULL LIMITED
MHS126,People Waiting,*,01/01/2026,31/03/2026,THE WARREN OF HULL LIMITED
MHS131,People Treated,*,01/01/2026,31/03/2026,THE WARREN OF HULL LIMITED
MHS132,RTT Performance Percentage,*,01/01/2026,31/03/2026,THE WARREN OF HULL LIMITED
MHS125,People Entering RTT Pathway,86,01/01/2026,31/03/2026,PENTREATH LIMITED
MHS126,People Waiting,158,01/01/2026,31/03/2026,PENTREATH LIMITED
MHS131,People Treated,124,01/01/2026,31/03/2026,PENTREATH LIMITED
MHS132,RTT Performance Percentage,138,01/01/2026,31/03/2026,PENTREATH LIMITED
MHS125,People Entering RTT Pathway,*,01/01/2026,31/03/2026,OFF THE RECORD TWICKENHAM
MHS126,People Waiting,*,01/01/2026,31/03/2026,OFF THE RECORD TWICKENHAM
MHS131,People Treated,*,01/01/2026,31/03/2026,OFF THE RECORD TWICKENHAM
MHS132,RTT Performance Percentage,*,01/01/2026,31/03/2026,OFF THE RECORD TWICKENHAM
MHS125,People Entering RTT Pathway,*,01/01/2026,31/03/2026,VOLUNTARY ACTION ROTHERHAM
MHS126,People Waiting,*,01/01/2026,31/03/2026,VOLUNTARY ACTION ROTHERHAM
MHS131,People Treated,*,01/01/2026,31/03/2026,VOLUNTARY ACTION ROTHERHAM
MHS132,RTT Performance Percentage,*,01/01/2026,31/03/2026,VOLUNTARY ACTION ROTHERHAM
MHS125,People Entering RTT Pathway,*,01/01/2026,31/03/2026,RENEW COUNSELLING LTD
MHS126,People Waiting,*,01/01/2026,31/03/2026,RENEW COUNSELLING LTD
MHS131,People Treated,0,01/01/2026,31/03/2026,RENEW COUNSELLING LTD
MHS132,RTT Performance Percentage,105,01/01/2026,31/03/2026,RENEW COUNSELLING LTD
MHS125,People Entering RTT Pathway,*,01/01/2026,31/03/2026,ISLE OF WIGHT YOUTH TRUST
MHS126,People Waiting,*,01/01/2026,31/03/2026,ISLE OF WIGHT YOUTH TRUST
MHS131,People Treated,82,01/01/2026,31/03/2026,ISLE OF WIGHT YOUTH TRUST
MHS132,RTT Performance Percentage,127,01/01/2026,31/03/2026,ISLE OF WIGHT YOUTH TRUST
MHS125,People Entering RTT Pathway,*,01/01/2026,31/03/2026,LEEDS SURVIVOR LED CRISIS SERVICES
MHS126,People Waiting,*,01/01/2026,31/03/2026,LEEDS SURVIVOR LED CRISIS SERVICES
MHS131,People Treated,0,01/01/2026,31/03/2026,LEEDS SURVIVOR LED CRISIS SERVICES
MHS132,RTT Performance Percentage,0,01/01/2026,31/03/2026,LEEDS SURVIVOR LED CRISIS SERVICES
MHS125,People Entering RTT Pathway,*,01/01/2026,31/03/2026,LET'S TALK WELL
MHS126,People Waiting,*,01/01/2026,31/03/2026,LET'S TALK WELL
MHS131,People Treated,112,01/01/2026,31/03/2026,LET'S TALK WELL
MHS132,RTT Performance Percentage,765,01/01/2026,31/03/2026,LET'S TALK WELL
MHS125,People Entering RTT Pathway,*,01/01/2026,31/03/2026,BROMLEY Y
MHS126,People Waiting,*,01/01/2026,31/03/2026,BROMLEY Y
MHS131,People Treated,20,01/01/2026,31/03/2026,BROMLEY Y
MHS132,RTT Performance Percentage,63,01/01/2026,31/03/2026,BROMLEY Y
MHS125,People Entering RTT Pathway,*,01/01/2026,31/03/2026,THE CHILDRENS SOCIETY
MHS126,People Waiting,*,01/01/2026,31/03/2026,THE CHILDRENS SOCIETY
MHS131,People Treated,4,01/01/2026,31/03/2026,THE CHILDRENS SOCIETY
MHS132,RTT Performance Percentage,709,01/01/2026,31/03/2026,THE CHILDRENS SOCIETY
MHS125,People Entering RTT Pathway,*,01/01/2026,31/03/2026,YOUNG GLOUCESTERSHIRE
MHS126,People Waiting,*,01/01/2026,31/03/2026,YOUNG GLOUCESTERSHIRE
MHS131,People Treated,39,01/01/2026,31/03/2026,YOUNG GLOUCESTERSHIRE
MHS132,RTT Performance Percentage,165,01/01/2026,31/03/2026,YOUNG GLOUCESTERSHIRE
MHS125,People Entering RTT Pathway,*,01/01/2026,31/03/2026,KINGFISHER TREASURE SEEKERS LTD
MHS126,People Waiting,*,01/01/2026,31/03/2026,KINGFISHER TREASURE SEEKERS LTD
MHS131,People Treated,*,01/01/2026,31/03/2026,KINGFISHER TREASURE SEEKERS LTD
MHS132,RTT Performance Percentage,*,01/01/2026,31/03/2026,KINGFISHER TREASURE SEEKERS LTD
MHS125,People Entering RTT Pathway,*,01/01/2026,31/03/2026,TYNESIDE AND NORTHUMBERLAND MIND
MHS126,People Waiting,*,01/01/2026,31/03/2026,TYNESIDE AND NORTHUMBERLAND MIND
MHS131,People Treated,*,01/01/2026,31/03/2026,TYNESIDE AND NORTHUMBERLAND MIND
MHS132,RTT Performance Percentage,*,01/01/2026,31/03/2026,TYNESIDE AND NORTHUMBERLAND MIND
MHS125,People Entering RTT Pathway,*,01/01/2026,31/03/2026,OFF THE RECORD (BRISTOL)
MHS126,People Waiting,*,01/01/2026,31/03/2026,OFF THE RECORD (BRISTOL)
MHS131,People Treated,28,01/01/2026,31/03/2026,OFF THE RECORD (BRISTOL)
MHS132,RTT Performance Percentage,257,01/01/2026,31/03/2026,OFF THE RECORD (BRISTOL)
MHS125,People Entering RTT Pathway,37,01/01/2026,31/03/2026,"OPEN DOOR, YOUNG PEOPLES CONSULTATION SERVICE"
MHS126,People Waiting,98,01/01/2026,31/03/2026,"OPEN DOOR, YOUNG PEOPLES CONSULTATION SERVICE"
MHS131,People Treated,0,01/01/2026,31/03/2026,"OPEN DOOR, YOUNG PEOPLES CONSULTATION SERVICE"
MHS132,RTT Performance Percentage,20,01/01/2026,31/03/2026,"OPEN DOOR, YOUNG PEOPLES CONSULTATION SERVICE"
MHS125,People Entering RTT Pathway,*,01/01/2026,31/03/2026,NORTH EAST COUNSELLING SERVICES
MHS126,People Waiting,*,01/01/2026,31/03/2026,NORTH EAST COUNSELLING SERVICES
MHS131,People Treated,*,01/01/2026,31/03/2026,NORTH EAST COUNSELLING SERVICES
MHS132,RTT Performance Percentage,*,01/01/2026,31/03/2026,NORTH EAST COUNSELLING SERVICES
MHS125,People Entering RTT Pathway,*,01/01/2026,31/03/2026,NO LIMITS
MHS126,People Waiting,*,01/01/2026,31/03/2026,NO LIMITS
MHS131,People Treated,44,01/01/2026,31/03/2026,NO LIMITS
MHS132,RTT Performance Percentage,117,01/01/2026,31/03/2026,NO LIMITS
MHS125,People Entering RTT Pathway,*,01/01/2026,31/03/2026,CHILDREN NORTH EAST
MHS126,People Waiting,*,01/01/2026,31/03/2026,CHILDREN NORTH EAST
MHS131,People Treated,36,01/01/2026,31/03/2026,CHILDREN NORTH EAST
MHS132,RTT Performance Percentage,114,01/01/2026,31/03/2026,CHILDREN NORTH EAST
MHS125,People Entering RTT Pathway,*,01/01/2026,31/03/2026,ROTHERHAM PARENTS FORUM LIMITED
MHS126,People Waiting,*,01/01/2026,31/03/2026,ROTHERHAM PARENTS FORUM LIMITED
MHS131,People Treated,*,01/01/2026,31/03/2026,ROTHERHAM PARENTS FORUM LIMITED
MHS132,RTT Performance Percentage,*,01/01/2026,31/03/2026,ROTHERHAM PARENTS FORUM LIMITED
MHS125,People Entering RTT Pathway,*,01/01/2026,31/03/2026,HOME-START HOST
MHS126,People Waiting,*,01/01/2026,31/03/2026,HOME-START HOST
MHS131,People Treated,*,01/01/2026,31/03/2026,HOME-START HOST
MHS132,RTT Performance Percentage,*,01/01/2026,31/03/2026,HOME-START HOST
MHS125,People Entering RTT Pathway,*,01/01/2026,31/03/2026,"TAMESIDE, OLDHAM, GLOSSOP AND STOCKPORT MIND"
MHS126,People Waiting,*,01/01/2026,31/03/2026,"TAMESIDE, OLDHAM, GLOSSOP AND STOCKPORT MIND"
MHS131,People Treated,0,01/01/2026,31/03/2026,"TAMESIDE, OLDHAM, GLOSSOP AND STOCKPORT MIND"
MHS132,RTT Performance Percentage,34,01/01/2026,31/03/2026,"TAMESIDE, OLDHAM, GLOSSOP AND STOCKPORT MIND"
MHS125,People Entering RTT Pathway,161,01/01/2026,31/03/2026,CENTRE 33
MHS126,People Waiting,267,01/01/2026,31/03/2026,CENTRE 33
MHS131,People Treated,0,01/01/2026,31/03/2026,CENTRE 33
MHS132,RTT Performance Percentage,140,01/01/2026,31/03/2026,CENTRE 33
MHS125,People Entering RTT Pathway,*,01/01/2026,31/03/2026,CHOICES COUNSELLING
MHS126,People Waiting,*,01/01/2026,31/03/2026,CHOICES COUNSELLING
MHS131,People Treated,*,01/01/2026,31/03/2026,CHOICES COUNSELLING
MHS132,RTT Performance Percentage,*,01/01/2026,31/03/2026,CHOICES COUNSELLING
MHS125,People Entering RTT Pathway,*,01/01/2026,31/03/2026,NUTRIUS CENTRAL SERVICES LTD
MHS126,People Waiting,*,01/01/2026,31/03/2026,NUTRIUS CENTRAL SERVICES LTD
MHS131,People Treated,95,01/01/2026,31/03/2026,NUTRIUS CENTRAL SERVICES LTD
MHS132,RTT Performance Percentage,170,01/01/2026,31/03/2026,NUTRIUS CENTRAL SERVICES LTD
MHS125,People Entering RTT Pathway,*,01/01/2026,31/03/2026,SHEFFIELD FUTURES
MHS126,People Waiting,*,01/01/2026,31/03/2026,SHEFFIELD FUTURES
MHS131,People Treated,*,01/01/2026,31/03/2026,SHEFFIELD FUTURES
MHS132,RTT Performance Percentage,*,01/01/2026,31/03/2026,SHEFFIELD FUTURES
MHS125,People Entering RTT Pathway,10,01/01/2026,31/03/2026,HEALTHY LIFESTYLE SOLUTIONS CIC
MHS126,People Waiting,43,01/01/2026,31/03/2026,HEALTHY LIFESTYLE SOLUTIONS CIC
MHS131,People Treated,*,01/01/2026,31/03/2026,HEALTHY LIFESTYLE SOLUTIONS CIC
MHS132,RTT Performance Percentage,*,01/01/2026,31/03/2026,HEALTHY LIFESTYLE SOLUTIONS CIC
MHS125,People Entering RTT Pathway,*,01/01/2026,31/03/2026,WOMANKIND
MHS126,People Waiting,*,01/01/2026,31/03/2026,WOMANKIND
MHS131,People Treated,*,01/01/2026,31/03/2026,WOMANKIND
MHS132,RTT Performance Percentage,*,01/01/2026,31/03/2026,WOMANKIND
MHS125,People Entering RTT Pathway,43,01/01/2026,31/03/2026,NHS NORTH EAST AND NORTH CUMBRIA ICB - 00L
MHS126,People Waiting,126,01/01/2026,31/03/2026,NHS NORTH EAST AND NORTH CUMBRIA ICB - 00L
MHS131,People Treated,17,01/01/2026,31/03/2026,NHS NORTH EAST AND NORTH CUMBRIA ICB - 00L
MHS132,RTT Performance Percentage,126,01/01/2026,31/03/2026,NHS NORTH EAST AND NORTH CUMBRIA ICB - 00L
MHS125,People Entering RTT Pathway,45,01/01/2026,31/03/2026,NHS NORTH EAST AND NORTH CUMBRIA ICB - 00N
MHS126,People Waiting,132,01/01/2026,31/03/2026,NHS NORTH EAST AND NORTH CUMBRIA ICB - 00N
MHS131,People Treated,23,01/01/2026,31/03/2026,NHS NORTH EAST AND NORTH CUMBRIA ICB - 00N
MHS132,RTT Performance Percentage,244,01/01/2026,31/03/2026,NHS NORTH EAST AND NORTH CUMBRIA ICB - 00N
MHS125,People Entering RTT Pathway,58,01/01/2026,31/03/2026,NHS NORTH EAST AND NORTH CUMBRIA ICB - 00P
MHS126,People Waiting,153,01/01/2026,31/03/2026,NHS NORTH EAST AND NORTH CUMBRIA ICB - 00P
MHS131,People Treated,18,01/01/2026,31/03/2026,NHS NORTH EAST AND NORTH CUMBRIA ICB - 00P
MHS132,RTT Performance Percentage,84,01/01/2026,31/03/2026,NHS NORTH EAST AND NORTH CUMBRIA ICB - 00P
MHS125,People Entering RTT Pathway,29,01/01/2026,31/03/2026,NHS LANCASHIRE AND SOUTH CUMBRIA ICB - 00Q
MHS126,People Waiting,142,01/01/2026,31/03/2026,NHS LANCASHIRE AND SOUTH CUMBRIA ICB - 00Q
MHS131,People Treated,8,01/01/2026,31/03/2026,NHS LANCASHIRE AND SOUTH CUMBRIA ICB - 00Q
MHS132,RTT Performance Percentage,47,01/01/2026,31/03/2026,NHS LANCASHIRE AND SOUTH CUMBRIA ICB - 00Q
MHS125,People Entering RTT Pathway,58,01/01/2026,31/03/2026,NHS LANCASHIRE AND SOUTH CUMBRIA ICB - 00R
MHS126,People Waiting,547,01/01/2026,31/03/2026,NHS LANCASHIRE AND SOUTH CUMBRIA ICB - 00R
MHS131,People Treated,10,01/01/2026,31/03/2026,NHS LANCASHIRE AND SOUTH CUMBRIA ICB - 00R
MHS132,RTT Performance Percentage,67,01/01/2026,31/03/2026,NHS LANCASHIRE AND SOUTH CUMBRIA ICB - 00R
MHS125,People Entering RTT Pathway,26,01/01/2026,31/03/2026,NHS GREATER MANCHESTER ICB - 00T
MHS126,People Waiting,87,01/01/2026,31/03/2026,NHS GREATER MANCHESTER ICB - 00T
MHS131,People Treated,1,01/01/2026,31/03/2026,NHS GREATER MANCHESTER ICB - 00T
MHS132,RTT Performance Percentage,13,01/01/2026,31/03/2026,NHS GREATER MANCHESTER ICB - 00T
MHS125,People Entering RTT Pathway,41,01/01/2026,31/03/2026,NHS GREATER MANCHESTER ICB - 00V
MHS126,People Waiting,205,01/01/2026,31/03/2026,NHS GREATER MANCHESTER ICB - 00V
MHS131,People Treated,4,01/01/2026,31/03/2026,NHS GREATER MANCHESTER ICB - 00V
MHS132,RTT Performance Percentage,337,01/01/2026,31/03/2026,NHS GREATER MANCHESTER ICB - 00V
MHS125,People Entering RTT Pathway,48,01/01/2026,31/03/2026,NHS LANCASHIRE AND SOUTH CUMBRIA ICB - 00X
MHS126,People Waiting,221,01/01/2026,31/03/2026,NHS LANCASHIRE AND SOUTH CUMBRIA ICB - 00X
MHS131,People Treated,13,01/01/2026,31/03/2026,NHS LANCASHIRE AND SOUTH CUMBRIA ICB - 00X
MHS132,RTT Performance Percentage,246,01/01/2026,31/03/2026,NHS LANCASHIRE AND SOUTH CUMBRIA ICB - 00X
MHS125,People Entering RTT Pathway,36,01/01/2026,31/03/2026,NHS GREATER MANCHESTER ICB - 00Y
MHS126,People Waiting,144,01/01/2026,31/03/2026,NHS GREATER MANCHESTER ICB - 00Y
MHS131,People Treated,7,01/01/2026,31/03/2026,NHS GREATER MANCHESTER ICB - 00Y
MHS132,RTT Performance Percentage,162,01/01/2026,31/03/2026,NHS GREATER MANCHESTER ICB - 00Y
MHS125,People Entering RTT Pathway,37,01/01/2026,31/03/2026,NHS LANCASHIRE AND SOUTH CUMBRIA ICB - 01A
MHS126,People Waiting,147,01/01/2026,31/03/2026,NHS LANCASHIRE AND SOUTH CUMBRIA ICB - 01A
MHS131,People Treated,11,01/01/2026,31/03/2026,NHS LANCASHIRE AND SOUTH CUMBRIA ICB - 01A
MHS132,RTT Performance Percentage,43,01/01/2026,31/03/2026,NHS LANCASHIRE AND SOUTH CUMBRIA ICB - 01A
MHS125,People Entering RTT Pathway,28,01/01/2026,31/03/2026,NHS GREATER MANCHESTER ICB - 01D
MHS126,People Waiting,133,01/01/2026,31/03/2026,NHS GREATER MANCHESTER ICB - 01D
MHS131,People Treated,2,01/01/2026,31/03/2026,NHS GREATER MANCHESTER ICB - 01D
MHS132,RTT Performance Percentage,130,01/01/2026,31/03/2026,NHS GREATER MANCHESTER ICB - 01D
MHS125,People Entering RTT Pathway,66,01/01/2026,31/03/2026,NHS LANCASHIRE AND SOUTH CUMBRIA ICB - 01E
MHS126,People Waiting,238,01/01/2026,31/03/2026,NHS LANCASHIRE AND SOUTH CUMBRIA ICB - 01E
MHS131,People Treated,7,01/01/2026,31/03/2026,NHS LANCASHIRE AND SOUTH CUMBRIA ICB - 01E
MHS132,RTT Performance Percentage,198,01/01/2026,31/03/2026,NHS LANCASHIRE AND SOUTH CUMBRIA ICB - 01E
MHS125,People Entering RTT Pathway,20,01/01/2026,31/03/2026,NHS CHESHIRE AND MERSEYSIDE ICB - 01F
MHS126,People Waiting,57,01/01/2026,31/03/2026,NHS CHESHIRE AND MERSEYSIDE ICB - 01F
MHS131,People Treated,7,01/01/2026,31/03/2026,NHS CHESHIRE AND MERSEYSIDE ICB - 01F
MHS132,RTT Performance Percentage,34,01/01/2026,31/03/2026,NHS CHESHIRE AND MERSEYSIDE ICB - 01F
MHS125,People Entering RTT Pathway,56,01/01/2026,31/03/2026,NHS GREATER MANCHESTER ICB - 01G
MHS126,People Waiting,181,01/01/2026,31/03/2026,NHS GREATER MANCHESTER ICB - 01G
MHS131,People Treated,6,01/01/2026,31/03/2026,NHS GREATER MANCHESTER ICB - 01G
MHS132,RTT Performance Percentage,193,01/01/2026,31/03/2026,NHS GREATER MANCHESTER ICB - 01G
MHS125,People Entering RTT Pathway,62,01/01/2026,31/03/2026,NHS NORTH EAST AND NORTH CUMBRIA ICB - 01H
MHS126,People Waiting,242,01/01/2026,31/03/2026,NHS NORTH EAST AND NORTH CUMBRIA ICB - 01H
MHS131,People Treated,14,01/01/2026,31/03/2026,NHS NORTH EAST AND NORTH CUMBRIA ICB - 01H
MHS132,RTT Performance Percentage,161,01/01/2026,31/03/2026,NHS NORTH EAST AND NORTH CUMBRIA ICB - 01H
MHS125,People Entering RTT Pathway,31,01/01/2026,31/03/2026,NHS CHESHIRE AND MERSEYSIDE ICB - 01J
MHS126,People Waiting,128,01/01/2026,31/03/2026,NHS CHESHIRE AND MERSEYSIDE ICB - 01J
MHS131,People Treated,9,01/01/2026,31/03/2026,NHS CHESHIRE AND MERSEYSIDE ICB - 01J
MHS132,RTT Performance Percentage,237,01/01/2026,31/03/2026,NHS CHESHIRE AND MERSEYSIDE ICB - 01J
MHS125,People Entering RTT Pathway,73,01/01/2026,31/03/2026,NHS LANCASHIRE AND SOUTH CUMBRIA ICB - 01K
MHS126,People Waiting,293,01/01/2026,31/03/2026,NHS LANCASHIRE AND SOUTH CUMBRIA ICB - 01K
MHS131,People Treated,21,01/01/2026,31/03/2026,NHS LANCASHIRE AND SOUTH CUMBRIA ICB - 01K
MHS132,RTT Performance Percentage,651,01/01/2026,31/03/2026,NHS LANCASHIRE AND SOUTH CUMBRIA ICB - 01K
MHS125,People Entering RTT Pathway,23,01/01/2026,31/03/2026,NHS CHESHIRE AND MERSEYSIDE ICB - 01T
MHS126,People Waiting,112,01/01/2026,31/03/2026,NHS CHESHIRE AND MERSEYSIDE ICB - 01T
MHS131,People Treated,21,01/01/2026,31/03/2026,NHS CHESHIRE AND MERSEYSIDE ICB - 01T
MHS132,RTT Performance Percentage,104,01/01/2026,31/03/2026,NHS CHESHIRE AND MERSEYSIDE ICB - 01T
MHS125,People Entering RTT Pathway,58,01/01/2026,31/03/2026,NHS CHESHIRE AND MERSEYSIDE ICB - 01V
MHS126,People Waiting,198,01/01/2026,31/03/2026,NHS CHESHIRE AND MERSEYSIDE ICB - 01V
MHS131,People Treated,15,01/01/2026,31/03/2026,NHS CHESHIRE AND MERSEYSIDE ICB - 01V
MHS132,RTT Performance Percentage,84,01/01/2026,31/03/2026,NHS CHESHIRE AND MERSEYSIDE ICB - 01V
MHS125,People Entering RTT Pathway,33,01/01/2026,31/03/2026,NHS GREATER MANCHESTER ICB - 01W
MHS126,People Waiting,160,01/01/2026,31/03/2026,NHS GREATER MANCHESTER ICB - 01W
MHS131,People Treated,3,01/01/2026,31/03/2026,NHS GREATER MANCHESTER ICB - 01W
MHS132,RTT Performance Percentage,142,01/01/2026,31/03/2026,NHS GREATER MANCHESTER ICB - 01W
MHS125,People Entering RTT Pathway,35,01/01/2026,31/03/2026,NHS CHESHIRE AND MERSEYSIDE ICB - 01X
MHS126,People Waiting,97,01/01/2026,31/03/2026,NHS CHESHIRE AND MERSEYSIDE ICB - 01X
MHS131,People Treated,13,01/01/2026,31/03/2026,NHS CHESHIRE AND MERSEYSIDE ICB - 01X
MHS132,RTT Performance Percentage,40,01/01/2026,31/03/2026,NHS CHESHIRE AND MERSEYSIDE ICB - 01X
MHS125,People Entering RTT Pathway,59,01/01/2026,31/03/2026,NHS GREATER MANCHESTER ICB - 01Y
MHS126,People Waiting,175,01/01/2026,31/03/2026,NHS GREATER MANCHESTER ICB - 01Y
MHS131,People Treated,3,01/01/2026,31/03/2026,NHS GREATER MANCHESTER ICB - 01Y
MHS132,RTT Performance Percentage,145,01/01/2026,31/03/2026,NHS GREATER MANCHESTER ICB - 01Y
MHS125,People Entering RTT Pathway,36,01/01/2026,31/03/2026,NHS GREATER MANCHESTER ICB - 02A
MHS126,People Waiting,124,01/01/2026,31/03/2026,NHS GREATER MANCHESTER ICB - 02A
MHS131,People Treated,11,01/01/2026,31/03/2026,NHS GREATER MANCHESTER ICB - 02A
MHS132,RTT Performance Percentage,107,01/01/2026,31/03/2026,NHS GREATER MANCHESTER ICB - 02A
MHS125,People Entering RTT Pathway,22,01/01/2026,31/03/2026,NHS CHESHIRE AND MERSEYSIDE ICB - 02E
MHS126,People Waiting,157,01/01/2026,31/03/2026,NHS CHESHIRE AND MERSEYSIDE ICB - 02E
MHS131,People Treated,0,01/01/2026,31/03/2026,NHS CHESHIRE AND MERSEYSIDE ICB - 02E
MHS132,RTT Performance Percentage,26,01/01/2026,31/03/2026,NHS CHESHIRE AND MERSEYSIDE ICB - 02E
MHS125,People Entering RTT Pathway,71,01/01/2026,31/03/2026,NHS LANCASHIRE AND SOUTH CUMBRIA ICB - 02G
MHS126,People Waiting,230,01/01/2026,31/03/2026,NHS LANCASHIRE AND SOUTH CUMBRIA ICB - 02G
MHS131,People Treated,9,01/01/2026,31/03/2026,NHS LANCASHIRE AND SOUTH CUMBRIA ICB - 02G
MHS132,RTT Performance Percentage,290,01/01/2026,31/03/2026,NHS LANCASHIRE AND SOUTH CUMBRIA ICB - 02G
MHS125,People Entering RTT Pathway,25,01/01/2026,31/03/2026,NHS GREATER MANCHESTER ICB - 02H
MHS126,People Waiting,101,01/01/2026,31/03/2026,NHS GREATER MANCHESTER ICB - 02H
MHS131,People Treated,1,01/01/2026,31/03/2026,NHS GREATER MANCHESTER ICB - 02H
MHS132,RTT Performance Percentage,53,01/01/2026,31/03/2026,NHS GREATER MANCHESTER ICB - 02H
MHS125,People Entering RTT Pathway,66,01/01/2026,31/03/2026,NHS LANCASHIRE AND SOUTH CUMBRIA ICB - 02M
MHS126,People Waiting,335,01/01/2026,31/03/2026,NHS LANCASHIRE AND SOUTH CUMBRIA ICB - 02M
MHS131,People Treated,15,01/01/2026,31/03/2026,NHS LANCASHIRE AND SOUTH CUMBRIA ICB - 02M
MHS132,RTT Performance Percentage,236,01/01/2026,31/03/2026,NHS LANCASHIRE AND SOUTH CUMBRIA ICB - 02M
MHS125,People Entering RTT Pathway,34,01/01/2026,31/03/2026,NHS SOUTH YORKSHIRE ICB - 02P
MHS126,People Waiting,122,01/01/2026,31/03/2026,NHS SOUTH YORKSHIRE ICB - 02P
MHS131,People Treated,15,01/01/2026,31/03/2026,NHS SOUTH YORKSHIRE ICB - 02P
MHS132,RTT Performance Percentage,134,01/01/2026,31/03/2026,NHS SOUTH YORKSHIRE ICB - 02P
MHS125,People Entering RTT Pathway,58,01/01/2026,31/03/2026,NHS NOTTINGHAM AND NOTTINGHAMSHIRE ICB - 02Q
MHS126,People Waiting,175,01/01/2026,31/03/2026,NHS NOTTINGHAM AND NOTTINGHAMSHIRE ICB - 02Q
MHS131,People Treated,14,01/01/2026,31/03/2026,NHS NOTTINGHAM AND NOTTINGHAMSHIRE ICB - 02Q
MHS132,RTT Performance Percentage,122,01/01/2026,31/03/2026,NHS NOTTINGHAM AND NOTTINGHAMSHIRE ICB - 02Q
MHS125,People Entering RTT Pathway,16,01/01/2026,31/03/2026,NHS WEST YORKSHIRE ICB - 02T
MHS126,People Waiting,126,01/01/2026,31/03/2026,NHS WEST YORKSHIRE ICB - 02T
MHS131,People Treated,29,01/01/2026,31/03/2026,NHS WEST YORKSHIRE ICB - 02T
MHS132,RTT Performance Percentage,537,01/01/2026,31/03/2026,NHS WEST YORKSHIRE ICB - 02T
MHS125,People Entering RTT Pathway,22,01/01/2026,31/03/2026,NHS SOUTH YORKSHIRE ICB - 02X
MHS126,People Waiting,80,01/01/2026,31/03/2026,NHS SOUTH YORKSHIRE ICB - 02X
MHS131,People Treated,0,01/01/2026,31/03/2026,NHS SOUTH YORKSHIRE ICB - 02X
MHS132,RTT Performance Percentage,242,01/01/2026,31/03/2026,NHS SOUTH YORKSHIRE ICB - 02X
MHS125,People Entering RTT Pathway,34,01/01/2026,31/03/2026,NHS HUMBER AND NORTH YORKSHIRE ICB - 02Y
MHS126,People Waiting,123,01/01/2026,31/03/2026,NHS HUMBER AND NORTH YORKSHIRE ICB - 02Y
MHS131,People Treated,26,01/01/2026,31/03/2026,NHS HUMBER AND NORTH YORKSHIRE ICB - 02Y
MHS132,RTT Performance Percentage,277,01/01/2026,31/03/2026,NHS HUMBER AND NORTH YORKSHIRE ICB - 02Y
MHS125,People Entering RTT Pathway,48,01/01/2026,31/03/2026,NHS HUMBER AND NORTH YORKSHIRE ICB - 03F
MHS126,People Waiting,177,01/01/2026,31/03/2026,NHS HUMBER AND NORTH YORKSHIRE ICB - 03F
MHS131,People Treated,21,01/01/2026,31/03/2026,NHS HUMBER AND NORTH YORKSHIRE ICB - 03F
MHS132,RTT Performance Percentage,502,01/01/2026,31/03/2026,NHS HUMBER AND NORTH YORKSHIRE ICB - 03F
MHS125,People Entering RTT Pathway,36,01/01/2026,31/03/2026,NHS HUMBER AND NORTH YORKSHIRE ICB - 03H
MHS126,People Waiting,216,01/01/2026,31/03/2026,NHS HUMBER AND NORTH YORKSHIRE ICB - 03H
MHS131,People Treated,14,01/01/2026,31/03/2026,NHS HUMBER AND NORTH YORKSHIRE ICB - 03H
MHS132,RTT Performance Percentage,58,01/01/2026,31/03/2026,NHS HUMBER AND NORTH YORKSHIRE ICB - 03H
MHS125,People Entering RTT Pathway,15,01/01/2026,31/03/2026,NHS HUMBER AND NORTH YORKSHIRE ICB - 03K
MHS126,People Waiting,329,01/01/2026,31/03/2026,NHS HUMBER AND NORTH YORKSHIRE ICB - 03K
MHS131,People Treated,6,01/01/2026,31/03/2026,NHS HUMBER AND NORTH YORKSHIRE ICB - 03K
MHS132,RTT Performance Percentage,552,01/01/2026,31/03/2026,NHS HUMBER AND NORTH YORKSHIRE ICB - 03K
MHS125,People Entering RTT Pathway,41,01/01/2026,31/03/2026,NHS SOUTH YORKSHIRE ICB - 03L
MHS126,People Waiting,209,01/01/2026,31/03/2026,NHS SOUTH YORKSHIRE ICB - 03L
MHS131,People Treated,7,01/01/2026,31/03/2026,NHS SOUTH YORKSHIRE ICB - 03L
MHS132,RTT Performance Percentage,923,01/01/2026,31/03/2026,NHS SOUTH YORKSHIRE ICB - 03L
MHS125,People Entering RTT Pathway,79,01/01/2026,31/03/2026,NHS SOUTH YORKSHIRE ICB - 03N
MHS126,People Waiting,211,01/01/2026,31/03/2026,NHS SOUTH YORKSHIRE ICB - 03N
MHS131,People Treated,7,01/01/2026,31/03/2026,NHS SOUTH YORKSHIRE ICB - 03N
MHS132,RTT Performance Percentage,187,01/01/2026,31/03/2026,NHS SOUTH YORKSHIRE ICB - 03N
MHS125,People Entering RTT Pathway,34,01/01/2026,31/03/2026,NHS HUMBER AND NORTH YORKSHIRE ICB - 03Q
MHS126,People Waiting,164,01/01/2026,31/03/2026,NHS HUMBER AND NORTH YORKSHIRE ICB - 03Q
MHS131,People Treated,0,01/01/2026,31/03/2026,NHS HUMBER AND NORTH YORKSHIRE ICB - 03Q
MHS132,RTT Performance Percentage,36,01/01/2026,31/03/2026,NHS HUMBER AND NORTH YORKSHIRE ICB - 03Q
MHS125,People Entering RTT Pathway,24,01/01/2026,31/03/2026,NHS WEST YORKSHIRE ICB - 03R
MHS126,People Waiting,115,01/01/2026,31/03/2026,NHS WEST YORKSHIRE ICB - 03R
MHS131,People Treated,10,01/01/2026,31/03/2026,NHS WEST YORKSHIRE ICB - 03R
MHS132,RTT Performance Percentage,95,01/01/2026,31/03/2026,NHS WEST YORKSHIRE ICB - 03R
MHS125,People Entering RTT Pathway,62,01/01/2026,31/03/2026,"NHS LEICESTER, LEICESTERSHIRE AND RUTLAND ICB - 03W"
MHS126,People Waiting,470,01/01/2026,31/03/2026,"NHS LEICESTER, LEICESTERSHIRE AND RUTLAND ICB - 03W"
MHS131,People Treated,2,01/01/2026,31/03/2026,"NHS LEICESTER, LEICESTERSHIRE AND RUTLAND ICB - 03W"
MHS132,RTT Performance Percentage,251,01/01/2026,31/03/2026,"NHS LEICESTER, LEICESTERSHIRE AND RUTLAND ICB - 03W"
MHS125,People Entering RTT Pathway,42,01/01/2026,31/03/2026,"NHS LEICESTER, LEICESTERSHIRE AND RUTLAND ICB - 04C"
MHS126,People Waiting,478,01/01/2026,31/03/2026,"NHS LEICESTER, LEICESTERSHIRE AND RUTLAND ICB - 04C"
MHS131,People Treated,1,01/01/2026,31/03/2026,"NHS LEICESTER, LEICESTERSHIRE AND RUTLAND ICB - 04C"
MHS132,RTT Performance Percentage,105,01/01/2026,31/03/2026,"NHS LEICESTER, LEICESTERSHIRE AND RUTLAND ICB - 04C"
MHS125,People Entering RTT Pathway,35,01/01/2026,31/03/2026,"NHS LEICESTER, LEICESTERSHIRE AND RUTLAND ICB - 04V"
MHS126,People Waiting,326,01/01/2026,31/03/2026,"NHS LEICESTER, LEICESTERSHIRE AND RUTLAND ICB - 04V"
MHS131,People Treated,4,01/01/2026,31/03/2026,"NHS LEICESTER, LEICESTERSHIRE AND RUTLAND ICB - 04V"
MHS132,RTT Performance Percentage,224,01/01/2026,31/03/2026,"NHS LEICESTER, LEICESTERSHIRE AND RUTLAND ICB - 04V"
MHS125,People Entering RTT Pathway,39,01/01/2026,31/03/2026,NHS STAFFORDSHIRE AND STOKE-ON-TRENT ICB - 04Y
MHS126,People Waiting,161,01/01/2026,31/03/2026,NHS STAFFORDSHIRE AND STOKE-ON-TRENT ICB - 04Y
MHS131,People Treated,18,01/01/2026,31/03/2026,NHS STAFFORDSHIRE AND STOKE-ON-TRENT ICB - 04Y
MHS132,RTT Performance Percentage,204,01/01/2026,31/03/2026,NHS STAFFORDSHIRE AND STOKE-ON-TRENT ICB - 04Y
MHS125,People Entering RTT Pathway,28,01/01/2026,31/03/2026,NHS STAFFORDSHIRE AND STOKE-ON-TRENT ICB - 05D
MHS126,People Waiting,133,01/01/2026,31/03/2026,NHS STAFFORDSHIRE AND STOKE-ON-TRENT ICB - 05D
MHS131,People Treated,15,01/01/2026,31/03/2026,NHS STAFFORDSHIRE AND STOKE-ON-TRENT ICB - 05D
MHS132,RTT Performance Percentage,139,01/01/2026,31/03/2026,NHS STAFFORDSHIRE AND STOKE-ON-TRENT ICB - 05D
MHS125,People Entering RTT Pathway,26,01/01/2026,31/03/2026,NHS STAFFORDSHIRE AND STOKE-ON-TRENT ICB - 05G
MHS126,People Waiting,165,01/01/2026,31/03/2026,NHS STAFFORDSHIRE AND STOKE-ON-TRENT ICB - 05G
MHS131,People Treated,7,01/01/2026,31/03/2026,NHS STAFFORDSHIRE AND STOKE-ON-TRENT ICB - 05G
MHS132,RTT Performance Percentage,147,01/01/2026,31/03/2026,NHS STAFFORDSHIRE AND STOKE-ON-TRENT ICB - 05G
MHS125,People Entering RTT Pathway,39,01/01/2026,31/03/2026,NHS STAFFORDSHIRE AND STOKE-ON-TRENT ICB - 05Q
MHS126,People Waiting,148,01/01/2026,31/03/2026,NHS STAFFORDSHIRE AND STOKE-ON-TRENT ICB - 05Q
MHS131,People Treated,17,01/01/2026,31/03/2026,NHS STAFFORDSHIRE AND STOKE-ON-TRENT ICB - 05Q
MHS132,RTT Performance Percentage,120,01/01/2026,31/03/2026,NHS STAFFORDSHIRE AND STOKE-ON-TRENT ICB - 05Q
MHS125,People Entering RTT Pathway,34,01/01/2026,31/03/2026,NHS STAFFORDSHIRE AND STOKE-ON-TRENT ICB - 05V
MHS126,People Waiting,142,01/01/2026,31/03/2026,NHS STAFFORDSHIRE AND STOKE-ON-TRENT ICB - 05V
MHS131,People Treated,16,01/01/2026,31/03/2026,NHS STAFFORDSHIRE AND STOKE-ON-TRENT ICB - 05V
MHS132,RTT Performance Percentage,98,01/01/2026,31/03/2026,NHS STAFFORDSHIRE AND STOKE-ON-TRENT ICB - 05V
MHS125,People Entering RTT Pathway,19,01/01/2026,31/03/2026,NHS STAFFORDSHIRE AND STOKE-ON-TRENT ICB - 05W
MHS126,People Waiting,138,01/01/2026,31/03/2026,NHS STAFFORDSHIRE AND STOKE-ON-TRENT ICB - 05W
MHS131,People Treated,6,01/01/2026,31/03/2026,NHS STAFFORDSHIRE AND STOKE-ON-TRENT ICB - 05W
MHS132,RTT Performance Percentage,84,01/01/2026,31/03/2026,NHS STAFFORDSHIRE AND STOKE-ON-TRENT ICB - 05W
MHS125,People Entering RTT Pathway,29,01/01/2026,31/03/2026,NHS CAMBRIDGESHIRE AND PETERBOROUGH ICB - 06H
MHS126,People Waiting,110,01/01/2026,31/03/2026,NHS CAMBRIDGESHIRE AND PETERBOROUGH ICB - 06H
MHS131,People Treated,30,01/01/2026,31/03/2026,NHS CAMBRIDGESHIRE AND PETERBOROUGH ICB - 06H
MHS132,RTT Performance Percentage,267,01/01/2026,31/03/2026,NHS CAMBRIDGESHIRE AND PETERBOROUGH ICB - 06H
MHS125,People Entering RTT Pathway,27,01/01/2026,31/03/2026,NHS HERTFORDSHIRE AND WEST ESSEX ICB - 06K
MHS126,People Waiting,138,01/01/2026,31/03/2026,NHS HERTFORDSHIRE AND WEST ESSEX ICB - 06K
MHS131,People Treated,11,01/01/2026,31/03/2026,NHS HERTFORDSHIRE AND WEST ESSEX ICB - 06K
MHS132,RTT Performance Percentage,76,01/01/2026,31/03/2026,NHS HERTFORDSHIRE AND WEST ESSEX ICB - 06K
MHS125,People Entering RTT Pathway,23,01/01/2026,31/03/2026,NHS SUFFOLK AND NORTH EAST ESSEX ICB - 06L
MHS126,People Waiting,77,01/01/2026,31/03/2026,NHS SUFFOLK AND NORTH EAST ESSEX ICB - 06L
MHS131,People Treated,57,01/01/2026,31/03/2026,NHS SUFFOLK AND NORTH EAST ESSEX ICB - 06L
MHS132,RTT Performance Percentage,1073,01/01/2026,31/03/2026,NHS SUFFOLK AND NORTH EAST ESSEX ICB - 06L
MHS125,People Entering RTT Pathway,28,01/01/2026,31/03/2026,NHS HERTFORDSHIRE AND WEST ESSEX ICB - 06N
MHS126,People Waiting,195,01/01/2026,31/03/2026,NHS HERTFORDSHIRE AND WEST ESSEX ICB - 06N
MHS131,People Treated,14,01/01/2026,31/03/2026,NHS HERTFORDSHIRE AND WEST ESSEX ICB - 06N
MHS132,RTT Performance Percentage,395,01/01/2026,31/03/2026,NHS HERTFORDSHIRE AND WEST ESSEX ICB - 06N
MHS125,People Entering RTT Pathway,66,01/01/2026,31/03/2026,NHS MID AND SOUTH ESSEX ICB - 06Q
MHS126,People Waiting,159,01/01/2026,31/03/2026,NHS MID AND SOUTH ESSEX ICB - 06Q
MHS131,People Treated,12,01/01/2026,31/03/2026,NHS MID AND SOUTH ESSEX ICB - 06Q
MHS132,RTT Performance Percentage,84,01/01/2026,31/03/2026,NHS MID AND SOUTH ESSEX ICB - 06Q
MHS125,People Entering RTT Pathway,42,01/01/2026,31/03/2026,NHS SUFFOLK AND NORTH EAST ESSEX ICB - 06T
MHS126,People Waiting,187,01/01/2026,31/03/2026,NHS SUFFOLK AND NORTH EAST ESSEX ICB - 06T
MHS131,People Treated,3,01/01/2026,31/03/2026,NHS SUFFOLK AND NORTH EAST ESSEX ICB - 06T
MHS132,RTT Performance Percentage,61,01/01/2026,31/03/2026,NHS SUFFOLK AND NORTH EAST ESSEX ICB - 06T
MHS125,People Entering RTT Pathway,33,01/01/2026,31/03/2026,NHS MID AND SOUTH ESSEX ICB - 07G
MHS126,People Waiting,177,01/01/2026,31/03/2026,NHS MID AND SOUTH ESSEX ICB - 07G
MHS131,People Treated,12,01/01/2026,31/03/2026,NHS MID AND SOUTH ESSEX ICB - 07G
MHS132,RTT Performance Percentage,75,01/01/2026,31/03/2026,NHS MID AND SOUTH ESSEX ICB - 07G
MHS125,People Entering RTT Pathway,28,01/01/2026,31/03/2026,NHS HERTFORDSHIRE AND WEST ESSEX ICB - 07H
MHS126,People Waiting,85,01/01/2026,31/03/2026,NHS HERTFORDSHIRE AND WEST ESSEX ICB - 07H
MHS131,People Treated,12,01/01/2026,31/03/2026,NHS HERTFORDSHIRE AND WEST ESSEX ICB - 07H
MHS132,RTT Performance Percentage,62,01/01/2026,31/03/2026,NHS HERTFORDSHIRE AND WEST ESSEX ICB - 07H
MHS125,People Entering RTT Pathway,37,01/01/2026,31/03/2026,NHS SUFFOLK AND NORTH EAST ESSEX ICB - 07K
MHS126,People Waiting,152,01/01/2026,31/03/2026,NHS SUFFOLK AND NORTH EAST ESSEX ICB - 07K
MHS131,People Treated,53,01/01/2026,31/03/2026,NHS SUFFOLK AND NORTH EAST ESSEX ICB - 07K
MHS132,RTT Performance Percentage,1067,01/01/2026,31/03/2026,NHS SUFFOLK AND NORTH EAST ESSEX ICB - 07K
MHS125,People Entering RTT Pathway,60,01/01/2026,31/03/2026,NHS SUSSEX ICB - 09D
MHS126,People Waiting,206,01/01/2026,31/03/2026,NHS SUSSEX ICB - 09D
MHS131,People Treated,106,01/01/2026,31/03/2026,NHS SUSSEX ICB - 09D
MHS132,RTT Performance Percentage,364,01/01/2026,31/03/2026,NHS SUSSEX ICB - 09D
MHS125,People Entering RTT Pathway,22,01/01/2026,31/03/2026,"NHS BUCKINGHAMSHIRE, OXFORDSHIRE AND BERKSHIRE WEST ICB - 10Q"
MHS126,People Waiting,190,01/01/2026,31/03/2026,"NHS BUCKINGHAMSHIRE, OXFORDSHIRE AND BERKSHIRE WEST ICB - 10Q"
MHS131,People Treated,14,01/01/2026,31/03/2026,"NHS BUCKINGHAMSHIRE, OXFORDSHIRE AND BERKSHIRE WEST ICB - 10Q"
MHS132,RTT Performance Percentage,345,01/01/2026,31/03/2026,"NHS BUCKINGHAMSHIRE, OXFORDSHIRE AND BERKSHIRE WEST ICB - 10Q"
MHS125,People Entering RTT Pathway,38,01/01/2026,31/03/2026,NHS HAMPSHIRE AND ISLE OF WIGHT ICB - 10R
MHS126,People Waiting,135,01/01/2026,31/03/2026,NHS HAMPSHIRE AND ISLE OF WIGHT ICB - 10R
MHS131,People Treated,1,01/01/2026,31/03/2026,NHS HAMPSHIRE AND ISLE OF WIGHT ICB - 10R
MHS132,RTT Performance Percentage,63,01/01/2026,31/03/2026,NHS HAMPSHIRE AND ISLE OF WIGHT ICB - 10R
MHS125,People Entering RTT Pathway,33,01/01/2026,31/03/2026,NHS DORSET ICB - 11J
MHS126,People Waiting,173,01/01/2026,31/03/2026,NHS DORSET ICB - 11J
MHS131,People Treated,21,01/01/2026,31/03/2026,NHS DORSET ICB - 11J
MHS132,RTT Performance Percentage,114,01/01/2026,31/03/2026,NHS DORSET ICB - 11J
MHS125,People Entering RTT Pathway,53,01/01/2026,31/03/2026,NHS GLOUCESTERSHIRE ICB - 11M
MHS126,People Waiting,141,01/01/2026,31/03/2026,NHS GLOUCESTERSHIRE ICB - 11M
MHS131,People Treated,49,01/01/2026,31/03/2026,NHS GLOUCESTERSHIRE ICB - 11M
MHS132,RTT Performance Percentage,643,01/01/2026,31/03/2026,NHS GLOUCESTERSHIRE ICB - 11M
MHS125,People Entering RTT Pathway,43,01/01/2026,31/03/2026,NHS CORNWALL AND THE ISLES OF SCILLY ICB - 11N
MHS126,People Waiting,170,01/01/2026,31/03/2026,NHS CORNWALL AND THE ISLES OF SCILLY ICB - 11N
MHS131,People Treated,12,01/01/2026,31/03/2026,NHS CORNWALL AND THE ISLES OF SCILLY ICB - 11N
MHS132,RTT Performance Percentage,714,01/01/2026,31/03/2026,NHS CORNWALL AND THE ISLES OF SCILLY ICB - 11N
MHS125,People Entering RTT Pathway,39,01/01/2026,31/03/2026,NHS SOMERSET ICB - 11X
MHS126,People Waiting,164,01/01/2026,31/03/2026,NHS SOMERSET ICB - 11X
MHS131,People Treated,2,01/01/2026,31/03/2026,NHS SOMERSET ICB - 11X
MHS132,RTT Performance Percentage,70,01/01/2026,31/03/2026,NHS SOMERSET ICB - 11X
MHS125,People Entering RTT Pathway,43,01/01/2026,31/03/2026,NHS CHESHIRE AND MERSEYSIDE ICB - 12F
MHS126,People Waiting,225,01/01/2026,31/03/2026,NHS CHESHIRE AND MERSEYSIDE ICB - 12F
MHS131,People Treated,15,01/01/2026,31/03/2026,NHS CHESHIRE AND MERSEYSIDE ICB - 12F
MHS132,RTT Performance Percentage,260,01/01/2026,31/03/2026,NHS CHESHIRE AND MERSEYSIDE ICB - 12F
MHS125,People Entering RTT Pathway,57,01/01/2026,31/03/2026,NHS NORTH EAST AND NORTH CUMBRIA ICB - 13T
MHS126,People Waiting,206,01/01/2026,31/03/2026,NHS NORTH EAST AND NORTH CUMBRIA ICB - 13T
MHS131,People Treated,66,01/01/2026,31/03/2026,NHS NORTH EAST AND NORTH CUMBRIA ICB - 13T
MHS132,RTT Performance Percentage,1005,01/01/2026,31/03/2026,NHS NORTH EAST AND NORTH CUMBRIA ICB - 13T
MHS125,People Entering RTT Pathway,56,01/01/2026,31/03/2026,NHS GREATER MANCHESTER ICB - 14L
MHS126,People Waiting,212,01/01/2026,31/03/2026,NHS GREATER MANCHESTER ICB - 14L
MHS131,People Treated,9,01/01/2026,31/03/2026,NHS GREATER MANCHESTER ICB - 14L
MHS132,RTT Performance Percentage,225,01/01/2026,31/03/2026,NHS GREATER MANCHESTER ICB - 14L
MHS125,People Entering RTT Pathway,27,01/01/2026,31/03/2026,"NHS BUCKINGHAMSHIRE, OXFORDSHIRE AND BERKSHIRE WEST ICB - 14Y"
MHS126,People Waiting,267,01/01/2026,31/03/2026,"NHS BUCKINGHAMSHIRE, OXFORDSHIRE AND BERKSHIRE WEST ICB - 14Y"
MHS131,People Treated,9,01/01/2026,31/03/2026,"NHS BUCKINGHAMSHIRE, OXFORDSHIRE AND BERKSHIRE WEST ICB - 14Y"
MHS132,RTT Performance Percentage,85,01/01/2026,31/03/2026,"NHS BUCKINGHAMSHIRE, OXFORDSHIRE AND BERKSHIRE WEST ICB - 14Y"
MHS125,People Entering RTT Pathway,51,01/01/2026,31/03/2026,"NHS BUCKINGHAMSHIRE, OXFORDSHIRE AND BERKSHIRE WEST ICB - 15A"
MHS126,People Waiting,160,01/01/2026,31/03/2026,"NHS BUCKINGHAMSHIRE, OXFORDSHIRE AND BERKSHIRE WEST ICB - 15A"
MHS131,People Treated,60,01/01/2026,31/03/2026,"NHS BUCKINGHAMSHIRE, OXFORDSHIRE AND BERKSHIRE WEST ICB - 15A"
MHS132,RTT Performance Percentage,915,01/01/2026,31/03/2026,"NHS BUCKINGHAMSHIRE, OXFORDSHIRE AND BERKSHIRE WEST ICB - 15A"
MHS125,People Entering RTT Pathway,40,01/01/2026,31/03/2026,"NHS BRISTOL, NORTH SOMERSET AND SOUTH GLOUCESTERSHIRE ICB - 15C"
MHS126,People Waiting,121,01/01/2026,31/03/2026,"NHS BRISTOL, NORTH SOMERSET AND SOUTH GLOUCESTERSHIRE ICB - 15C"
MHS131,People Treated,7,01/01/2026,31/03/2026,"NHS BRISTOL, NORTH SOMERSET AND SOUTH GLOUCESTERSHIRE ICB - 15C"
MHS132,RTT Performance Percentage,87,01/01/2026,31/03/2026,"NHS BRISTOL, NORTH SOMERSET AND SOUTH GLOUCESTERSHIRE ICB - 15C"
MHS125,People Entering RTT Pathway,44,01/01/2026,31/03/2026,NHS BIRMINGHAM AND SOLIHULL ICB - 15E
MHS126,People Waiting,203,01/01/2026,31/03/2026,NHS BIRMINGHAM AND SOLIHULL ICB - 15E
MHS131,People Treated,3,01/01/2026,31/03/2026,NHS BIRMINGHAM AND SOLIHULL ICB - 15E
MHS132,RTT Performance Percentage,65,01/01/2026,31/03/2026,NHS BIRMINGHAM AND SOLIHULL ICB - 15E
MHS125,People Entering RTT Pathway,45,01/01/2026,31/03/2026,NHS WEST YORKSHIRE ICB - 15F
MHS126,People Waiting,127,01/01/2026,31/03/2026,NHS WEST YORKSHIRE ICB - 15F
MHS131,People Treated,27,01/01/2026,31/03/2026,NHS WEST YORKSHIRE ICB - 15F
MHS132,RTT Performance Percentage,348,01/01/2026,31/03/2026,NHS WEST YORKSHIRE ICB - 15F
MHS125,People Entering RTT Pathway,43,01/01/2026,31/03/2026,NHS DERBY AND DERBYSHIRE ICB - 15M
MHS126,People Waiting,239,01/01/2026,31/03/2026,NHS DERBY AND DERBYSHIRE ICB - 15M
MHS131,People Treated,10,01/01/2026,31/03/2026,NHS DERBY AND DERBYSHIRE ICB - 15M
MHS132,RTT Performance Percentage,199,01/01/2026,31/03/2026,NHS DERBY AND DERBYSHIRE ICB - 15M
MHS125,People Entering RTT Pathway,52,01/01/2026,31/03/2026,NHS DEVON ICB - 15N
MHS126,People Waiting,203,01/01/2026,31/03/2026,NHS DEVON ICB - 15N
MHS131,People Treated,28,01/01/2026,31/03/2026,NHS DEVON ICB - 15N
MHS132,RTT Performance Percentage,219,01/01/2026,31/03/2026,NHS DEVON ICB - 15N
MHS125,People Entering RTT Pathway,32,01/01/2026,31/03/2026,NHS NORTH EAST AND NORTH CUMBRIA ICB - 16C
MHS126,People Waiting,86,01/01/2026,31/03/2026,NHS NORTH EAST AND NORTH CUMBRIA ICB - 16C
MHS131,People Treated,8,01/01/2026,31/03/2026,NHS NORTH EAST AND NORTH CUMBRIA ICB - 16C
MHS132,RTT Performance Percentage,112,01/01/2026,31/03/2026,NHS NORTH EAST AND NORTH CUMBRIA ICB - 16C
MHS125,People Entering RTT Pathway,42,01/01/2026,31/03/2026,NHS HEREFORDSHIRE AND WORCESTERSHIRE ICB - 18C
MHS126,People Waiting,152,01/01/2026,31/03/2026,NHS HEREFORDSHIRE AND WORCESTERSHIRE ICB - 18C
MHS131,People Treated,36,01/01/2026,31/03/2026,NHS HEREFORDSHIRE AND WORCESTERSHIRE ICB - 18C
MHS132,RTT Performance Percentage,156,01/01/2026,31/03/2026,NHS HEREFORDSHIRE AND WORCESTERSHIRE ICB - 18C
MHS125,People Entering RTT Pathway,42,01/01/2026,31/03/2026,NHS NORFOLK AND WAVENEY ICB - 26A
MHS126,People Waiting,131,01/01/2026,31/03/2026,NHS NORFOLK AND WAVENEY ICB - 26A
MHS131,People Treated,68,01/01/2026,31/03/2026,NHS NORFOLK AND WAVENEY ICB - 26A
MHS132,RTT Performance Percentage,1067,01/01/2026,31/03/2026,NHS NORFOLK AND WAVENEY ICB - 26A
MHS125,People Entering RTT Pathway,27,01/01/2026,31/03/2026,NHS CHESHIRE AND MERSEYSIDE ICB - 27D
MHS126,People Waiting,160,01/01/2026,31/03/2026,NHS CHESHIRE AND MERSEYSIDE ICB - 27D
MHS131,People Treated,15,01/01/2026,31/03/2026,NHS CHESHIRE AND MERSEYSIDE ICB - 27D
MHS132,RTT Performance Percentage,141,01/01/2026,31/03/2026,NHS CHESHIRE AND MERSEYSIDE ICB - 27D
MHS125,People Entering RTT Pathway,21,01/01/2026,31/03/2026,NHS WEST YORKSHIRE ICB - 36J
MHS126,People Waiting,175,01/01/2026,31/03/2026,NHS WEST YORKSHIRE ICB - 36J
MHS131,People Treated,13,01/01/2026,31/03/2026,NHS WEST YORKSHIRE ICB - 36J
MHS132,RTT Performance Percentage,347,01/01/2026,31/03/2026,NHS WEST YORKSHIRE ICB - 36J
MHS125,People Entering RTT Pathway,35,01/01/2026,31/03/2026,NHS SOUTH WEST LONDON ICB - 36L
MHS126,People Waiting,162,01/01/2026,31/03/2026,NHS SOUTH WEST LONDON ICB - 36L
MHS131,People Treated,28,01/01/2026,31/03/2026,NHS SOUTH WEST LONDON ICB - 36L
MHS132,RTT Performance Percentage,422,01/01/2026,31/03/2026,NHS SOUTH WEST LONDON ICB - 36L
MHS125,People Entering RTT Pathway,40,01/01/2026,31/03/2026,NHS HUMBER AND NORTH YORKSHIRE ICB - 42D
MHS126,People Waiting,158,01/01/2026,31/03/2026,NHS HUMBER AND NORTH YORKSHIRE ICB - 42D
MHS131,People Treated,9,01/01/2026,31/03/2026,NHS HUMBER AND NORTH YORKSHIRE ICB - 42D
MHS132,RTT Performance Percentage,76,01/01/2026,31/03/2026,NHS HUMBER AND NORTH YORKSHIRE ICB - 42D
MHS125,People Entering RTT Pathway,51,01/01/2026,31/03/2026,NHS NOTTINGHAM AND NOTTINGHAMSHIRE ICB - 52R
MHS126,People Waiting,232,01/01/2026,31/03/2026,NHS NOTTINGHAM AND NOTTINGHAMSHIRE ICB - 52R
MHS131,People Treated,18,01/01/2026,31/03/2026,NHS NOTTINGHAM AND NOTTINGHAMSHIRE ICB - 52R
MHS132,RTT Performance Percentage,145,01/01/2026,31/03/2026,NHS NOTTINGHAM AND NOTTINGHAMSHIRE ICB - 52R
MHS125,People Entering RTT Pathway,57,01/01/2026,31/03/2026,NHS SUSSEX ICB - 70F
MHS126,People Waiting,235,01/01/2026,31/03/2026,NHS SUSSEX ICB - 70F
MHS131,People Treated,90,01/01/2026,31/03/2026,NHS SUSSEX ICB - 70F
MHS132,RTT Performance Percentage,364,01/01/2026,31/03/2026,NHS SUSSEX ICB - 70F
MHS125,People Entering RTT Pathway,55,01/01/2026,31/03/2026,NHS LINCOLNSHIRE ICB - 71E
MHS126,People Waiting,162,01/01/2026,31/03/2026,NHS LINCOLNSHIRE ICB - 71E
MHS131,People Treated,6,01/01/2026,31/03/2026,NHS LINCOLNSHIRE ICB - 71E
MHS132,RTT Performance Percentage,47,01/01/2026,31/03/2026,NHS LINCOLNSHIRE ICB - 71E
MHS125,People Entering RTT Pathway,31,01/01/2026,31/03/2026,NHS SOUTH EAST LONDON ICB - 72Q
MHS126,People Waiting,175,01/01/2026,31/03/2026,NHS SOUTH EAST LONDON ICB - 72Q
MHS131,People Treated,21,01/01/2026,31/03/2026,NHS SOUTH EAST LONDON ICB - 72Q
MHS132,RTT Performance Percentage,223,01/01/2026,31/03/2026,NHS SOUTH EAST LONDON ICB - 72Q
MHS125,People Entering RTT Pathway,36,01/01/2026,31/03/2026,NHS NORTHAMPTONSHIRE ICB - 78H
MHS126,People Waiting,113,01/01/2026,31/03/2026,NHS NORTHAMPTONSHIRE ICB - 78H
MHS131,People Treated,22,01/01/2026,31/03/2026,NHS NORTHAMPTONSHIRE ICB - 78H
MHS132,RTT Performance Percentage,170,01/01/2026,31/03/2026,NHS NORTHAMPTONSHIRE ICB - 78H
MHS125,People Entering RTT Pathway,12,01/01/2026,31/03/2026,NHS NORTH EAST AND NORTH CUMBRIA ICB - 84H
MHS126,People Waiting,53,01/01/2026,31/03/2026,NHS NORTH EAST AND NORTH CUMBRIA ICB - 84H
MHS131,People Treated,6,01/01/2026,31/03/2026,NHS NORTH EAST AND NORTH CUMBRIA ICB - 84H
MHS132,RTT Performance Percentage,112,01/01/2026,31/03/2026,NHS NORTH EAST AND NORTH CUMBRIA ICB - 84H
MHS125,People Entering RTT Pathway,46,01/01/2026,31/03/2026,NHS KENT AND MEDWAY ICB - 91Q
MHS126,People Waiting,150,01/01/2026,31/03/2026,NHS KENT AND MEDWAY ICB - 91Q
MHS131,People Treated,12,01/01/2026,31/03/2026,NHS KENT AND MEDWAY ICB - 91Q
MHS132,RTT Performance Percentage,131,01/01/2026,31/03/2026,NHS KENT AND MEDWAY ICB - 91Q
MHS125,People Entering RTT Pathway,56,01/01/2026,31/03/2026,NHS SURREY HEARTLANDS ICB - 92A
MHS126,People Waiting,142,01/01/2026,31/03/2026,NHS SURREY HEARTLANDS ICB - 92A
MHS131,People Treated,19,01/01/2026,31/03/2026,NHS SURREY HEARTLANDS ICB - 92A
MHS132,RTT Performance Percentage,117,01/01/2026,31/03/2026,NHS SURREY HEARTLANDS ICB - 92A
MHS125,People Entering RTT Pathway,37,01/01/2026,31/03/2026,"NHS BATH AND NORTH EAST SOMERSET, SWINDON AND WILTSHIRE ICB - 92G"
MHS126,People Waiting,106,01/01/2026,31/03/2026,"NHS BATH AND NORTH EAST SOMERSET, SWINDON AND WILTSHIRE ICB - 92G"
MHS131,People Treated,18,01/01/2026,31/03/2026,"NHS BATH AND NORTH EAST SOMERSET, SWINDON AND WILTSHIRE ICB - 92G"
MHS132,RTT Performance Percentage,102,01/01/2026,31/03/2026,"NHS BATH AND NORTH EAST SOMERSET, SWINDON AND WILTSHIRE ICB - 92G"
MHS125,People Entering RTT Pathway,56,01/01/2026,31/03/2026,NHS NORTH CENTRAL LONDON ICB - 93C
MHS126,People Waiting,245,01/01/2026,31/03/2026,NHS NORTH CENTRAL LONDON ICB - 93C
MHS131,People Treated,20,01/01/2026,31/03/2026,NHS NORTH CENTRAL LONDON ICB - 93C
MHS132,RTT Performance Percentage,244,01/01/2026,31/03/2026,NHS NORTH CENTRAL LONDON ICB - 93C
MHS125,People Entering RTT Pathway,46,01/01/2026,31/03/2026,NHS SUSSEX ICB - 97R
MHS126,People Waiting,145,01/01/2026,31/03/2026,NHS SUSSEX ICB - 97R
MHS131,People Treated,42,01/01/2026,31/03/2026,NHS SUSSEX ICB - 97R
MHS132,RTT Performance Percentage,280,01/01/2026,31/03/2026,NHS SUSSEX ICB - 97R
MHS125,People Entering RTT Pathway,36,01/01/2026,31/03/2026,NHS CHESHIRE AND MERSEYSIDE ICB - 99A
MHS126,People Waiting,134,01/01/2026,31/03/2026,NHS CHESHIRE AND MERSEYSIDE ICB - 99A
MHS131,People Treated,3,01/01/2026,31/03/2026,NHS CHESHIRE AND MERSEYSIDE ICB - 99A
MHS132,RTT Performance Percentage,71,01/01/2026,31/03/2026,NHS CHESHIRE AND MERSEYSIDE ICB - 99A
MHS125,People Entering RTT Pathway,71,01/01/2026,31/03/2026,NHS NORTH EAST AND NORTH CUMBRIA ICB - 99C
MHS126,People Waiting,1021,01/01/2026,31/03/2026,NHS NORTH EAST AND NORTH CUMBRIA ICB - 99C
MHS131,People Treated,27,01/01/2026,31/03/2026,NHS NORTH EAST AND NORTH CUMBRIA ICB - 99C
MHS132,RTT Performance Percentage,208,01/01/2026,31/03/2026,NHS NORTH EAST AND NORTH CUMBRIA ICB - 99C
MHS125,People Entering RTT Pathway,58,01/01/2026,31/03/2026,NHS MID AND SOUTH ESSEX ICB - 99E
MHS126,People Waiting,204,01/01/2026,31/03/2026,NHS MID AND SOUTH ESSEX ICB - 99E
MHS131,People Treated,7,01/01/2026,31/03/2026,NHS MID AND SOUTH ESSEX ICB - 99E
MHS132,RTT Performance Percentage,78,01/01/2026,31/03/2026,NHS MID AND SOUTH ESSEX ICB - 99E
MHS125,People Entering RTT Pathway,15,01/01/2026,31/03/2026,NHS MID AND SOUTH ESSEX ICB - 99F
MHS126,People Waiting,81,01/01/2026,31/03/2026,NHS MID AND SOUTH ESSEX ICB - 99F
MHS131,People Treated,13,01/01/2026,31/03/2026,NHS MID AND SOUTH ESSEX ICB - 99F
MHS132,RTT Performance Percentage,61,01/01/2026,31/03/2026,NHS MID AND SOUTH ESSEX ICB - 99F
MHS125,People Entering RTT Pathway,32,01/01/2026,31/03/2026,NHS MID AND SOUTH ESSEX ICB - 99G
MHS126,People Waiting,104,01/01/2026,31/03/2026,NHS MID AND SOUTH ESSEX ICB - 99G
MHS131,People Treated,9,01/01/2026,31/03/2026,NHS MID AND SOUTH ESSEX ICB - 99G
MHS132,RTT Performance Percentage,87,01/01/2026,31/03/2026,NHS MID AND SOUTH ESSEX ICB - 99G
MHS125,People Entering RTT Pathway,52,01/01/2026,31/03/2026,NHS NORTH EAST LONDON ICB - A3A8R
MHS126,People Waiting,249,01/01/2026,31/03/2026,NHS NORTH EAST LONDON ICB - A3A8R
MHS131,People Treated,17,01/01/2026,31/03/2026,NHS NORTH EAST LONDON ICB - A3A8R
MHS132,RTT Performance Percentage,514,01/01/2026,31/03/2026,NHS NORTH EAST LONDON ICB - A3A8R
MHS125,People Entering RTT Pathway,36,01/01/2026,31/03/2026,NHS COVENTRY AND WARWICKSHIRE ICB - B2M3M
MHS126,People Waiting,356,01/01/2026,31/03/2026,NHS COVENTRY AND WARWICKSHIRE ICB - B2M3M
MHS131,People Treated,28,01/01/2026,31/03/2026,NHS COVENTRY AND WARWICKSHIRE ICB - B2M3M
MHS132,RTT Performance Percentage,362,01/01/2026,31/03/2026,NHS COVENTRY AND WARWICKSHIRE ICB - B2M3M
MHS125,People Entering RTT Pathway,27,01/01/2026,31/03/2026,NHS BLACK COUNTRY ICB - D2P2L
MHS126,People Waiting,108,01/01/2026,31/03/2026,NHS BLACK COUNTRY ICB - D2P2L
MHS131,People Treated,33,01/01/2026,31/03/2026,NHS BLACK COUNTRY ICB - D2P2L
MHS132,RTT Performance Percentage,224,01/01/2026,31/03/2026,NHS BLACK COUNTRY ICB - D2P2L
MHS125,People Entering RTT Pathway,52,01/01/2026,31/03/2026,NHS FRIMLEY ICB - D4U1Y
MHS126,People Waiting,154,01/01/2026,31/03/2026,NHS FRIMLEY ICB - D4U1Y
MHS131,People Treated,20,01/01/2026,31/03/2026,NHS FRIMLEY ICB - D4U1Y
MHS132,RTT Performance Percentage,282,01/01/2026,31/03/2026,NHS FRIMLEY ICB - D4U1Y
MHS125,People Entering RTT Pathway,41,01/01/2026,31/03/2026,NHS HAMPSHIRE AND ISLE OF WIGHT ICB - D9Y0V
MHS126,People Waiting,171,01/01/2026,31/03/2026,NHS HAMPSHIRE AND ISLE OF WIGHT ICB - D9Y0V
MHS131,People Treated,19,01/01/2026,31/03/2026,NHS HAMPSHIRE AND ISLE OF WIGHT ICB - D9Y0V
MHS132,RTT Performance Percentage,362,01/01/2026,31/03/2026,NHS HAMPSHIRE AND ISLE OF WIGHT ICB - D9Y0V
MHS125,People Entering RTT Pathway,36,01/01/2026,31/03/2026,"NHS BEDFORDSHIRE, LUTON AND MILTON KEYNES ICB - M1J4Y"
MHS126,People Waiting,158,01/01/2026,31/03/2026,"NHS BEDFORDSHIRE, LUTON AND MILTON KEYNES ICB - M1J4Y"
MHS131,People Treated,17,01/01/2026,31/03/2026,"NHS BEDFORDSHIRE, LUTON AND MILTON KEYNES ICB - M1J4Y"
MHS132,RTT Performance Percentage,102,01/01/2026,31/03/2026,"NHS BEDFORDSHIRE, LUTON AND MILTON KEYNES ICB - M1J4Y"
MHS125,People Entering RTT Pathway,35,01/01/2026,31/03/2026,"NHS SHROPSHIRE, TELFORD AND WREKIN ICB - M2L0M"
MHS126,People Waiting,178,01/01/2026,31/03/2026,"NHS SHROPSHIRE, TELFORD AND WREKIN ICB - M2L0M"
MHS131,People Treated,32,01/01/2026,31/03/2026,"NHS SHROPSHIRE, TELFORD AND WREKIN ICB - M2L0M"
MHS132,RTT Performance Percentage,415,01/01/2026,31/03/2026,"NHS SHROPSHIRE, TELFORD AND WREKIN ICB - M2L0M"
MHS125,People Entering RTT Pathway,34,01/01/2026,31/03/2026,UNKNOWN
MHS126,People Waiting,147,01/01/2026,31/03/2026,UNKNOWN
MHS131,People Treated,14,01/01/2026,31/03/2026,UNKNOWN
MHS132,RTT Performance Percentage,209,01/01/2026,31/03/2026,UNKNOWN
MHS125,People Entering RTT Pathway,25,01/01/2026,31/03/2026,NHS NORTH WEST LONDON ICB - W2U3Z
MHS126,People Waiting,113,01/01/2026,31/03/2026,NHS NORTH WEST LONDON ICB - W2U3Z
MHS131,People Treated,7,01/01/2026,31/03/2026,NHS NORTH WEST LONDON ICB - W2U3Z
MHS132,RTT Performance Percentage,150,01/01/2026,31/03/2026,NHS NORTH WEST LONDON ICB - W2U3Z
MHS125,People Entering RTT Pathway,16,01/01/2026,31/03/2026,NHS WEST YORKSHIRE ICB - X2C4Y
MHS126,People Waiting,168,01/01/2026,31/03/2026,NHS WEST YORKSHIRE ICB - X2C4Y
MHS131,People Treated,10,01/01/2026,31/03/2026,NHS WEST YORKSHIRE ICB - X2C4Y
MHS132,RTT Performance Percentage,451,01/01/2026,31/03/2026,NHS WEST YORKSHIRE ICB - X2C4Y
MHS125,People Entering RTT Pathway,*,01/01/2026,31/03/2026,BIRMINGHAM MIND
MHS126,People Waiting,*,01/01/2026,31/03/2026,BIRMINGHAM MIND
MHS131,People Treated,16,01/01/2026,31/03/2026,BIRMINGHAM MIND
MHS132,RTT Performance Percentage,23,01/01/2026,31/03/2026,BIRMINGHAM MIND
MHS125,People Entering RTT Pathway,*,01/01/2026,31/03/2026,SIGNPOST
MHS126,People Waiting,*,01/01/2026,31/03/2026,SIGNPOST
MHS131,People Treated,28,01/01/2026,31/03/2026,SIGNPOST
MHS132,RTT Performance Percentage,51,01/01/2026,31/03/2026,SIGNPOST
MHS125,People Entering RTT Pathway,*,01/01/2026,31/03/2026,BARNARDO ST HELENS BOSS SERVICE
MHS126,People Waiting,*,01/01/2026,31/03/2026,BARNARDO ST HELENS BOSS SERVICE
MHS131,People Treated,29,01/01/2026,31/03/2026,BARNARDO ST HELENS BOSS SERVICE
MHS132,RTT Performance Percentage,331,01/01/2026,31/03/2026,BARNARDO ST HELENS BOSS SERVICE
MHS125,People Entering RTT Pathway,14,01/01/2026,31/03/2026,INSPIRED NEIGHBOURHOODS CIC
MHS126,People Waiting,39,01/01/2026,31/03/2026,INSPIRED NEIGHBOURHOODS CIC
MHS131,People Treated,1,01/01/2026,31/03/2026,INSPIRED NEIGHBOURHOODS CIC
MHS132,RTT Performance Percentage,3,01/01/2026,31/03/2026,INSPIRED NEIGHBOURHOODS CIC
MHS125,People Entering RTT Pathway,*,01/01/2026,31/03/2026,CATALYST SUPPORT LIMITED
MHS126,People Waiting,*,01/01/2026,31/03/2026,CATALYST SUPPORT LIMITED
MHS131,People Treated,*,01/01/2026,31/03/2026,CATALYST SUPPORT LIMITED
MHS132,RTT Performance Percentage,*,01/01/2026,31/03/2026,CATALYST SUPPORT LIMITED
MHS125,People Entering RTT Pathway,*,01/01/2026,31/03/2026,PORCHLIGHT
MHS126,People Waiting,*,01/01/2026,31/03/2026,PORCHLIGHT
MHS131,People Treated,*,01/01/2026,31/03/2026,PORCHLIGHT
MHS132,RTT Performance Percentage,*,01/01/2026,31/03/2026,PORCHLIGHT
MHS125,People Entering RTT Pathway,*,01/01/2026,31/03/2026,MIND IN SOMERSET
MHS126,People Waiting,*,01/01/2026,31/03/2026,MIND IN SOMERSET
MHS131,People Treated,1,01/01/2026,31/03/2026,MIND IN SOMERSET
MHS132,RTT Performance Percentage,32,01/01/2026,31/03/2026,MIND IN SOMERSET
MHS125,People Entering RTT Pathway,*,01/01/2026,31/03/2026,SHEFFIELD MIND
MHS126,People Waiting,*,01/01/2026,31/03/2026,SHEFFIELD MIND
MHS131,People Treated,*,01/01/2026,31/03/2026,SHEFFIELD MIND
MHS132,RTT Performance Percentage,*,01/01/2026,31/03/2026,SHEFFIELD MIND
MHS125,People Entering RTT Pathway,*,01/01/2026,31/03/2026,SHARE PSYCHOTHERAPY
MHS126,People Waiting,*,01/01/2026,31/03/2026,SHARE PSYCHOTHERAPY
MHS131,People Treated,*,01/01/2026,31/03/2026,SHARE PSYCHOTHERAPY
MHS132,RTT Performance Percentage,*,01/01/2026,31/03/2026,SHARE PSYCHOTHERAPY
MHS125,People Entering RTT Pathway,*,01/01/2026,31/03/2026,SOUTH YORKSHIRE EATING DISORDERS ASSOCIATION
MHS126,People Waiting,*,01/01/2026,31/03/2026,SOUTH YORKSHIRE EATING DISORDERS ASSOCIATION
MHS131,People Treated,*,01/01/2026,31/03/2026,SOUTH YORKSHIRE EATING DISORDERS ASSOCIATION
MHS132,RTT Performance Percentage,*,01/01/2026,31/03/2026,SOUTH YORKSHIRE EATING DISORDERS ASSOCIATION
MHS125,People Entering RTT Pathway,*,01/01/2026,31/03/2026,COASTAL WEST SUSSEX MIND
MHS126,People Waiting,*,01/01/2026,31/03/2026,COASTAL WEST SUSSEX MIND
MHS131,People Treated,38,01/01/2026,31/03/2026,COASTAL WEST SUSSEX MIND
MHS132,RTT Performance Percentage,90,01/01/2026,31/03/2026,COASTAL WEST SUSSEX MIND
MHS125,People Entering RTT Pathway,50,01/01/2026,31/03/2026,BRADFORD COUNSELLING SERVICES
MHS126,People Waiting,187,01/01/2026,31/03/2026,BRADFORD COUNSELLING SERVICES
MHS131,People Treated,*,01/01/2026,31/03/2026,BRADFORD COUNSELLING SERVICES
MHS132,RTT Performance Percentage,*,01/01/2026,31/03/2026,BRADFORD COUNSELLING SERVICES
MHS125,People Entering RTT Pathway,*,01/01/2026,31/03/2026,"HAMMERSMITH, FULHAM, EALING AND HOUNSLOW MIND"
MHS126,People Waiting,*,01/01/2026,31/03/2026,"HAMMERSMITH, FULHAM, EALING AND HOUNSLOW MIND"
MHS131,People Treated,0,01/01/2026,31/03/2026,"HAMMERSMITH, FULHAM, EALING AND HOUNSLOW MIND"
MHS132,RTT Performance Percentage,30,01/01/2026,31/03/2026,"HAMMERSMITH, FULHAM, EALING AND HOUNSLOW MIND"
MHS125,People Entering RTT Pathway,*,01/01/2026,31/03/2026,WINSTON'S WISH
MHS126,People Waiting,*,01/01/2026,31/03/2026,WINSTON'S WISH
MHS131,People Treated,58,01/01/2026,31/03/2026,WINSTON'S WISH
MHS132,RTT Performance Percentage,73,01/01/2026,31/03/2026,WINSTON'S WISH
MHS125,People Entering RTT Pathway,6,01/01/2026,31/03/2026,COVENTRY AND WARWICKSHIRE MIND
MHS126,People Waiting,28,01/01/2026,31/03/2026,COVENTRY AND WARWICKSHIRE MIND
MHS131,People Treated,29,01/01/2026,31/03/2026,COVENTRY AND WARWICKSHIRE MIND
MHS132,RTT Performance Percentage,126,01/01/2026,31/03/2026,COVENTRY AND WARWICKSHIRE MIND
MHS125,People Entering RTT Pathway,*,01/01/2026,31/03/2026,VENUS
MHS126,People Waiting,*,01/01/2026,31/03/2026,VENUS
MHS131,People Treated,55,01/01/2026,31/03/2026,VENUS
MHS132,RTT Performance Percentage,154,01/01/2026,31/03/2026,VENUS
MHS125,People Entering RTT Pathway,*,01/01/2026,31/03/2026,BRADFORD RAPE CRISIS & SEXUAL ABUSE SURVIVORS SERVICE
MHS126,People Waiting,*,01/01/2026,31/03/2026,BRADFORD RAPE CRISIS & SEXUAL ABUSE SURVIVORS SERVICE
MHS131,People Treated,8,01/01/2026,31/03/2026,BRADFORD RAPE CRISIS & SEXUAL ABUSE SURVIVORS SERVICE
MHS132,RTT Performance Percentage,36,01/01/2026,31/03/2026,BRADFORD RAPE CRISIS & SEXUAL ABUSE SURVIVORS SERVICE
MHS125,People Entering RTT Pathway,*,01/01/2026,31/03/2026,VISYON LTD
MHS126,People Waiting,*,01/01/2026,31/03/2026,VISYON LTD
MHS131,People Treated,44,01/01/2026,31/03/2026,VISYON LTD
MHS132,RTT Performance Percentage,118,01/01/2026,31/03/2026,VISYON LTD
MHS125,People Entering RTT Pathway,*,01/01/2026,31/03/2026,JUST DROP-IN YOUTH INFO AND ADVICE LTD
MHS126,People Waiting,*,01/01/2026,31/03/2026,JUST DROP-IN YOUTH INFO AND ADVICE LTD
MHS131,People Treated,*,01/01/2026,31/03/2026,JUST DROP-IN YOUTH INFO AND ADVICE LTD
MHS132,RTT Performance Percentage,*,01/01/2026,31/03/2026,JUST DROP-IN YOUTH INFO AND ADVICE LTD
MHS125,People Entering RTT Pathway,133,01/01/2026,31/03/2026,STEP ONE CHARITY
MHS126,People Waiting,381,01/01/2026,31/03/2026,STEP ONE CHARITY
MHS131,People Treated,*,01/01/2026,31/03/2026,STEP ONE CHARITY
MHS132,RTT Performance Percentage,*,01/01/2026,31/03/2026,STEP ONE CHARITY
MHS125,People Entering RTT Pathway,*,01/01/2026,31/03/2026,THE SEAVIEW PROJECT
MHS126,People Waiting,*,01/01/2026,31/03/2026,THE SEAVIEW PROJECT
MHS131,People Treated,*,01/01/2026,31/03/2026,THE SEAVIEW PROJECT
MHS132,RTT Performance Percentage,*,01/01/2026,31/03/2026,THE SEAVIEW PROJECT
MHS125,People Entering RTT Pathway,*,01/01/2026,31/03/2026,STREETWISE YOUNG PEOPLE'S PROJECT
MHS126,People Waiting,*,01/01/2026,31/03/2026,STREETWISE YOUNG PEOPLE'S PROJECT
MHS131,People Treated,*,01/01/2026,31/03/2026,STREETWISE YOUNG PEOPLE'S PROJECT
MHS132,RTT Performance Percentage,*,01/01/2026,31/03/2026,STREETWISE YOUNG PEOPLE'S PROJECT
MHS125,People Entering RTT Pathway,*,01/01/2026,31/03/2026,2BU SOMERSET
MHS126,People Waiting,*,01/01/2026,31/03/2026,2BU SOMERSET
MHS131,People Treated,1,01/01/2026,31/03/2026,2BU SOMERSET
MHS132,RTT Performance Percentage,261,01/01/2026,31/03/2026,2BU SOMERSET
MHS125,People Entering RTT Pathway,*,01/01/2026,31/03/2026,ALLSORTS YOUTH PROJECT
MHS126,People Waiting,*,01/01/2026,31/03/2026,ALLSORTS YOUTH PROJECT
MHS131,People Treated,112,01/01/2026,31/03/2026,ALLSORTS YOUTH PROJECT
MHS132,RTT Performance Percentage,188,01/01/2026,31/03/2026,ALLSORTS YOUTH PROJECT
MHS125,People Entering RTT Pathway,*,01/01/2026,31/03/2026,PLACE2BE
MHS126,People Waiting,*,01/01/2026,31/03/2026,PLACE2BE
MHS131,People Treated,47,01/01/2026,31/03/2026,PLACE2BE
MHS132,RTT Performance Percentage,140,01/01/2026,31/03/2026,PLACE2BE
MHS125,People Entering RTT Pathway,54,01/01/2026,31/03/2026,FIRST STEPS ED
MHS126,People Waiting,137,01/01/2026,31/03/2026,FIRST STEPS ED
MHS131,People Treated,31,01/01/2026,31/03/2026,FIRST STEPS ED
MHS132,RTT Performance Percentage,82,01/01/2026,31/03/2026,FIRST STEPS ED
MHS125,People Entering RTT Pathway,32,01/01/2026,31/03/2026,HORTON HOUSING ASSOCIATION
MHS126,People Waiting,78,01/01/2026,31/03/2026,HORTON HOUSING ASSOCIATION
MHS131,People Treated,*,01/01/2026,31/03/2026,HORTON HOUSING ASSOCIATION
MHS132,RTT Performance Percentage,*,01/01/2026,31/03/2026,HORTON HOUSING ASSOCIATION
MHS125,People Entering RTT Pathway,*,01/01/2026,31/03/2026,YOUNG PEOPLE CORNWALL
MHS126,People Waiting,*,01/01/2026,31/03/2026,YOUNG PEOPLE CORNWALL
MHS131,People Treated,98,01/01/2026,31/03/2026,YOUNG PEOPLE CORNWALL
MHS132,RTT Performance Percentage,113,01/01/2026,31/03/2026,YOUNG PEOPLE CORNWALL
MHS125,People Entering RTT Pathway,52,01/01/2026,31/03/2026,ROSHNI GHAR
MHS126,People Waiting,148,01/01/2026,31/03/2026,ROSHNI GHAR
MHS131,People Treated,*,01/01/2026,31/03/2026,ROSHNI GHAR
MHS132,RTT Performance Percentage,*,01/01/2026,31/03/2026,ROSHNI GHAR
MHS125,People Entering RTT Pathway,21,01/01/2026,31/03/2026,MIND IN BRADFORD
MHS126,People Waiting,200,01/01/2026,31/03/2026,MIND IN BRADFORD
MHS131,People Treated,0,01/01/2026,31/03/2026,MIND IN BRADFORD
MHS132,RTT Performance Percentage,28,01/01/2026,31/03/2026,MIND IN BRADFORD
MHS125,People Entering RTT Pathway,*,01/01/2026,31/03/2026,YMCA DOWNSLINK GROUP
MHS126,People Waiting,*,01/01/2026,31/03/2026,YMCA DOWNSLINK GROUP
MHS131,People Treated,*,01/01/2026,31/03/2026,YMCA DOWNSLINK GROUP
MHS132,RTT Performance Percentage,*,01/01/2026,31/03/2026,YMCA DOWNSLINK GROUP
MHS125,People Entering RTT Pathway,14,01/01/2026,31/03/2026,CHANGES HEALTH & WELLBEING
MHS126,People Waiting,736,01/01/2026,31/03/2026,CHANGES HEALTH & WELLBEING
MHS131,People Treated,14,01/01/2026,31/03/2026,CHANGES HEALTH & WELLBEING
MHS132,RTT Performance Percentage,30,01/01/2026,31/03/2026,CHANGES HEALTH & WELLBEING
MHS125,People Entering RTT Pathway,*,01/01/2026,31/03/2026,RELATE - MID-WILSHIRE
MHS126,People Waiting,*,01/01/2026,31/03/2026,RELATE - MID-WILSHIRE
MHS131,People Treated,*,01/01/2026,31/03/2026,RELATE - MID-WILSHIRE
MHS132,RTT Performance Percentage,*,01/01/2026,31/03/2026,RELATE - MID-WILSHIRE
MHS125,People Entering RTT Pathway,*,01/01/2026,31/03/2026,OFF THE RECORD - BATH AND NORTH EAST SOMERSET
MHS126,People Waiting,*,01/01/2026,31/03/2026,OFF THE RECORD - BATH AND NORTH EAST SOMERSET
MHS131,People Treated,3,01/01/2026,31/03/2026,OFF THE RECORD - BATH AND NORTH EAST SOMERSET
MHS132,RTT Performance Percentage,105,01/01/2026,31/03/2026,OFF THE RECORD - BATH AND NORTH EAST SOMERSET
MHS125,People Entering RTT Pathway,*,01/01/2026,31/03/2026,TRUST LINKS LIMITED
MHS126,People Waiting,*,01/01/2026,31/03/2026,TRUST LINKS LIMITED
MHS131,People Treated,*,01/01/2026,31/03/2026,TRUST LINKS LIMITED
MHS132,RTT Performance Percentage,*,01/01/2026,31/03/2026,TRUST LINKS LIMITED
MHS125,People Entering RTT Pathway,63,01/01/2026,31/03/2026,YOUTH WORKS NORTHAMPTONSHIRE
MHS126,People Waiting,142,01/01/2026,31/03/2026,YOUTH WORKS NORTHAMPTONSHIRE
MHS131,People Treated,18,01/01/2026,31/03/2026,YOUTH WORKS NORTHAMPTONSHIRE
MHS132,RTT Performance Percentage,79,01/01/2026,31/03/2026,YOUTH WORKS NORTHAMPTONSHIRE
MHS125,People Entering RTT Pathway,*,01/01/2026,31/03/2026,GLOUCESTERSHIRE COUNSELLING SERVICE
MHS126,People Waiting,*,01/01/2026,31/03/2026,GLOUCESTERSHIRE COUNSELLING SERVICE
MHS131,People Treated,*,01/01/2026,31/03/2026,GLOUCESTERSHIRE COUNSELLING SERVICE
MHS132,RTT Performance Percentage,*,01/01/2026,31/03/2026,GLOUCESTERSHIRE COUNSELLING SERVICE
MHS125,People Entering RTT Pathway,*,01/01/2026,31/03/2026,FITZROVIA YOUTH IN ACTION
MHS126,People Waiting,*,01/01/2026,31/03/2026,FITZROVIA YOUTH IN ACTION
MHS131,People Treated,*,01/01/2026,31/03/2026,FITZROVIA YOUTH IN ACTION
MHS132,RTT Performance Percentage,*,01/01/2026,31/03/2026,FITZROVIA YOUTH IN ACTION
MHS125,People Entering RTT Pathway,*,01/01/2026,31/03/2026,WPH COUNSELLING AND EDUCATION SERVICE
MHS126,People Waiting,*,01/01/2026,31/03/2026,WPH COUNSELLING AND EDUCATION SERVICE
MHS131,People Treated,219,01/01/2026,31/03/2026,WPH COUNSELLING AND EDUCATION SERVICE
MHS132,RTT Performance Percentage,305,01/01/2026,31/03/2026,WPH COUNSELLING AND EDUCATION SERVICE
MHS125,People Entering RTT Pathway,*,01/01/2026,31/03/2026,SERVICE SIX
MHS126,People Waiting,*,01/01/2026,31/03/2026,SERVICE SIX
MHS131,People Treated,77,01/01/2026,31/03/2026,SERVICE SIX
MHS132,RTT Performance Percentage,222,01/01/2026,31/03/2026,SERVICE SIX
MHS125,People Entering RTT Pathway,*,01/01/2026,31/03/2026,UNIVERSITY OF READING
MHS126,People Waiting,*,01/01/2026,31/03/2026,UNIVERSITY OF READING
MHS131,People Treated,35,01/01/2026,31/03/2026,UNIVERSITY OF READING
MHS132,RTT Performance Percentage,306,01/01/2026,31/03/2026,UNIVERSITY OF READING
MHS125,People Entering RTT Pathway,*,01/01/2026,31/03/2026,SAFE SPACE
MHS126,People Waiting,*,01/01/2026,31/03/2026,SAFE SPACE
MHS131,People Treated,53,01/01/2026,31/03/2026,SAFE SPACE
MHS132,RTT Performance Percentage,79,01/01/2026,31/03/2026,SAFE SPACE
MHS125,People Entering RTT Pathway,*,01/01/2026,31/03/2026,"TLC: TALK, LISTEN, CHANGE"
MHS126,People Waiting,*,01/01/2026,31/03/2026,"TLC: TALK, LISTEN, CHANGE"
MHS131,People Treated,*,01/01/2026,31/03/2026,"TLC: TALK, LISTEN, CHANGE"
MHS132,RTT Performance Percentage,*,01/01/2026,31/03/2026,"TLC: TALK, LISTEN, CHANGE"
MHS125,People Entering RTT Pathway,*,01/01/2026,31/03/2026,THE OWL CENTRE
MHS126,People Waiting,*,01/01/2026,31/03/2026,THE OWL CENTRE
MHS131,People Treated,310,01/01/2026,31/03/2026,THE OWL CENTRE
MHS132,RTT Performance Percentage,1019,01/01/2026,31/03/2026,THE OWL CENTRE
MHS125,People Entering RTT Pathway,*,01/01/2026,31/03/2026,CUMBRIA CVS
MHS126,People Waiting,*,01/01/2026,31/03/2026,CUMBRIA CVS
MHS131,People Treated,*,01/01/2026,31/03/2026,CUMBRIA CVS
MHS132,RTT Performance Percentage,*,01/01/2026,31/03/2026,CUMBRIA CVS
MHS125,People Entering RTT Pathway,*,01/01/2026,31/03/2026,ST MARTHA'S
MHS126,People Waiting,*,01/01/2026,31/03/2026,ST MARTHA'S
MHS131,People Treated,*,01/01/2026,31/03/2026,ST MARTHA'S
MHS132,RTT Performance Percentage,*,01/01/2026,31/03/2026,ST MARTHA'S
MHS125,People Entering RTT Pathway,*,01/01/2026,31/03/2026,PARENTING SPECIAL CHILDREN
MHS126,People Waiting,*,01/01/2026,31/03/2026,PARENTING SPECIAL CHILDREN
MHS131,People Treated,*,01/01/2026,31/03/2026,PARENTING SPECIAL CHILDREN
MHS132,RTT Performance Percentage,*,01/01/2026,31/03/2026,PARENTING SPECIAL CHILDREN
MHS125,People Entering RTT Pathway,*,01/01/2026,31/03/2026,AUTISM BERKSHIRE
MHS126,People Waiting,*,01/01/2026,31/03/2026,AUTISM BERKSHIRE
MHS131,People Treated,*,01/01/2026,31/03/2026,AUTISM BERKSHIRE
MHS132,RTT Performance Percentage,*,01/01/2026,31/03/2026,AUTISM BERKSHIRE
MHS125,People Entering RTT Pathway,*,01/01/2026,31/03/2026,WINDSOR AND MAIDENHEAD COUNSELLING SERVICE
MHS126,People Waiting,*,01/01/2026,31/03/2026,WINDSOR AND MAIDENHEAD COUNSELLING SERVICE
MHS131,People Treated,48,01/01/2026,31/03/2026,WINDSOR AND MAIDENHEAD COUNSELLING SERVICE
MHS132,RTT Performance Percentage,125,01/01/2026,31/03/2026,WINDSOR AND MAIDENHEAD COUNSELLING SERVICE
MHS125,People Entering RTT Pathway,*,01/01/2026,31/03/2026,THE LINK (REDCAR) CIC
MHS126,People Waiting,*,01/01/2026,31/03/2026,THE LINK (REDCAR) CIC
MHS131,People Treated,21,01/01/2026,31/03/2026,THE LINK (REDCAR) CIC
MHS132,RTT Performance Percentage,35,01/01/2026,31/03/2026,THE LINK (REDCAR) CIC
MHS125,People Entering RTT Pathway,*,01/01/2026,31/03/2026,TOKKO YOUTH SPACE
MHS126,People Waiting,*,01/01/2026,31/03/2026,TOKKO YOUTH SPACE
MHS131,People Treated,*,01/01/2026,31/03/2026,TOKKO YOUTH SPACE
MHS132,RTT Performance Percentage,*,01/01/2026,31/03/2026,TOKKO YOUTH SPACE
MHS125,People Entering RTT Pathway,*,01/01/2026,31/03/2026,IMPACT INITIATIVES
MHS126,People Waiting,*,01/01/2026,31/03/2026,IMPACT INITIATIVES
MHS131,People Treated,*,01/01/2026,31/03/2026,IMPACT INITIATIVES
MHS132,RTT Performance Percentage,*,01/01/2026,31/03/2026,IMPACT INITIATIVES
MHS125,People Entering RTT Pathway,70,01/01/2026,31/03/2026,YOUTHLINE LTD
MHS126,People Waiting,102,01/01/2026,31/03/2026,YOUTHLINE LTD
MHS131,People Treated,45,01/01/2026,31/03/2026,YOUTHLINE LTD
MHS132,RTT Performance Percentage,77,01/01/2026,31/03/2026,YOUTHLINE LTD
MHS125,People Entering RTT Pathway,*,01/01/2026,31/03/2026,BLUESCI SUPPORT
MHS126,People Waiting,*,01/01/2026,31/03/2026,BLUESCI SUPPORT
MHS131,People Treated,*,01/01/2026,31/03/2026,BLUESCI SUPPORT
MHS132,RTT Performance Percentage,*,01/01/2026,31/03/2026,BLUESCI SUPPORT
MHS125,People Entering RTT Pathway,*,01/01/2026,31/03/2026,YOUNG DEVON
MHS126,People Waiting,*,01/01/2026,31/03/2026,YOUNG DEVON
MHS131,People Treated,14,01/01/2026,31/03/2026,YOUNG DEVON
MHS132,RTT Performance Percentage,141,01/01/2026,31/03/2026,YOUNG DEVON
MHS125,People Entering RTT Pathway,*,01/01/2026,31/03/2026,OPEN DOOR THURROCK
MHS126,People Waiting,*,01/01/2026,31/03/2026,OPEN DOOR THURROCK
MHS131,People Treated,96,01/01/2026,31/03/2026,OPEN DOOR THURROCK
MHS132,RTT Performance Percentage,168,01/01/2026,31/03/2026,OPEN DOOR THURROCK
MHS125,People Entering RTT Pathway,*,01/01/2026,31/03/2026,THURROCK & BRENTWOOD MIND
MHS126,People Waiting,*,01/01/2026,31/03/2026,THURROCK & BRENTWOOD MIND
MHS131,People Treated,57,01/01/2026,31/03/2026,THURROCK & BRENTWOOD MIND
MHS132,RTT Performance Percentage,234,01/01/2026,31/03/2026,THURROCK & BRENTWOOD MIND
MHS125,People Entering RTT Pathway,*,01/01/2026,31/03/2026,LISTENING EAR (MERSEYSIDE)
MHS126,People Waiting,*,01/01/2026,31/03/2026,LISTENING EAR (MERSEYSIDE)
MHS131,People Treated,126,01/01/2026,31/03/2026,LISTENING EAR (MERSEYSIDE)
MHS132,RTT Performance Percentage,246,01/01/2026,31/03/2026,LISTENING EAR (MERSEYSIDE)
MHS125,People Entering RTT Pathway,*,01/01/2026,31/03/2026,ACCESS COMMUNITY TRUST
MHS126,People Waiting,*,01/01/2026,31/03/2026,ACCESS COMMUNITY TRUST
MHS131,People Treated,*,01/01/2026,31/03/2026,ACCESS COMMUNITY TRUST
MHS132,RTT Performance Percentage,*,01/01/2026,31/03/2026,ACCESS COMMUNITY TRUST
MHS125,People Entering RTT Pathway,*,01/01/2026,31/03/2026,BASE 25
MHS126,People Waiting,*,01/01/2026,31/03/2026,BASE 25
MHS131,People Treated,169,01/01/2026,31/03/2026,BASE 25
MHS132,RTT Performance Percentage,285,01/01/2026,31/03/2026,BASE 25
MHS125,People Entering RTT Pathway,*,01/01/2026,31/03/2026,THE TOBY HENDERSON TRUST LTD
MHS126,People Waiting,*,01/01/2026,31/03/2026,THE TOBY HENDERSON TRUST LTD
MHS131,People Treated,*,01/01/2026,31/03/2026,THE TOBY HENDERSON TRUST LTD
MHS132,RTT Performance Percentage,*,01/01/2026,31/03/2026,THE TOBY HENDERSON TRUST LTD
MHS125,People Entering RTT Pathway,*,01/01/2026,31/03/2026,TALKZONE COUNSELLING SERVICE
MHS126,People Waiting,*,01/01/2026,31/03/2026,TALKZONE COUNSELLING SERVICE
MHS131,People Treated,*,01/01/2026,31/03/2026,TALKZONE COUNSELLING SERVICE
MHS132,RTT Performance Percentage,*,01/01/2026,31/03/2026,TALKZONE COUNSELLING SERVICE
MHS125,People Entering RTT Pathway,*,01/01/2026,31/03/2026,WASHINGTON MIND
MHS126,People Waiting,*,01/01/2026,31/03/2026,WASHINGTON MIND
MHS131,People Treated,*,01/01/2026,31/03/2026,WASHINGTON MIND
MHS132,RTT Performance Percentage,*,01/01/2026,31/03/2026,WASHINGTON MIND
MHS125,People Entering RTT Pathway,52,01/01/2026,31/03/2026,INVICTUS WELLBEING SERVICES COMMUNITIES INTEREST COMPANY
MHS126,People Waiting,112,01/01/2026,31/03/2026,INVICTUS WELLBEING SERVICES COMMUNITIES INTEREST COMPANY
MHS131,People Treated,85,01/01/2026,31/03/2026,INVICTUS WELLBEING SERVICES COMMUNITIES INTEREST COMPANY
MHS132,RTT Performance Percentage,168,01/01/2026,31/03/2026,INVICTUS WELLBEING SERVICES COMMUNITIES INTEREST COMPANY
MHS125,People Entering RTT Pathway,*,01/01/2026,31/03/2026,HAVANT AND EAST HANTS MIND
MHS126,People Waiting,*,01/01/2026,31/03/2026,HAVANT AND EAST HANTS MIND
MHS131,People Treated,0,01/01/2026,31/03/2026,HAVANT AND EAST HANTS MIND
MHS132,RTT Performance Percentage,0,01/01/2026,31/03/2026,HAVANT AND EAST HANTS MIND
MHS125,People Entering RTT Pathway,9,01/01/2026,31/03/2026,PURE INNOVATIONS LIMITED
MHS126,People Waiting,34,01/01/2026,31/03/2026,PURE INNOVATIONS LIMITED
MHS131,People Treated,*,01/01/2026,31/03/2026,PURE INNOVATIONS LIMITED
MHS132,RTT Performance Percentage,*,01/01/2026,31/03/2026,PURE INNOVATIONS LIMITED
MHS125,People Entering RTT Pathway,67,01/01/2026,31/03/2026,YMCA NORFOLK
MHS126,People Waiting,89,01/01/2026,31/03/2026,YMCA NORFOLK
MHS131,People Treated,41,01/01/2026,31/03/2026,YMCA NORFOLK
MHS132,RTT Performance Percentage,78,01/01/2026,31/03/2026,YMCA NORFOLK
MHS125,People Entering RTT Pathway,*,01/01/2026,31/03/2026,MURRAY HALL COMMUNITY TRUST
MHS126,People Waiting,*,01/01/2026,31/03/2026,MURRAY HALL COMMUNITY TRUST
MHS131,People Treated,*,01/01/2026,31/03/2026,MURRAY HALL COMMUNITY TRUST
MHS132,RTT Performance Percentage,*,01/01/2026,31/03/2026,MURRAY HALL COMMUNITY TRUST
MHS125,People Entering RTT Pathway,*,01/01/2026,31/03/2026,CHAT YOUTH COUNSELLING
MHS126,People Waiting,*,01/01/2026,31/03/2026,CHAT YOUTH COUNSELLING
MHS131,People Treated,44,01/01/2026,31/03/2026,CHAT YOUTH COUNSELLING
MHS132,RTT Performance Percentage,65,01/01/2026,31/03/2026,CHAT YOUTH COUNSELLING
MHS125,People Entering RTT Pathway,*,01/01/2026,31/03/2026,SALUS
MHS126,People Waiting,*,01/01/2026,31/03/2026,SALUS
MHS131,People Treated,67,01/01/2026,31/03/2026,SALUS
MHS132,RTT Performance Percentage,152,01/01/2026,31/03/2026,SALUS
MHS125,People Entering RTT Pathway,*,01/01/2026,31/03/2026,BRATHAY TRUST
MHS126,People Waiting,*,01/01/2026,31/03/2026,BRATHAY TRUST
MHS131,People Treated,355,01/01/2026,31/03/2026,BRATHAY TRUST
MHS132,RTT Performance Percentage,409,01/01/2026,31/03/2026,BRATHAY TRUST
MHS125,People Entering RTT Pathway,*,01/01/2026,31/03/2026,KIDS INSPIRE
MHS126,People Waiting,*,01/01/2026,31/03/2026,KIDS INSPIRE
MHS131,People Treated,39,01/01/2026,31/03/2026,KIDS INSPIRE
MHS132,RTT Performance Percentage,58,01/01/2026,31/03/2026,KIDS INSPIRE
MHS125,People Entering RTT Pathway,*,01/01/2026,31/03/2026,GIPSIL LTD
MHS126,People Waiting,*,01/01/2026,31/03/2026,GIPSIL LTD
MHS131,People Treated,117,01/01/2026,31/03/2026,GIPSIL LTD
MHS132,RTT Performance Percentage,364,01/01/2026,31/03/2026,GIPSIL LTD
MHS125,People Entering RTT Pathway,*,01/01/2026,31/03/2026,ACTION FOR CHILDREN - DERBY CC EHWS
MHS126,People Waiting,*,01/01/2026,31/03/2026,ACTION FOR CHILDREN - DERBY CC EHWS
MHS131,People Treated,46,01/01/2026,31/03/2026,ACTION FOR CHILDREN - DERBY CC EHWS
MHS132,RTT Performance Percentage,112,01/01/2026,31/03/2026,ACTION FOR CHILDREN - DERBY CC EHWS
MHS125,People Entering RTT Pathway,*,01/01/2026,31/03/2026,HARMLESS CIC
MHS126,People Waiting,*,01/01/2026,31/03/2026,HARMLESS CIC
MHS131,People Treated,*,01/01/2026,31/03/2026,HARMLESS CIC
MHS132,RTT Performance Percentage,*,01/01/2026,31/03/2026,HARMLESS CIC
MHS125,People Entering RTT Pathway,*,01/01/2026,31/03/2026,SKYLIGHT PSYCHIATRY
MHS126,People Waiting,*,01/01/2026,31/03/2026,SKYLIGHT PSYCHIATRY
MHS131,People Treated,*,01/01/2026,31/03/2026,SKYLIGHT PSYCHIATRY
MHS132,RTT Performance Percentage,*,01/01/2026,31/03/2026,SKYLIGHT PSYCHIATRY
MHS125,People Entering RTT Pathway,*,01/01/2026,31/03/2026,BARCHESTER HEALTHCARE HOMES LIMITED
MHS126,People Waiting,*,01/01/2026,31/03/2026,BARCHESTER HEALTHCARE HOMES LIMITED
MHS131,People Treated,*,01/01/2026,31/03/2026,BARCHESTER HEALTHCARE HOMES LIMITED
MHS132,RTT Performance Percentage,*,01/01/2026,31/03/2026,BARCHESTER HEALTHCARE HOMES LIMITED
MHS125,People Entering RTT Pathway,30,01/01/2026,31/03/2026,SOUTHDOWN HOUSING ASSOCIATION LTD
MHS126,People Waiting,142,01/01/2026,31/03/2026,SOUTHDOWN HOUSING ASSOCIATION LTD
MHS131,People Treated,*,01/01/2026,31/03/2026,SOUTHDOWN HOUSING ASSOCIATION LTD
MHS132,RTT Performance Percentage,*,01/01/2026,31/03/2026,SOUTHDOWN HOUSING ASSOCIATION LTD
MHS125,People Entering RTT Pathway,*,01/01/2026,31/03/2026,BHT SUSSEX
MHS126,People Waiting,*,01/01/2026,31/03/2026,BHT SUSSEX
MHS131,People Treated,130,01/01/2026,31/03/2026,BHT SUSSEX
MHS132,RTT Performance Percentage,159,01/01/2026,31/03/2026,BHT SUSSEX
MHS125,People Entering RTT Pathway,288,01/01/2026,31/03/2026,SUFFOLK MIND
MHS126,People Waiting,389,01/01/2026,31/03/2026,SUFFOLK MIND
MHS131,People Treated,*,01/01/2026,31/03/2026,SUFFOLK MIND
MHS132,RTT Performance Percentage,*,01/01/2026,31/03/2026,SUFFOLK MIND
MHS125,People Entering RTT Pathway,*,01/01/2026,31/03/2026,KIRSOP-TAYLOR HEALTHCARE LTD TRADING AS KT HEALTHCARE
MHS126,People Waiting,*,01/01/2026,31/03/2026,KIRSOP-TAYLOR HEALTHCARE LTD TRADING AS KT HEALTHCARE
MHS131,People Treated,*,01/01/2026,31/03/2026,KIRSOP-TAYLOR HEALTHCARE LTD TRADING AS KT HEALTHCARE
MHS132,RTT Performance Percentage,*,01/01/2026,31/03/2026,KIRSOP-TAYLOR HEALTHCARE LTD TRADING AS KT HEALTHCARE
MHS125,People Entering RTT Pathway,*,01/01/2026,31/03/2026,FRAMEWORK HOUSING ASSOCIATION
MHS126,People Waiting,*,01/01/2026,31/03/2026,FRAMEWORK HOUSING ASSOCIATION
MHS131,People Treated,*,01/01/2026,31/03/2026,FRAMEWORK HOUSING ASSOCIATION
MHS132,RTT Performance Percentage,*,01/01/2026,31/03/2026,FRAMEWORK HOUSING ASSOCIATION
MHS125,People Entering RTT Pathway,*,01/01/2026,31/03/2026,THE TOGETHER TRUST
MHS126,People Waiting,*,01/01/2026,31/03/2026,THE TOGETHER TRUST
MHS131,People Treated,*,01/01/2026,31/03/2026,THE TOGETHER TRUST
MHS132,RTT Performance Percentage,*,01/01/2026,31/03/2026,THE TOGETHER TRUST
MHS125,People Entering RTT Pathway,41,01/01/2026,31/03/2026,SOUTH YORKSHIRE HOUSING ASSOCIATION LIMITED
MHS126,People Waiting,104,01/01/2026,31/03/2026,SOUTH YORKSHIRE HOUSING ASSOCIATION LIMITED
MHS131,People Treated,*,01/01/2026,31/03/2026,SOUTH YORKSHIRE HOUSING ASSOCIATION LIMITED
MHS132,RTT Performance Percentage,*,01/01/2026,31/03/2026,SOUTH YORKSHIRE HOUSING ASSOCIATION LIMITED
MHS125,People Entering RTT Pathway,*,01/01/2026,31/03/2026,ALLKIND
MHS126,People Waiting,*,01/01/2026,31/03/2026,ALLKIND
MHS131,People Treated,15,01/01/2026,31/03/2026,ALLKIND
MHS132,RTT Performance Percentage,45,01/01/2026,31/03/2026,ALLKIND
MHS125,People Entering RTT Pathway,*,01/01/2026,31/03/2026,NORTHPOINT WELLBEING LIMITED
MHS126,People Waiting,*,01/01/2026,31/03/2026,NORTHPOINT WELLBEING LIMITED
MHS131,People Treated,25,01/01/2026,31/03/2026,NORTHPOINT WELLBEING LIMITED
MHS132,RTT Performance Percentage,57,01/01/2026,31/03/2026,NORTHPOINT WELLBEING LIMITED
MHS125,People Entering RTT Pathway,*,01/01/2026,31/03/2026,NORTHPOINT WELLBEING LIMITED HQ
MHS126,People Waiting,*,01/01/2026,31/03/2026,NORTHPOINT WELLBEING LIMITED HQ
MHS131,People Treated,60,01/01/2026,31/03/2026,NORTHPOINT WELLBEING LIMITED HQ
MHS132,RTT Performance Percentage,202,01/01/2026,31/03/2026,NORTHPOINT WELLBEING LIMITED HQ
MHS125,People Entering RTT Pathway,*,01/01/2026,31/03/2026,INMIND HEALTHCARE - HEAD OFFICE
MHS126,People Waiting,*,01/01/2026,31/03/2026,INMIND HEALTHCARE - HEAD OFFICE
MHS131,People Treated,*,01/01/2026,31/03/2026,INMIND HEALTHCARE - HEAD OFFICE
MHS132,RTT Performance Percentage,*,01/01/2026,31/03/2026,INMIND HEALTHCARE - HEAD OFFICE
MHS125,People Entering RTT Pathway,*,01/01/2026,31/03/2026,BRAMLEY HEALTH
MHS126,People Waiting,*,01/01/2026,31/03/2026,BRAMLEY HEALTH
MHS131,People Treated,*,01/01/2026,31/03/2026,BRAMLEY HEALTH
MHS132,RTT Performance Percentage,*,01/01/2026,31/03/2026,BRAMLEY HEALTH
MHS125,People Entering RTT Pathway,*,01/01/2026,31/03/2026,COOKSON HOUSE
MHS126,People Waiting,*,01/01/2026,31/03/2026,COOKSON HOUSE
MHS131,People Treated,*,01/01/2026,31/03/2026,COOKSON HOUSE
MHS132,RTT Performance Percentage,*,01/01/2026,31/03/2026,COOKSON HOUSE
MHS125,People Entering RTT Pathway,*,01/01/2026,31/03/2026,BMHC-FTB
MHS126,People Waiting,*,01/01/2026,31/03/2026,BMHC-FTB
MHS131,People Treated,21,01/01/2026,31/03/2026,BMHC-FTB
MHS132,RTT Performance Percentage,52,01/01/2026,31/03/2026,BMHC-FTB
MHS125,People Entering RTT Pathway,*,01/01/2026,31/03/2026,SECOND STEP
MHS126,People Waiting,*,01/01/2026,31/03/2026,SECOND STEP
MHS131,People Treated,*,01/01/2026,31/03/2026,SECOND STEP
MHS132,RTT Performance Percentage,*,01/01/2026,31/03/2026,SECOND STEP
MHS125,People Entering RTT Pathway,*,01/01/2026,31/03/2026,WESTON SAFE HAVEN
MHS126,People Waiting,*,01/01/2026,31/03/2026,WESTON SAFE HAVEN
MHS131,People Treated,*,01/01/2026,31/03/2026,WESTON SAFE HAVEN
MHS132,RTT Performance Percentage,*,01/01/2026,31/03/2026,WESTON SAFE HAVEN
MHS125,People Entering RTT Pathway,*,01/01/2026,31/03/2026,SELF HELP SERVICES (MANCHESTER)
MHS126,People Waiting,*,01/01/2026,31/03/2026,SELF HELP SERVICES (MANCHESTER)
MHS131,People Treated,9,01/01/2026,31/03/2026,SELF HELP SERVICES (MANCHESTER)
MHS132,RTT Performance Percentage,39,01/01/2026,31/03/2026,SELF HELP SERVICES (MANCHESTER)
MHS125,People Entering RTT Pathway,83,01/01/2026,31/03/2026,SELF HELP SERVICES (TANDG)
MHS126,People Waiting,163,01/01/2026,31/03/2026,SELF HELP SERVICES (TANDG)
MHS131,People Treated,49,01/01/2026,31/03/2026,SELF HELP SERVICES (TANDG)
MHS132,RTT Performance Percentage,75,01/01/2026,31/03/2026,SELF HELP SERVICES (TANDG)
MHS125,People Entering RTT Pathway,*,01/01/2026,31/03/2026,THE KALEIDOSCOPE PLUS GROUP
MHS126,People Waiting,*,01/01/2026,31/03/2026,THE KALEIDOSCOPE PLUS GROUP
MHS131,People Treated,195,01/01/2026,31/03/2026,THE KALEIDOSCOPE PLUS GROUP
MHS132,RTT Performance Percentage,289,01/01/2026,31/03/2026,THE KALEIDOSCOPE PLUS GROUP
MHS125,People Entering RTT Pathway,*,01/01/2026,31/03/2026,1POINT (NORTH WEST)
MHS126,People Waiting,*,01/01/2026,31/03/2026,1POINT (NORTH WEST)
MHS131,People Treated,*,01/01/2026,31/03/2026,1POINT (NORTH WEST)
MHS132,RTT Performance Percentage,*,01/01/2026,31/03/2026,1POINT (NORTH WEST)
MHS125,People Entering RTT Pathway,*,01/01/2026,31/03/2026,ASPENS CHARITIES
MHS126,People Waiting,*,01/01/2026,31/03/2026,ASPENS CHARITIES
MHS131,People Treated,*,01/01/2026,31/03/2026,ASPENS CHARITIES
MHS132,RTT Performance Percentage,*,01/01/2026,31/03/2026,ASPENS CHARITIES
MHS125,People Entering RTT Pathway,*,01/01/2026,31/03/2026,EVERYTURN
MHS126,People Waiting,*,01/01/2026,31/03/2026,EVERYTURN
MHS131,People Treated,*,01/01/2026,31/03/2026,EVERYTURN
MHS132,RTT Performance Percentage,*,01/01/2026,31/03/2026,EVERYTURN
MHS125,People Entering RTT Pathway,*,01/01/2026,31/03/2026,MUSHKIL AASAAN LIMITED
MHS126,People Waiting,*,01/01/2026,31/03/2026,MUSHKIL AASAAN LIMITED
MHS131,People Treated,*,01/01/2026,31/03/2026,MUSHKIL AASAAN LIMITED
MHS132,RTT Performance Percentage,*,01/01/2026,31/03/2026,MUSHKIL AASAAN LIMITED
MHS125,People Entering RTT Pathway,*,01/01/2026,31/03/2026,PARTNERING HEALTH LIMITED
MHS126,People Waiting,*,01/01/2026,31/03/2026,PARTNERING HEALTH LIMITED
MHS131,People Treated,*,01/01/2026,31/03/2026,PARTNERING HEALTH LIMITED
MHS132,RTT Performance Percentage,*,01/01/2026,31/03/2026,PARTNERING HEALTH LIMITED
MHS125,People Entering RTT Pathway,*,01/01/2026,31/03/2026,PRIMARY CARE SHEFFIELD MH TEAM
MHS126,People Waiting,*,01/01/2026,31/03/2026,PRIMARY CARE SHEFFIELD MH TEAM
MHS131,People Treated,*,01/01/2026,31/03/2026,PRIMARY CARE SHEFFIELD MH TEAM
MHS132,RTT Performance Percentage,*,01/01/2026,31/03/2026,PRIMARY CARE SHEFFIELD MH TEAM
MHS125,People Entering RTT Pathway,*,01/01/2026,31/03/2026,PRE-SCHOOL LEARNING ALLIANCE
MHS126,People Waiting,*,01/01/2026,31/03/2026,PRE-SCHOOL LEARNING ALLIANCE
MHS131,People Treated,85,01/01/2026,31/03/2026,PRE-SCHOOL LEARNING ALLIANCE
MHS132,RTT Performance Percentage,198,01/01/2026,31/03/2026,PRE-SCHOOL LEARNING ALLIANCE
MHS125,People Entering RTT Pathway,80,01/01/2026,31/03/2026,GREEN LIGHT TRUST
MHS126,People Waiting,206,01/01/2026,31/03/2026,GREEN LIGHT TRUST
MHS131,People Treated,15,01/01/2026,31/03/2026,GREEN LIGHT TRUST
MHS132,RTT Performance Percentage,38,01/01/2026,31/03/2026,GREEN LIGHT TRUST
MHS125,People Entering RTT Pathway,*,01/01/2026,31/03/2026,NORFOLK LGBT+ PROJECT
MHS126,People Waiting,*,01/01/2026,31/03/2026,NORFOLK LGBT+ PROJECT
MHS131,People Treated,*,01/01/2026,31/03/2026,NORFOLK LGBT+ PROJECT
MHS132,RTT Performance Percentage,*,01/01/2026,31/03/2026,NORFOLK LGBT+ PROJECT
MHS125,People Entering RTT Pathway,*,01/01/2026,31/03/2026,SHEFFIELD CITIZENS ADVICE & LAW CENTRE
MHS126,People Waiting,*,01/01/2026,31/03/2026,SHEFFIELD CITIZENS ADVICE & LAW CENTRE
MHS131,People Treated,*,01/01/2026,31/03/2026,SHEFFIELD CITIZENS ADVICE & LAW CENTRE
MHS132,RTT Performance Percentage,*,01/01/2026,31/03/2026,SHEFFIELD CITIZENS ADVICE & LAW CENTRE
MHS125,People Entering RTT Pathway,*,01/01/2026,31/03/2026,BFB LABS LTD.
MHS126,People Waiting,*,01/01/2026,31/03/2026,BFB LABS LTD.
MHS131,People Treated,*,01/01/2026,31/03/2026,BFB LABS LTD.
MHS132,RTT Performance Percentage,*,01/01/2026,31/03/2026,BFB LABS LTD.
MHS125,People Entering RTT Pathway,*,01/01/2026,31/03/2026,XYLA NEURODEVELOPMENTAL SERVICES
MHS126,People Waiting,*,01/01/2026,31/03/2026,XYLA NEURODEVELOPMENTAL SERVICES
MHS131,People Treated,50,01/01/2026,31/03/2026,XYLA NEURODEVELOPMENTAL SERVICES
MHS132,RTT Performance Percentage,118,01/01/2026,31/03/2026,XYLA NEURODEVELOPMENTAL SERVICES
MHS125,People Entering RTT Pathway,*,01/01/2026,31/03/2026,PHASE TRUST
MHS126,People Waiting,*,01/01/2026,31/03/2026,PHASE TRUST
MHS131,People Treated,42,01/01/2026,31/03/2026,PHASE TRUST
MHS132,RTT Performance Percentage,134,01/01/2026,31/03/2026,PHASE TRUST
MHS125,People Entering RTT Pathway,*,01/01/2026,31/03/2026,SPEECH AND LANGUAGE THERAPY WEST MIDLANDS LTD
MHS126,People Waiting,*,01/01/2026,31/03/2026,SPEECH AND LANGUAGE THERAPY WEST MIDLANDS LTD
MHS131,People Treated,*,01/01/2026,31/03/2026,SPEECH AND LANGUAGE THERAPY WEST MIDLANDS LTD
MHS132,RTT Performance Percentage,*,01/01/2026,31/03/2026,SPEECH AND LANGUAGE THERAPY WEST MIDLANDS LTD
MHS125,People Entering RTT Pathway,*,01/01/2026,31/03/2026,EASINGTON EMPLOYMENT SUPPORT
MHS126,People Waiting,*,01/01/2026,31/03/2026,EASINGTON EMPLOYMENT SUPPORT
MHS131,People Treated,*,01/01/2026,31/03/2026,EASINGTON EMPLOYMENT SUPPORT
MHS132,RTT Performance Percentage,*,01/01/2026,31/03/2026,EASINGTON EMPLOYMENT SUPPORT
MHS125,People Entering RTT Pathway,0,01/01/2026,31/03/2026,RICHMOND FELLOWSHIP IPS - BSW
MHS126,People Waiting,36,01/01/2026,31/03/2026,RICHMOND FELLOWSHIP IPS - BSW
MHS131,People Treated,*,01/01/2026,31/03/2026,RICHMOND FELLOWSHIP IPS - BSW
MHS132,RTT Performance Percentage,*,01/01/2026,31/03/2026,RICHMOND FELLOWSHIP IPS - BSW
MHS125,People Entering RTT Pathway,*,01/01/2026,31/03/2026,MINDLER LTD
MHS126,People Waiting,*,01/01/2026,31/03/2026,MINDLER LTD
MHS131,People Treated,20,01/01/2026,31/03/2026,MINDLER LTD
MHS132,RTT Performance Percentage,59,01/01/2026,31/03/2026,MINDLER LTD
MHS125,People Entering RTT Pathway,*,01/01/2026,31/03/2026,NOTTINGHAMSHIRE MIND
MHS126,People Waiting,*,01/01/2026,31/03/2026,NOTTINGHAMSHIRE MIND
MHS131,People Treated,*,01/01/2026,31/03/2026,NOTTINGHAMSHIRE MIND
MHS132,RTT Performance Percentage,*,01/01/2026,31/03/2026,NOTTINGHAMSHIRE MIND
MHS125,People Entering RTT Pathway,*,01/01/2026,31/03/2026,MOTHERS FOR MOTHERS
MHS126,People Waiting,*,01/01/2026,31/03/2026,MOTHERS FOR MOTHERS
MHS131,People Treated,*,01/01/2026,31/03/2026,MOTHERS FOR MOTHERS
MHS132,RTT Performance Percentage,*,01/01/2026,31/03/2026,MOTHERS FOR MOTHERS
MHS125,People Entering RTT Pathway,*,01/01/2026,31/03/2026,SELFA
MHS126,People Waiting,*,01/01/2026,31/03/2026,SELFA
MHS131,People Treated,0,01/01/2026,31/03/2026,SELFA
MHS132,RTT Performance Percentage,7,01/01/2026,31/03/2026,SELFA
MHS125,People Entering RTT Pathway,*,01/01/2026,31/03/2026,HEALIOS LTD
MHS126,People Waiting,*,01/01/2026,31/03/2026,HEALIOS LTD
MHS131,People Treated,67,01/01/2026,31/03/2026,HEALIOS LTD
MHS132,RTT Performance Percentage,134,01/01/2026,31/03/2026,HEALIOS LTD
MHS125,People Entering RTT Pathway,*,01/01/2026,31/03/2026,EVOLVE PSYCHOLOGY SERVICES LTD
MHS126,People Waiting,*,01/01/2026,31/03/2026,EVOLVE PSYCHOLOGY SERVICES LTD
MHS131,People Treated,*,01/01/2026,31/03/2026,EVOLVE PSYCHOLOGY SERVICES LTD
MHS132,RTT Performance Percentage,*,01/01/2026,31/03/2026,EVOLVE PSYCHOLOGY SERVICES LTD
MHS125,People Entering RTT Pathway,*,01/01/2026,31/03/2026,AUTISM-IN-MIND COMMUNITY INTEREST COMPANY
MHS126,People Waiting,*,01/01/2026,31/03/2026,AUTISM-IN-MIND COMMUNITY INTEREST COMPANY
MHS131,People Treated,*,01/01/2026,31/03/2026,AUTISM-IN-MIND COMMUNITY INTEREST COMPANY
MHS132,RTT Performance Percentage,*,01/01/2026,31/03/2026,AUTISM-IN-MIND COMMUNITY INTEREST COMPANY
MHS125,People Entering RTT Pathway,*,01/01/2026,31/03/2026,ABBI CLINIC
MHS126,People Waiting,*,01/01/2026,31/03/2026,ABBI CLINIC
MHS131,People Treated,*,01/01/2026,31/03/2026,ABBI CLINIC
MHS132,RTT Performance Percentage,*,01/01/2026,31/03/2026,ABBI CLINIC
MHS125,People Entering RTT Pathway,*,01/01/2026,31/03/2026,COMPACT FOR RACE EQUALITY IN SOUTH TYNESIDE
MHS126,People Waiting,*,01/01/2026,31/03/2026,COMPACT FOR RACE EQUALITY IN SOUTH TYNESIDE
MHS131,People Treated,*,01/01/2026,31/03/2026,COMPACT FOR RACE EQUALITY IN SOUTH TYNESIDE
MHS132,RTT Performance Percentage,*,01/01/2026,31/03/2026,COMPACT FOR RACE EQUALITY IN SOUTH TYNESIDE
MHS125,People Entering RTT Pathway,*,01/01/2026,31/03/2026,ACHIEVING FOR CHILDREN - RICHMOND AND KINGSTON
MHS126,People Waiting,*,01/01/2026,31/03/2026,ACHIEVING FOR CHILDREN - RICHMOND AND KINGSTON
MHS131,People Treated,81,01/01/2026,31/03/2026,ACHIEVING FOR CHILDREN - RICHMOND AND KINGSTON
MHS132,RTT Performance Percentage,238,01/01/2026,31/03/2026,ACHIEVING FOR CHILDREN - RICHMOND AND KINGSTON
MHS125,People Entering RTT Pathway,*,01/01/2026,31/03/2026,BEACON COUNSELLING
MHS126,People Waiting,*,01/01/2026,31/03/2026,BEACON COUNSELLING
MHS131,People Treated,23,01/01/2026,31/03/2026,BEACON COUNSELLING
MHS132,RTT Performance Percentage,74,01/01/2026,31/03/2026,BEACON COUNSELLING
MHS125,People Entering RTT Pathway,*,01/01/2026,31/03/2026,HULL AND EAST YORKSHIRE MIND
MHS126,People Waiting,*,01/01/2026,31/03/2026,HULL AND EAST YORKSHIRE MIND
MHS131,People Treated,52,01/01/2026,31/03/2026,HULL AND EAST YORKSHIRE MIND
MHS132,RTT Performance Percentage,225,01/01/2026,31/03/2026,HULL AND EAST YORKSHIRE MIND
MHS125,People Entering RTT Pathway,*,01/01/2026,31/03/2026,ELYSIUM HEALTHCARE
MHS126,People Waiting,*,01/01/2026,31/03/2026,ELYSIUM HEALTHCARE
MHS131,People Treated,*,01/01/2026,31/03/2026,ELYSIUM HEALTHCARE
MHS132,RTT Performance Percentage,*,01/01/2026,31/03/2026,ELYSIUM HEALTHCARE
MHS125,People Entering RTT Pathway,*,01/01/2026,31/03/2026,KOOTH DIGITAL HEALTH LIMITED
MHS126,People Waiting,*,01/01/2026,31/03/2026,KOOTH DIGITAL HEALTH LIMITED
MHS131,People Treated,0,01/01/2026,31/03/2026,KOOTH DIGITAL HEALTH LIMITED
MHS132,RTT Performance Percentage,0,01/01/2026,31/03/2026,KOOTH DIGITAL HEALTH LIMITED
MHS125,People Entering RTT Pathway,194,01/01/2026,31/03/2026,THE BRANDON CENTRE
MHS126,People Waiting,541,01/01/2026,31/03/2026,THE BRANDON CENTRE
MHS131,People Treated,102,01/01/2026,31/03/2026,THE BRANDON CENTRE
MHS132,RTT Performance Percentage,436,01/01/2026,31/03/2026,THE BRANDON CENTRE
MHS125,People Entering RTT Pathway,*,01/01/2026,31/03/2026,CLINICAL PARTNERS
MHS126,People Waiting,*,01/01/2026,31/03/2026,CLINICAL PARTNERS
MHS131,People Treated,345,01/01/2026,31/03/2026,CLINICAL PARTNERS
MHS132,RTT Performance Percentage,852,01/01/2026,31/03/2026,CLINICAL PARTNERS
MHS125,People Entering RTT Pathway,*,01/01/2026,31/03/2026,ELLERN MEDE
MHS126,People Waiting,*,01/01/2026,31/03/2026,ELLERN MEDE
MHS131,People Treated,*,01/01/2026,31/03/2026,ELLERN MEDE
MHS132,RTT Performance Percentage,*,01/01/2026,31/03/2026,ELLERN MEDE
MHS125,People Entering RTT Pathway,*,01/01/2026,31/03/2026,COMPASS
MHS126,People Waiting,*,01/01/2026,31/03/2026,COMPASS
MHS131,People Treated,8,01/01/2026,31/03/2026,COMPASS
MHS132,RTT Performance Percentage,33,01/01/2026,31/03/2026,COMPASS
MHS125,People Entering RTT Pathway,*,01/01/2026,31/03/2026,CHUMS CIC
MHS126,People Waiting,*,01/01/2026,31/03/2026,CHUMS CIC
MHS131,People Treated,35,01/01/2026,31/03/2026,CHUMS CIC
MHS132,RTT Performance Percentage,106,01/01/2026,31/03/2026,CHUMS CIC
MHS125,People Entering RTT Pathway,*,01/01/2026,31/03/2026,PSYCH-UK LIMITED
MHS126,People Waiting,*,01/01/2026,31/03/2026,PSYCH-UK LIMITED
MHS131,People Treated,76,01/01/2026,31/03/2026,PSYCH-UK LIMITED
MHS132,RTT Performance Percentage,144,01/01/2026,31/03/2026,PSYCH-UK LIMITED
MHS125,People Entering RTT Pathway,*,01/01/2026,31/03/2026,42ND STREET
MHS126,People Waiting,*,01/01/2026,31/03/2026,42ND STREET
MHS131,People Treated,26,01/01/2026,31/03/2026,42ND STREET
MHS132,RTT Performance Percentage,78,01/01/2026,31/03/2026,42ND STREET
MHS125,People Entering RTT Pathway,*,01/01/2026,31/03/2026,THE WHAT CENTRE LIMITED
MHS126,People Waiting,*,01/01/2026,31/03/2026,THE WHAT CENTRE LIMITED
MHS131,People Treated,19,01/01/2026,31/03/2026,THE WHAT CENTRE LIMITED
MHS132,RTT Performance Percentage,78,01/01/2026,31/03/2026,THE WHAT CENTRE LIMITED
MHS125,People Entering RTT Pathway,*,01/01/2026,31/03/2026,BRADFORD THERAPEUTIC SERVICES
MHS126,People Waiting,*,01/01/2026,31/03/2026,BRADFORD THERAPEUTIC SERVICES
MHS131,People Treated,93,01/01/2026,31/03/2026,BRADFORD THERAPEUTIC SERVICES
MHS132,RTT Performance Percentage,152,01/01/2026,31/03/2026,BRADFORD THERAPEUTIC SERVICES
MHS125,People Entering RTT Pathway,*,01/01/2026,31/03/2026,LEICESTER POST SEXUAL ABUSE SERVICE
MHS126,People Waiting,*,01/01/2026,31/03/2026,LEICESTER POST SEXUAL ABUSE SERVICE
MHS131,People Treated,*,01/01/2026,31/03/2026,LEICESTER POST SEXUAL ABUSE SERVICE
MHS132,RTT Performance Percentage,*,01/01/2026,31/03/2026,LEICESTER POST SEXUAL ABUSE SERVICE
MHS125,People Entering RTT Pathway,*,01/01/2026,31/03/2026,OFF THE RECORD YOUTH COUNSELLING
MHS126,People Waiting,*,01/01/2026,31/03/2026,OFF THE RECORD YOUTH COUNSELLING
MHS131,People Treated,30,01/01/2026,31/03/2026,OFF THE RECORD YOUTH COUNSELLING
MHS132,RTT Performance Percentage,85,01/01/2026,31/03/2026,OFF THE RECORD YOUTH COUNSELLING
MHS125,People Entering RTT Pathway,*,01/01/2026,31/03/2026,OPTIONS FOR CARE
MHS126,People Waiting,*,01/01/2026,31/03/2026,OPTIONS FOR CARE
MHS131,People Treated,*,01/01/2026,31/03/2026,OPTIONS FOR CARE
MHS132,RTT Performance Percentage,*,01/01/2026,31/03/2026,OPTIONS FOR CARE
MHS125,People Entering RTT Pathway,*,01/01/2026,31/03/2026,ACTIVE PATHWAYS
MHS126,People Waiting,*,01/01/2026,31/03/2026,ACTIVE PATHWAYS
MHS131,People Treated,*,01/01/2026,31/03/2026,ACTIVE PATHWAYS
MHS132,RTT Performance Percentage,*,01/01/2026,31/03/2026,ACTIVE PATHWAYS
MHS125,People Entering RTT Pathway,*,01/01/2026,31/03/2026,SOLUTIONS4HEALTH LTD
MHS126,People Waiting,*,01/01/2026,31/03/2026,SOLUTIONS4HEALTH LTD
MHS131,People Treated,35,01/01/2026,31/03/2026,SOLUTIONS4HEALTH LTD
MHS132,RTT Performance Percentage,40,01/01/2026,31/03/2026,SOLUTIONS4HEALTH LTD
MHS125,People Entering RTT Pathway,13,01/01/2026,31/03/2026,STEP 2 YOUNG PEOPLE'S HEALTH (TONG STREET)
MHS126,People Waiting,28,01/01/2026,31/03/2026,STEP 2 YOUNG PEOPLE'S HEALTH (TONG STREET)
MHS131,People Treated,13,01/01/2026,31/03/2026,STEP 2 YOUNG PEOPLE'S HEALTH (TONG STREET)
MHS132,RTT Performance Percentage,108,01/01/2026,31/03/2026,STEP 2 YOUNG PEOPLE'S HEALTH (TONG STREET)
MHS125,People Entering RTT Pathway,*,01/01/2026,31/03/2026,BARNARDO'S LISTER HILLS BRADFORD
MHS126,People Waiting,*,01/01/2026,31/03/2026,BARNARDO'S LISTER HILLS BRADFORD
MHS131,People Treated,26,01/01/2026,31/03/2026,BARNARDO'S LISTER HILLS BRADFORD
MHS132,RTT Performance Percentage,65,01/01/2026,31/03/2026,BARNARDO'S LISTER HILLS BRADFORD
MHS125,People Entering RTT Pathway,*,01/01/2026,31/03/2026,ISLINGTON MENTAL HEALTH SERVICE
MHS126,People Waiting,*,01/01/2026,31/03/2026,ISLINGTON MENTAL HEALTH SERVICE
MHS131,People Treated,101,01/01/2026,31/03/2026,ISLINGTON MENTAL HEALTH SERVICE
MHS132,RTT Performance Percentage,244,01/01/2026,31/03/2026,ISLINGTON MENTAL HEALTH SERVICE
MHS125,People Entering RTT Pathway,*,01/01/2026,31/03/2026,BARNARDO'S MYTIME CUMBRIA
MHS126,People Waiting,*,01/01/2026,31/03/2026,BARNARDO'S MYTIME CUMBRIA
MHS131,People Treated,70,01/01/2026,31/03/2026,BARNARDO'S MYTIME CUMBRIA
MHS132,RTT Performance Percentage,97,01/01/2026,31/03/2026,BARNARDO'S MYTIME CUMBRIA
MHS125,People Entering RTT Pathway,*,01/01/2026,31/03/2026,SOUTH MENTAL HEALTH SUPPORT TEAM - CUMBRIA
MHS126,People Waiting,*,01/01/2026,31/03/2026,SOUTH MENTAL HEALTH SUPPORT TEAM - CUMBRIA
MHS131,People Treated,20,01/01/2026,31/03/2026,SOUTH MENTAL HEALTH SUPPORT TEAM - CUMBRIA
MHS132,RTT Performance Percentage,96,01/01/2026,31/03/2026,SOUTH MENTAL HEALTH SUPPORT TEAM - CUMBRIA
MHS125,People Entering RTT Pathway,*,01/01/2026,31/03/2026,YOUNG PERSON'S SOCIAL PERSCRIBING SERVICE - CUMBRIA
MHS126,People Waiting,*,01/01/2026,31/03/2026,YOUNG PERSON'S SOCIAL PERSCRIBING SERVICE - CUMBRIA
MHS131,People Treated,*,01/01/2026,31/03/2026,YOUNG PERSON'S SOCIAL PERSCRIBING SERVICE - CUMBRIA
MHS132,RTT Performance Percentage,*,01/01/2026,31/03/2026,YOUNG PERSON'S SOCIAL PERSCRIBING SERVICE - CUMBRIA
MHS125,People Entering RTT Pathway,*,01/01/2026,31/03/2026,ALZHEIMER'S SOCIETY CAMBRIDGESHIRE AND PETERBOROUGH
MHS126,People Waiting,*,01/01/2026,31/03/2026,ALZHEIMER'S SOCIETY CAMBRIDGESHIRE AND PETERBOROUGH
MHS131,People Treated,*,01/01/2026,31/03/2026,ALZHEIMER'S SOCIETY CAMBRIDGESHIRE AND PETERBOROUGH
MHS132,RTT Performance Percentage,*,01/01/2026,31/03/2026,ALZHEIMER'S SOCIETY CAMBRIDGESHIRE AND PETERBOROUGH
MHS125,People Entering RTT Pathway,*,01/01/2026,31/03/2026,SYA
MHS126,People Waiting,*,01/01/2026,31/03/2026,SYA
MHS131,People Treated,0,01/01/2026,31/03/2026,SYA
MHS132,RTT Performance Percentage,0,01/01/2026,31/03/2026,SYA
MHS125,People Entering RTT Pathway,*,01/01/2026,31/03/2026,EAST SUSSEX SWIFT
MHS126,People Waiting,*,01/01/2026,31/03/2026,EAST SUSSEX SWIFT
MHS131,People Treated,85,01/01/2026,31/03/2026,EAST SUSSEX SWIFT
MHS132,RTT Performance Percentage,258,01/01/2026,31/03/2026,EAST SUSSEX SWIFT
MHS125,People Entering RTT Pathway,*,01/01/2026,31/03/2026,OPTIMISE HEALTHCARE GROUP
MHS126,People Waiting,*,01/01/2026,31/03/2026,OPTIMISE HEALTHCARE GROUP
MHS131,People Treated,*,01/01/2026,31/03/2026,OPTIMISE HEALTHCARE GROUP
MHS132,RTT Performance Percentage,*,01/01/2026,31/03/2026,OPTIMISE HEALTHCARE GROUP
MHS125,People Entering RTT Pathway,*,01/01/2026,31/03/2026,DARLINGTON MIND
MHS126,People Waiting,*,01/01/2026,31/03/2026,DARLINGTON MIND
MHS131,People Treated,*,01/01/2026,31/03/2026,DARLINGTON MIND
MHS132,RTT Performance Percentage,*,01/01/2026,31/03/2026,DARLINGTON MIND
MHS125,People Entering RTT Pathway,*,01/01/2026,31/03/2026,EAST BERKSHIRE SAFE HAVEN
MHS126,People Waiting,*,01/01/2026,31/03/2026,EAST BERKSHIRE SAFE HAVEN
MHS131,People Treated,*,01/01/2026,31/03/2026,EAST BERKSHIRE SAFE HAVEN
MHS132,RTT Performance Percentage,*,01/01/2026,31/03/2026,EAST BERKSHIRE SAFE HAVEN
MHS125,People Entering RTT Pathway,*,01/01/2026,31/03/2026,BARNARDO'S INDPENDENCE PROJECT
MHS126,People Waiting,*,01/01/2026,31/03/2026,BARNARDO'S INDPENDENCE PROJECT
MHS131,People Treated,*,01/01/2026,31/03/2026,BARNARDO'S INDPENDENCE PROJECT
MHS132,RTT Performance Percentage,*,01/01/2026,31/03/2026,BARNARDO'S INDPENDENCE PROJECT
MHS125,People Entering RTT Pathway,*,01/01/2026,31/03/2026,BOLTON TOGETHER
MHS126,People Waiting,*,01/01/2026,31/03/2026,BOLTON TOGETHER
MHS131,People Treated,*,01/01/2026,31/03/2026,BOLTON TOGETHER
MHS132,RTT Performance Percentage,*,01/01/2026,31/03/2026,BOLTON TOGETHER
MHS125,People Entering RTT Pathway,*,01/01/2026,31/03/2026,ISORROPIA FOUNDATION CIC
MHS126,People Waiting,*,01/01/2026,31/03/2026,ISORROPIA FOUNDATION CIC
MHS131,People Treated,*,01/01/2026,31/03/2026,ISORROPIA FOUNDATION CIC
MHS132,RTT Performance Percentage,*,01/01/2026,31/03/2026,ISORROPIA FOUNDATION CIC
MHS125,People Entering RTT Pathway,*,01/01/2026,31/03/2026,YORK SAFE HAVEN
MHS126,People Waiting,*,01/01/2026,31/03/2026,YORK SAFE HAVEN
MHS131,People Treated,*,01/01/2026,31/03/2026,YORK SAFE HAVEN
MHS132,RTT Performance Percentage,*,01/01/2026,31/03/2026,YORK SAFE HAVEN
MHS125,People Entering RTT Pathway,*,01/01/2026,31/03/2026,KALMER COUNSELLING
MHS126,People Waiting,*,01/01/2026,31/03/2026,KALMER COUNSELLING
MHS131,People Treated,*,01/01/2026,31/03/2026,KALMER COUNSELLING
MHS132,RTT Performance Percentage,*,01/01/2026,31/03/2026,KALMER COUNSELLING
MHS125,People Entering RTT Pathway,*,01/01/2026,31/03/2026,ANDOVER MIND - ARCADE HOUSE
MHS126,People Waiting,*,01/01/2026,31/03/2026,ANDOVER MIND - ARCADE HOUSE
MHS131,People Treated,*,01/01/2026,31/03/2026,ANDOVER MIND - ARCADE HOUSE
MHS132,RTT Performance Percentage,*,01/01/2026,31/03/2026,ANDOVER MIND - ARCADE HOUSE
MHS125,People Entering RTT Pathway,*,01/01/2026,31/03/2026,BARNSLEY SUPPORT HUB
MHS126,People Waiting,*,01/01/2026,31/03/2026,BARNSLEY SUPPORT HUB
MHS131,People Treated,*,01/01/2026,31/03/2026,BARNSLEY SUPPORT HUB
MHS132,RTT Performance Percentage,*,01/01/2026,31/03/2026,BARNSLEY SUPPORT HUB
MHS125,People Entering RTT Pathway,*,01/01/2026,31/03/2026,MARY FRANCES TRUST
MHS126,People Waiting,*,01/01/2026,31/03/2026,MARY FRANCES TRUST
MHS131,People Treated,*,01/01/2026,31/03/2026,MARY FRANCES TRUST
MHS132,RTT Performance Percentage,*,01/01/2026,31/03/2026,MARY FRANCES TRUST
MHS125,People Entering RTT Pathway,*,01/01/2026,31/03/2026,CAFE 71
MHS126,People Waiting,*,01/01/2026,31/03/2026,CAFE 71
MHS131,People Treated,*,01/01/2026,31/03/2026,CAFE 71
MHS132,RTT Performance Percentage,*,01/01/2026,31/03/2026,CAFE 71
MHS125,People Entering RTT Pathway,0,01/01/2026,31/03/2026,RICHMOND FELLOWSHIP - BNSSG
MHS126,People Waiting,176,01/01/2026,31/03/2026,RICHMOND FELLOWSHIP - BNSSG
MHS131,People Treated,0,01/01/2026,31/03/2026,RICHMOND FELLOWSHIP - BNSSG
MHS132,RTT Performance Percentage,0,01/01/2026,31/03/2026,RICHMOND FELLOWSHIP - BNSSG
MHS125,People Entering RTT Pathway,*,01/01/2026,31/03/2026,TOGETHER WE CIC
MHS126,People Waiting,*,01/01/2026,31/03/2026,TOGETHER WE CIC
MHS131,People Treated,*,01/01/2026,31/03/2026,TOGETHER WE CIC
MHS132,RTT Performance Percentage,*,01/01/2026,31/03/2026,TOGETHER WE CIC
MHS125,People Entering RTT Pathway,*,01/01/2026,31/03/2026,ACTIVE CARE GROUP
MHS126,People Waiting,*,01/01/2026,31/03/2026,ACTIVE CARE GROUP
MHS131,People Treated,*,01/01/2026,31/03/2026,ACTIVE CARE GROUP
MHS132,RTT Performance Percentage,*,01/01/2026,31/03/2026,ACTIVE CARE GROUP
MHS125,People Entering RTT Pathway,*,01/01/2026,31/03/2026,TELLMI LTD
MHS126,People Waiting,*,01/01/2026,31/03/2026,TELLMI LTD
MHS131,People Treated,*,01/01/2026,31/03/2026,TELLMI LTD
MHS132,RTT Performance Percentage,*,01/01/2026,31/03/2026,TELLMI LTD
MHS125,People Entering RTT Pathway,*,01/01/2026,31/03/2026,MHST ISLE OF WIGHT
MHS126,People Waiting,*,01/01/2026,31/03/2026,MHST ISLE OF WIGHT
MHS131,People Treated,21,01/01/2026,31/03/2026,MHST ISLE OF WIGHT
MHS132,RTT Performance Percentage,36,01/01/2026,31/03/2026,MHST ISLE OF WIGHT
MHS125,People Entering RTT Pathway,48,01/01/2026,31/03/2026,STANDGUIDE GROUP
MHS126,People Waiting,361,01/01/2026,31/03/2026,STANDGUIDE GROUP
MHS131,People Treated,*,01/01/2026,31/03/2026,STANDGUIDE GROUP
MHS132,RTT Performance Percentage,*,01/01/2026,31/03/2026,STANDGUIDE GROUP
MHS125,People Entering RTT Pathway,57,01/01/2026,31/03/2026,NORTH LONDON NHS FOUNDATION TRUST
MHS126,People Waiting,248,01/01/2026,31/03/2026,NORTH LONDON NHS FOUNDATION TRUST
MHS131,People Treated,12,01/01/2026,31/03/2026,NORTH LONDON NHS FOUNDATION TRUST
MHS132,RTT Performance Percentage,280,01/01/2026,31/03/2026,NORTH LONDON NHS FOUNDATION TRUST
MHS125,People Entering RTT Pathway,*,01/01/2026,31/03/2026,BEAT
MHS126,People Waiting,*,01/01/2026,31/03/2026,BEAT
MHS131,People Treated,*,01/01/2026,31/03/2026,BEAT
MHS132,RTT Performance Percentage,*,01/01/2026,31/03/2026,BEAT
MHS125,People Entering RTT Pathway,*,01/01/2026,31/03/2026,INVOLVE KENT
MHS126,People Waiting,*,01/01/2026,31/03/2026,INVOLVE KENT
MHS131,People Treated,35,01/01/2026,31/03/2026,INVOLVE KENT
MHS132,RTT Performance Percentage,87,01/01/2026,31/03/2026,INVOLVE KENT
MHS125,People Entering RTT Pathway,*,01/01/2026,31/03/2026,YOUNG SOMERSET (EDINGTON)
MHS126,People Waiting,*,01/01/2026,31/03/2026,YOUNG SOMERSET (EDINGTON)
MHS131,People Treated,4,01/01/2026,31/03/2026,YOUNG SOMERSET (EDINGTON)
MHS132,RTT Performance Percentage,49,01/01/2026,31/03/2026,YOUNG SOMERSET (EDINGTON)
MHS125,People Entering RTT Pathway,*,01/01/2026,31/03/2026,START (BRUNSWICK HOUSE)
MHS126,People Waiting,*,01/01/2026,31/03/2026,START (BRUNSWICK HOUSE)
MHS131,People Treated,*,01/01/2026,31/03/2026,START (BRUNSWICK HOUSE)
MHS132,RTT Performance Percentage,*,01/01/2026,31/03/2026,START (BRUNSWICK HOUSE)
MHS125,People Entering RTT Pathway,*,01/01/2026,31/03/2026,MILL LODGE HOSPITAL
MHS126,People Waiting,*,01/01/2026,31/03/2026,MILL LODGE HOSPITAL
MHS131,People Treated,*,01/01/2026,31/03/2026,MILL LODGE HOSPITAL
MHS132,RTT Performance Percentage,*,01/01/2026,31/03/2026,MILL LODGE HOSPITAL
MHS125,People Entering RTT Pathway,*,01/01/2026,31/03/2026,ADHD360 LIMITED
MHS126,People Waiting,*,01/01/2026,31/03/2026,ADHD360 LIMITED
MHS131,People Treated,146,01/01/2026,31/03/2026,ADHD360 LIMITED
MHS132,RTT Performance Percentage,293,01/01/2026,31/03/2026,ADHD360 LIMITED
MHS125,People Entering RTT Pathway,31,01/01/2026,31/03/2026,WAYTHROUGH (SHF)
MHS126,People Waiting,110,01/01/2026,31/03/2026,WAYTHROUGH (SHF)
MHS131,People Treated,*,01/01/2026,31/03/2026,WAYTHROUGH (SHF)
MHS132,RTT Performance Percentage,*,01/01/2026,31/03/2026,WAYTHROUGH (SHF)
MHS125,People Entering RTT Pathway,*,01/01/2026,31/03/2026,TIGER
MHS126,People Waiting,*,01/01/2026,31/03/2026,TIGER
MHS131,People Treated,*,01/01/2026,31/03/2026,TIGER
MHS132,RTT Performance Percentage,*,01/01/2026,31/03/2026,TIGER
MHS125,People Entering RTT Pathway,*,01/01/2026,31/03/2026,FRAMEWORK HOUSING ASSOCIATION - WELLNESS IN MIND
MHS126,People Waiting,*,01/01/2026,31/03/2026,FRAMEWORK HOUSING ASSOCIATION - WELLNESS IN MIND
MHS131,People Treated,*,01/01/2026,31/03/2026,FRAMEWORK HOUSING ASSOCIATION - WELLNESS IN MIND
MHS132,RTT Performance Percentage,*,01/01/2026,31/03/2026,FRAMEWORK HOUSING ASSOCIATION - WELLNESS IN MIND
MHS125,People Entering RTT Pathway,*,01/01/2026,31/03/2026,BARNARDOS LINK SERVICE
MHS126,People Waiting,*,01/01/2026,31/03/2026,BARNARDOS LINK SERVICE
MHS131,People Treated,*,01/01/2026,31/03/2026,BARNARDOS LINK SERVICE
MHS132,RTT Performance Percentage,*,01/01/2026,31/03/2026,BARNARDOS LINK SERVICE
MHS125,People Entering RTT Pathway,*,01/01/2026,31/03/2026,GADDUM CENTRE
MHS126,People Waiting,*,01/01/2026,31/03/2026,GADDUM CENTRE
MHS131,People Treated,383,01/01/2026,31/03/2026,GADDUM CENTRE
MHS132,RTT Performance Percentage,456,01/01/2026,31/03/2026,GADDUM CENTRE
MHS125,People Entering RTT Pathway,*,01/01/2026,31/03/2026,OAKDALE THERAPIES
MHS126,People Waiting,*,01/01/2026,31/03/2026,OAKDALE THERAPIES
MHS131,People Treated,412,01/01/2026,31/03/2026,OAKDALE THERAPIES
MHS132,RTT Performance Percentage,755,01/01/2026,31/03/2026,OAKDALE THERAPIES
MHS125,People Entering RTT Pathway,*,01/01/2026,31/03/2026,BERKELEY PSYCHIATRISTS LTD
MHS126,People Waiting,*,01/01/2026,31/03/2026,BERKELEY PSYCHIATRISTS LTD
MHS131,People Treated,*,01/01/2026,31/03/2026,BERKELEY PSYCHIATRISTS LTD
MHS132,RTT Performance Percentage,*,01/01/2026,31/03/2026,BERKELEY PSYCHIATRISTS LTD
MHS125,People Entering RTT Pathway,*,01/01/2026,31/03/2026,M6 THEATRE COMPANY
MHS126,People Waiting,*,01/01/2026,31/03/2026,M6 THEATRE COMPANY
MHS131,People Treated,*,01/01/2026,31/03/2026,M6 THEATRE COMPANY
MHS132,RTT Performance Percentage,*,01/01/2026,31/03/2026,M6 THEATRE COMPANY
MHS125,People Entering RTT Pathway,*,01/01/2026,31/03/2026,PIONEERING CARE PARTNERSHIP
MHS126,People Waiting,*,01/01/2026,31/03/2026,PIONEERING CARE PARTNERSHIP
MHS131,People Treated,*,01/01/2026,31/03/2026,PIONEERING CARE PARTNERSHIP
MHS132,RTT Performance Percentage,*,01/01/2026,31/03/2026,PIONEERING CARE PARTNERSHIP
MHS125,People Entering RTT Pathway,*,01/01/2026,31/03/2026,THE OWL CENTRE
MHS126,People Waiting,*,01/01/2026,31/03/2026,THE OWL CENTRE
MHS131,People Treated,254,01/01/2026,31/03/2026,THE OWL CENTRE
MHS132,RTT Performance Percentage,449,01/01/2026,31/03/2026,THE OWL CENTRE
MHS125,People Entering RTT Pathway,*,01/01/2026,31/03/2026,THE ARTS OF CHANGE TRUST
MHS126,People Waiting,*,01/01/2026,31/03/2026,THE ARTS OF CHANGE TRUST
MHS131,People Treated,84,01/01/2026,31/03/2026,THE ARTS OF CHANGE TRUST
MHS132,RTT Performance Percentage,153,01/01/2026,31/03/2026,THE ARTS OF CHANGE TRUST
MHS125,People Entering RTT Pathway,*,01/01/2026,31/03/2026,DERBYSHIRE FEDERATION FOR MENTAL HEALTH
MHS126,People Waiting,*,01/01/2026,31/03/2026,DERBYSHIRE FEDERATION FOR MENTAL HEALTH
MHS131,People Treated,57,01/01/2026,31/03/2026,DERBYSHIRE FEDERATION FOR MENTAL HEALTH
MHS132,RTT Performance Percentage,115,01/01/2026,31/03/2026,DERBYSHIRE FEDERATION FOR MENTAL HEALTH
MHS125,People Entering RTT Pathway,*,01/01/2026,31/03/2026,THE MOORINGS DEVON
MHS126,People Waiting,*,01/01/2026,31/03/2026,THE MOORINGS DEVON
MHS131,People Treated,0,01/01/2026,31/03/2026,THE MOORINGS DEVON
MHS132,RTT Performance Percentage,0,01/01/2026,31/03/2026,THE MOORINGS DEVON
MHS125,People Entering RTT Pathway,*,01/01/2026,31/03/2026,HELD HEALTH LIMITED
MHS126,People Waiting,*,01/01/2026,31/03/2026,HELD HEALTH LIMITED
MHS131,People Treated,*,01/01/2026,31/03/2026,HELD HEALTH LIMITED
MHS132,RTT Performance Percentage,*,01/01/2026,31/03/2026,HELD HEALTH LIMITED
MHS125,People Entering RTT Pathway,26,01/01/2026,31/03/2026,CARALINE
MHS126,People Waiting,54,01/01/2026,31/03/2026,CARALINE
MHS131,People Treated,20,01/01/2026,31/03/2026,CARALINE
MHS132,RTT Performance Percentage,43,01/01/2026,31/03/2026,CARALINE
MHS125,People Entering RTT Pathway,*,01/01/2026,31/03/2026,KENT & MEDWAY SAFE HAVENS
MHS126,People Waiting,*,01/01/2026,31/03/2026,KENT & MEDWAY SAFE HAVENS
MHS131,People Treated,*,01/01/2026,31/03/2026,KENT & MEDWAY SAFE HAVENS
MHS132,RTT Performance Percentage,*,01/01/2026,31/03/2026,KENT & MEDWAY SAFE HAVENS
MHS125,People Entering RTT Pathway,37,01/01/2026,31/03/2026,NORFOLK AND WAVENEY MIND
MHS126,People Waiting,105,01/01/2026,31/03/2026,NORFOLK AND WAVENEY MIND
MHS131,People Treated,*,01/01/2026,31/03/2026,NORFOLK AND WAVENEY MIND
MHS132,RTT Performance Percentage,*,01/01/2026,31/03/2026,NORFOLK AND WAVENEY MIND
MHS125,People Entering RTT Pathway,*,01/01/2026,31/03/2026,TAKE OFF
MHS126,People Waiting,*,01/01/2026,31/03/2026,TAKE OFF
MHS131,People Treated,*,01/01/2026,31/03/2026,TAKE OFF
MHS132,RTT Performance Percentage,*,01/01/2026,31/03/2026,TAKE OFF
MHS125,People Entering RTT Pathway,*,01/01/2026,31/03/2026,FAIR FUTURES CIC
MHS126,People Waiting,*,01/01/2026,31/03/2026,FAIR FUTURES CIC
MHS131,People Treated,*,01/01/2026,31/03/2026,FAIR FUTURES CIC
MHS132,RTT Performance Percentage,*,01/01/2026,31/03/2026,FAIR FUTURES CIC
MHS125,People Entering RTT Pathway,*,01/01/2026,31/03/2026,ARCADIA CARE LTD
MHS126,People Waiting,*,01/01/2026,31/03/2026,ARCADIA CARE LTD
MHS131,People Treated,*,01/01/2026,31/03/2026,ARCADIA CARE LTD
MHS132,RTT Performance Percentage,*,01/01/2026,31/03/2026,ARCADIA CARE LTD
MHS125,People Entering RTT Pathway,*,01/01/2026,31/03/2026,BLACK COUNTRY MENTAL HEALTH
MHS126,People Waiting,*,01/01/2026,31/03/2026,BLACK COUNTRY MENTAL HEALTH
MHS131,People Treated,44,01/01/2026,31/03/2026,BLACK COUNTRY MENTAL HEALTH
MHS132,RTT Performance Percentage,68,01/01/2026,31/03/2026,BLACK COUNTRY MENTAL HEALTH
MHS125,People Entering RTT Pathway,*,01/01/2026,31/03/2026,SURREY WELLBEING PARTNERSHIP
MHS126,People Waiting,*,01/01/2026,31/03/2026,SURREY WELLBEING PARTNERSHIP
MHS131,People Treated,23,01/01/2026,31/03/2026,SURREY WELLBEING PARTNERSHIP
MHS132,RTT Performance Percentage,137,01/01/2026,31/03/2026,SURREY WELLBEING PARTNERSHIP
MHS125,People Entering RTT Pathway,*,01/01/2026,31/03/2026,SHEFFIELD SUPPORT HUB
MHS126,People Waiting,*,01/01/2026,31/03/2026,SHEFFIELD SUPPORT HUB
MHS131,People Treated,0,01/01/2026,31/03/2026,SHEFFIELD SUPPORT HUB
MHS132,RTT Performance Percentage,0,01/01/2026,31/03/2026,SHEFFIELD SUPPORT HUB
MHS125,People Entering RTT Pathway,*,01/01/2026,31/03/2026,ST HELEN'S RESILIENCE SERVICE
MHS126,People Waiting,*,01/01/2026,31/03/2026,ST HELEN'S RESILIENCE SERVICE
MHS131,People Treated,39,01/01/2026,31/03/2026,ST HELEN'S RESILIENCE SERVICE
MHS132,RTT Performance Percentage,56,01/01/2026,31/03/2026,ST HELEN'S RESILIENCE SERVICE
MHS125,People Entering RTT Pathway,*,01/01/2026,31/03/2026,BAND
MHS126,People Waiting,*,01/01/2026,31/03/2026,BAND
MHS131,People Treated,*,01/01/2026,31/03/2026,BAND
MHS132,RTT Performance Percentage,*,01/01/2026,31/03/2026,BAND
MHS125,People Entering RTT Pathway,*,01/01/2026,31/03/2026,ROTHERHAM SAFE SPACE
MHS126,People Waiting,*,01/01/2026,31/03/2026,ROTHERHAM SAFE SPACE
MHS131,People Treated,*,01/01/2026,31/03/2026,ROTHERHAM SAFE SPACE
MHS132,RTT Performance Percentage,*,01/01/2026,31/03/2026,ROTHERHAM SAFE SPACE
MHS125,People Entering RTT Pathway,*,01/01/2026,31/03/2026,CHILDREN AND YOUNG PEOPLES EMPOWERMENT PROJECT (CHILYPEP)
MHS126,People Waiting,*,01/01/2026,31/03/2026,CHILDREN AND YOUNG PEOPLES EMPOWERMENT PROJECT (CHILYPEP)
MHS131,People Treated,14,01/01/2026,31/03/2026,CHILDREN AND YOUNG PEOPLES EMPOWERMENT PROJECT (CHILYPEP)
MHS132,RTT Performance Percentage,84,01/01/2026,31/03/2026,CHILDREN AND YOUNG PEOPLES EMPOWERMENT PROJECT (CHILYPEP)
MHS125,People Entering RTT Pathway,*,01/01/2026,31/03/2026,CORNWALL MIND
MHS126,People Waiting,*,01/01/2026,31/03/2026,CORNWALL MIND
MHS131,People Treated,*,01/01/2026,31/03/2026,CORNWALL MIND
MHS132,RTT Performance Percentage,*,01/01/2026,31/03/2026,CORNWALL MIND
MHS125,People Entering RTT Pathway,*,01/01/2026,31/03/2026,ABL HEALTH - SWINDON
MHS126,People Waiting,*,01/01/2026,31/03/2026,ABL HEALTH - SWINDON
MHS131,People Treated,34,01/01/2026,31/03/2026,ABL HEALTH - SWINDON
MHS132,RTT Performance Percentage,211,01/01/2026,31/03/2026,ABL HEALTH - SWINDON
MHS125,People Entering RTT Pathway,*,01/01/2026,31/03/2026,BRISTOL MIND
MHS126,People Waiting,*,01/01/2026,31/03/2026,BRISTOL MIND
MHS131,People Treated,*,01/01/2026,31/03/2026,BRISTOL MIND
MHS132,RTT Performance Percentage,*,01/01/2026,31/03/2026,BRISTOL MIND
MHS125,People Entering RTT Pathway,*,01/01/2026,31/03/2026,ANGLIA CARE TRUST
MHS126,People Waiting,*,01/01/2026,31/03/2026,ANGLIA CARE TRUST
MHS131,People Treated,*,01/01/2026,31/03/2026,ANGLIA CARE TRUST
MHS132,RTT Performance Percentage,*,01/01/2026,31/03/2026,ANGLIA CARE TRUST
MHS125,People Entering RTT Pathway,*,01/01/2026,31/03/2026,NORFOLK
MHS126,People Waiting,*,01/01/2026,31/03/2026,NORFOLK
MHS131,People Treated,*,01/01/2026,31/03/2026,NORFOLK
MHS132,RTT Performance Percentage,*,01/01/2026,31/03/2026,NORFOLK
MHS125,People Entering RTT Pathway,*,01/01/2026,31/03/2026,INNOVATE ADHD LTD
MHS126,People Waiting,*,01/01/2026,31/03/2026,INNOVATE ADHD LTD
MHS131,People Treated,*,01/01/2026,31/03/2026,INNOVATE ADHD LTD
MHS132,RTT Performance Percentage,*,01/01/2026,31/03/2026,INNOVATE ADHD LTD
MHS125,People Entering RTT Pathway,*,01/01/2026,31/03/2026,YOUR VOICE COUNTS
MHS126,People Waiting,*,01/01/2026,31/03/2026,YOUR VOICE COUNTS
MHS131,People Treated,*,01/01/2026,31/03/2026,YOUR VOICE COUNTS
MHS132,RTT Performance Percentage,*,01/01/2026,31/03/2026,YOUR VOICE COUNTS
MHS125,People Entering RTT Pathway,*,01/01/2026,31/03/2026,TEESSIDE MIND
MHS126,People Waiting,*,01/01/2026,31/03/2026,TEESSIDE MIND
MHS131,People Treated,*,01/01/2026,31/03/2026,TEESSIDE MIND
MHS132,RTT Performance Percentage,*,01/01/2026,31/03/2026,TEESSIDE MIND
MHS125,People Entering RTT Pathway,*,01/01/2026,31/03/2026,ST MATTHEWS HEALTHCARE
MHS126,People Waiting,*,01/01/2026,31/03/2026,ST MATTHEWS HEALTHCARE
MHS131,People Treated,*,01/01/2026,31/03/2026,ST MATTHEWS HEALTHCARE
MHS132,RTT Performance Percentage,*,01/01/2026,31/03/2026,ST MATTHEWS HEALTHCARE
MHS125,People Entering RTT Pathway,*,01/01/2026,31/03/2026,WE ARE WITH YOU IN CORNWALL TRURO
MHS126,People Waiting,*,01/01/2026,31/03/2026,WE ARE WITH YOU IN CORNWALL TRURO
MHS131,People Treated,21,01/01/2026,31/03/2026,WE ARE WITH YOU IN CORNWALL TRURO
MHS132,RTT Performance Percentage,60,01/01/2026,31/03/2026,WE ARE WITH YOU IN CORNWALL TRURO
MHS125,People Entering RTT Pathway,*,01/01/2026,31/03/2026,WE ARE WITH YOU IN CANTERBURY & COASTAL
MHS126,People Waiting,*,01/01/2026,31/03/2026,WE ARE WITH YOU IN CANTERBURY & COASTAL
MHS131,People Treated,62,01/01/2026,31/03/2026,WE ARE WITH YOU IN CANTERBURY & COASTAL
MHS132,RTT Performance Percentage,105,01/01/2026,31/03/2026,WE ARE WITH YOU IN CANTERBURY & COASTAL
MHS125,People Entering RTT Pathway,*,01/01/2026,31/03/2026,ADHD NORTH WEST
MHS126,People Waiting,*,01/01/2026,31/03/2026,ADHD NORTH WEST
MHS131,People Treated,0,01/01/2026,31/03/2026,ADHD NORTH WEST
MHS132,RTT Performance Percentage,0,01/01/2026,31/03/2026,ADHD NORTH WEST
MHS125,People Entering RTT Pathway,*,01/01/2026,31/03/2026,ALLIANCE PSYCHOLOGY SERVICES LTD (YARM ROAD)
MHS126,People Waiting,*,01/01/2026,31/03/2026,ALLIANCE PSYCHOLOGY SERVICES LTD (YARM ROAD)
MHS131,People Treated,24,01/01/2026,31/03/2026,ALLIANCE PSYCHOLOGY SERVICES LTD (YARM ROAD)
MHS132,RTT Performance Percentage,44,01/01/2026,31/03/2026,ALLIANCE PSYCHOLOGY SERVICES LTD (YARM ROAD)
MHS125,People Entering RTT Pathway,*,01/01/2026,31/03/2026,PSICON LIMITED
MHS126,People Waiting,*,01/01/2026,31/03/2026,PSICON LIMITED
MHS131,People Treated,290,01/01/2026,31/03/2026,PSICON LIMITED
MHS132,RTT Performance Percentage,395,01/01/2026,31/03/2026,PSICON LIMITED
MHS125,People Entering RTT Pathway,*,01/01/2026,31/03/2026,TURNING POINT
MHS126,People Waiting,*,01/01/2026,31/03/2026,TURNING POINT
MHS131,People Treated,*,01/01/2026,31/03/2026,TURNING POINT
MHS132,RTT Performance Percentage,*,01/01/2026,31/03/2026,TURNING POINT
MHS125,People Entering RTT Pathway,51,01/01/2026,31/03/2026,UNIVERSITY MEDICAL CENTRE
MHS126,People Waiting,78,01/01/2026,31/03/2026,UNIVERSITY MEDICAL CENTRE
MHS131,People Treated,*,01/01/2026,31/03/2026,UNIVERSITY MEDICAL CENTRE
MHS132,RTT Performance Percentage,*,01/01/2026,31/03/2026,UNIVERSITY MEDICAL CENTRE
MHS125,People Entering RTT Pathway,*,01/01/2026,31/03/2026,CYGNET HEALTH CARE LIMITED
MHS126,People Waiting,*,01/01/2026,31/03/2026,CYGNET HEALTH CARE LIMITED
MHS131,People Treated,*,01/01/2026,31/03/2026,CYGNET HEALTH CARE LIMITED
MHS132,RTT Performance Percentage,*,01/01/2026,31/03/2026,CYGNET HEALTH CARE LIMITED
MHS125,People Entering RTT Pathway,*,01/01/2026,31/03/2026,MAKING SPACE
MHS126,People Waiting,*,01/01/2026,31/03/2026,MAKING SPACE
MHS131,People Treated,*,01/01/2026,31/03/2026,MAKING SPACE
MHS132,RTT Performance Percentage,*,01/01/2026,31/03/2026,MAKING SPACE
MHS125,People Entering RTT Pathway,*,01/01/2026,31/03/2026,PARTNERSHIPS IN CARE LTD
MHS126,People Waiting,*,01/01/2026,31/03/2026,PARTNERSHIPS IN CARE LTD
MHS131,People Treated,*,01/01/2026,31/03/2026,PARTNERSHIPS IN CARE LTD
MHS132,RTT Performance Percentage,*,01/01/2026,31/03/2026,PARTNERSHIPS IN CARE LTD
MHS125,People Entering RTT Pathway,44,01/01/2026,31/03/2026,CITY HEALTH CARE PARTNERSHIP CIC
MHS126,People Waiting,112,01/01/2026,31/03/2026,CITY HEALTH CARE PARTNERSHIP CIC
MHS131,People Treated,*,01/01/2026,31/03/2026,CITY HEALTH CARE PARTNERSHIP CIC
MHS132,RTT Performance Percentage,*,01/01/2026,31/03/2026,CITY HEALTH CARE PARTNERSHIP CIC
MHS125,People Entering RTT Pathway,*,01/01/2026,31/03/2026,YOUR HEALTHCARE
MHS126,People Waiting,*,01/01/2026,31/03/2026,YOUR HEALTHCARE
MHS131,People Treated,27,01/01/2026,31/03/2026,YOUR HEALTHCARE
MHS132,RTT Performance Percentage,189,01/01/2026,31/03/2026,YOUR HEALTHCARE
MHS125,People Entering RTT Pathway,*,01/01/2026,31/03/2026,HERTS MIND NETWORK (HEMEL HEMPSTEAD)
MHS126,People Waiting,*,01/01/2026,31/03/2026,HERTS MIND NETWORK (HEMEL HEMPSTEAD)
MHS131,People Treated,76,01/01/2026,31/03/2026,HERTS MIND NETWORK (HEMEL HEMPSTEAD)
MHS132,RTT Performance Percentage,99,01/01/2026,31/03/2026,HERTS MIND NETWORK (HEMEL HEMPSTEAD)
MHS125,People Entering RTT Pathway,41,01/01/2026,31/03/2026,RETHINK MENTAL ILLNESS
MHS126,People Waiting,100,01/01/2026,31/03/2026,RETHINK MENTAL ILLNESS
MHS131,People Treated,*,01/01/2026,31/03/2026,RETHINK MENTAL ILLNESS
MHS132,RTT Performance Percentage,*,01/01/2026,31/03/2026,RETHINK MENTAL ILLNESS
MHS125,People Entering RTT Pathway,*,01/01/2026,31/03/2026,MEDWAY COMMUNITY HEALTHCARE
MHS126,People Waiting,*,01/01/2026,31/03/2026,MEDWAY COMMUNITY HEALTHCARE
MHS131,People Treated,420,01/01/2026,31/03/2026,MEDWAY COMMUNITY HEALTHCARE
MHS132,RTT Performance Percentage,1247,01/01/2026,31/03/2026,MEDWAY COMMUNITY HEALTHCARE
MHS125,People Entering RTT Pathway,*,01/01/2026,31/03/2026,PROVIDE
MHS126,People Waiting,*,01/01/2026,31/03/2026,PROVIDE
MHS131,People Treated,*,01/01/2026,31/03/2026,PROVIDE
MHS132,RTT Performance Percentage,*,01/01/2026,31/03/2026,PROVIDE
MHS125,People Entering RTT Pathway,36,01/01/2026,31/03/2026,NAVIGO HEALTH AND SOCIAL CARE CIC
MHS126,People Waiting,222,01/01/2026,31/03/2026,NAVIGO HEALTH AND SOCIAL CARE CIC
MHS131,People Treated,21,01/01/2026,31/03/2026,NAVIGO HEALTH AND SOCIAL CARE CIC
MHS132,RTT Performance Percentage,305,01/01/2026,31/03/2026,NAVIGO HEALTH AND SOCIAL CARE CIC
MHS125,People Entering RTT Pathway,*,01/01/2026,31/03/2026,HCRG CARE LTD
MHS126,People Waiting,*,01/01/2026,31/03/2026,HCRG CARE LTD
MHS131,People Treated,14,01/01/2026,31/03/2026,HCRG CARE LTD
MHS132,RTT Performance Percentage,57,01/01/2026,31/03/2026,HCRG CARE LTD
MHS125,People Entering RTT Pathway,62,01/01/2026,31/03/2026,LIVEWELL SOUTHWEST
MHS126,People Waiting,243,01/01/2026,31/03/2026,LIVEWELL SOUTHWEST
MHS131,People Treated,19,01/01/2026,31/03/2026,LIVEWELL SOUTHWEST
MHS132,RTT Performance Percentage,251,01/01/2026,31/03/2026,LIVEWELL SOUTHWEST
MHS125,People Entering RTT Pathway,*,01/01/2026,31/03/2026,RIVERDALE GRANGE LIMITED
MHS126,People Waiting,*,01/01/2026,31/03/2026,RIVERDALE GRANGE LIMITED
MHS131,People Treated,*,01/01/2026,31/03/2026,RIVERDALE GRANGE LIMITED
MHS132,RTT Performance Percentage,*,01/01/2026,31/03/2026,RIVERDALE GRANGE LIMITED
MHS125,People Entering RTT Pathway,*,01/01/2026,31/03/2026,PRIORY GROUP LIMITED
MHS126,People Waiting,*,01/01/2026,31/03/2026,PRIORY GROUP LIMITED
MHS131,People Treated,*,01/01/2026,31/03/2026,PRIORY GROUP LIMITED
MHS132,RTT Performance Percentage,*,01/01/2026,31/03/2026,PRIORY GROUP LIMITED
MHS125,People Entering RTT Pathway,*,01/01/2026,31/03/2026,VITA HEALTH GROUP: VITA MINDS BASILDON & BRENTWOOD
MHS126,People Waiting,*,01/01/2026,31/03/2026,VITA HEALTH GROUP: VITA MINDS BASILDON & BRENTWOOD
MHS131,People Treated,*,01/01/2026,31/03/2026,VITA HEALTH GROUP: VITA MINDS BASILDON & BRENTWOOD
MHS132,RTT Performance Percentage,*,01/01/2026,31/03/2026,VITA HEALTH GROUP: VITA MINDS BASILDON & BRENTWOOD
MHS125,People Entering RTT Pathway,*,01/01/2026,31/03/2026,BRIGHTON AND HOVE MEMORY ASSESSMENT SERVICE
MHS126,People Waiting,*,01/01/2026,31/03/2026,BRIGHTON AND HOVE MEMORY ASSESSMENT SERVICE
MHS131,People Treated,*,01/01/2026,31/03/2026,BRIGHTON AND HOVE MEMORY ASSESSMENT SERVICE
MHS132,RTT Performance Percentage,*,01/01/2026,31/03/2026,BRIGHTON AND HOVE MEMORY ASSESSMENT SERVICE
MHS125,People Entering RTT Pathway,*,01/01/2026,31/03/2026,ST ANDREW'S HEALTHCARE
MHS126,People Waiting,*,01/01/2026,31/03/2026,ST ANDREW'S HEALTHCARE
MHS131,People Treated,*,01/01/2026,31/03/2026,ST ANDREW'S HEALTHCARE
MHS132,RTT Performance Percentage,*,01/01/2026,31/03/2026,ST ANDREW'S HEALTHCARE
MHS125,People Entering RTT Pathway,283,01/01/2026,31/03/2026,INVICTA HEALTH PRIMARY CARE MENTAL HEALTH SERVICES
MHS126,People Waiting,461,01/01/2026,31/03/2026,INVICTA HEALTH PRIMARY CARE MENTAL HEALTH SERVICES
MHS131,People Treated,*,01/01/2026,31/03/2026,INVICTA HEALTH PRIMARY CARE MENTAL HEALTH SERVICES
MHS132,RTT Performance Percentage,*,01/01/2026,31/03/2026,INVICTA HEALTH PRIMARY CARE MENTAL HEALTH SERVICES
MHS125,People Entering RTT Pathway,*,01/01/2026,31/03/2026,HARROW HEALTH CIC
MHS126,People Waiting,*,01/01/2026,31/03/2026,HARROW HEALTH CIC
MHS131,People Treated,*,01/01/2026,31/03/2026,HARROW HEALTH CIC
MHS132,RTT Performance Percentage,*,01/01/2026,31/03/2026,HARROW HEALTH CIC
MHS125,People Entering RTT Pathway,*,01/01/2026,31/03/2026,SUTTON MENTAL HEALTH FOUNDATION
MHS126,People Waiting,*,01/01/2026,31/03/2026,SUTTON MENTAL HEALTH FOUNDATION
MHS131,People Treated,*,01/01/2026,31/03/2026,SUTTON MENTAL HEALTH FOUNDATION
MHS132,RTT Performance Percentage,*,01/01/2026,31/03/2026,SUTTON MENTAL HEALTH FOUNDATION
MHS125,People Entering RTT Pathway,*,01/01/2026,31/03/2026,PERSONALISED EATING DISORDER SUPPORT
MHS126,People Waiting,*,01/01/2026,31/03/2026,PERSONALISED EATING DISORDER SUPPORT
MHS131,People Treated,*,01/01/2026,31/03/2026,PERSONALISED EATING DISORDER SUPPORT
MHS132,RTT Performance Percentage,*,01/01/2026,31/03/2026,PERSONALISED EATING DISORDER SUPPORT
MHS125,People Entering RTT Pathway,*,01/01/2026,31/03/2026,ANDOVER MIND
MHS126,People Waiting,*,01/01/2026,31/03/2026,ANDOVER MIND
MHS131,People Treated,*,01/01/2026,31/03/2026,ANDOVER MIND
MHS132,RTT Performance Percentage,*,01/01/2026,31/03/2026,ANDOVER MIND
MHS125,People Entering RTT Pathway,*,01/01/2026,31/03/2026,ONSIDE
MHS126,People Waiting,*,01/01/2026,31/03/2026,ONSIDE
MHS131,People Treated,53,01/01/2026,31/03/2026,ONSIDE
MHS132,RTT Performance Percentage,156,01/01/2026,31/03/2026,ONSIDE
MHS125,People Entering RTT Pathway,*,01/01/2026,31/03/2026,AMAZE
MHS126,People Waiting,*,01/01/2026,31/03/2026,AMAZE
MHS131,People Treated,69,01/01/2026,31/03/2026,AMAZE
MHS132,RTT Performance Percentage,101,01/01/2026,31/03/2026,AMAZE
MHS125,People Entering RTT Pathway,*,01/01/2026,31/03/2026,BATH MIND
MHS126,People Waiting,*,01/01/2026,31/03/2026,BATH MIND
MHS131,People Treated,*,01/01/2026,31/03/2026,BATH MIND
MHS132,RTT Performance Percentage,*,01/01/2026,31/03/2026,BATH MIND
MHS125,People Entering RTT Pathway,201,01/01/2026,31/03/2026,MAP
MHS126,People Waiting,353,01/01/2026,31/03/2026,MAP
MHS131,People Treated,49,01/01/2026,31/03/2026,MAP
MHS132,RTT Performance Percentage,259,01/01/2026,31/03/2026,MAP
MHS125,People Entering RTT Pathway,*,01/01/2026,31/03/2026,CATCH22 (THE HIVE NW3)
MHS126,People Waiting,*,01/01/2026,31/03/2026,CATCH22 (THE HIVE NW3)
MHS131,People Treated,*,01/01/2026,31/03/2026,CATCH22 (THE HIVE NW3)
MHS132,RTT Performance Percentage,*,01/01/2026,31/03/2026,CATCH22 (THE HIVE NW3)
MHS125,People Entering RTT Pathway,*,01/01/2026,31/03/2026,ALZHEIMER'S SOCIETY SOUTH TYNESIDE AREA
MHS126,People Waiting,*,01/01/2026,31/03/2026,ALZHEIMER'S SOCIETY SOUTH TYNESIDE AREA
MHS131,People Treated,*,01/01/2026,31/03/2026,ALZHEIMER'S SOCIETY SOUTH TYNESIDE AREA
MHS132,RTT Performance Percentage,*,01/01/2026,31/03/2026,ALZHEIMER'S SOCIETY SOUTH TYNESIDE AREA
MHS125,People Entering RTT Pathway,*,01/01/2026,31/03/2026,TELEDOCTOR LTD
MHS126,People Waiting,*,01/01/2026,31/03/2026,TELEDOCTOR LTD
MHS131,People Treated,*,01/01/2026,31/03/2026,TELEDOCTOR LTD
MHS132,RTT Performance Percentage,*,01/01/2026,31/03/2026,TELEDOCTOR LTD
MHS125,People Entering RTT Pathway,*,01/01/2026,31/03/2026,HARLEY MENTAL HEALTH LTD
MHS126,People Waiting,*,01/01/2026,31/03/2026,HARLEY MENTAL HEALTH LTD
MHS131,People Treated,*,01/01/2026,31/03/2026,HARLEY MENTAL HEALTH LTD
MHS132,RTT Performance Percentage,*,01/01/2026,31/03/2026,HARLEY MENTAL HEALTH LTD
MHS125,People Entering RTT Pathway,*,01/01/2026,31/03/2026,RTN MENTAL HEALTH SOLUTIONS LIMITED
MHS126,People Waiting,*,01/01/2026,31/03/2026,RTN MENTAL HEALTH SOLUTIONS LIMITED
MHS131,People Treated,121,01/01/2026,31/03/2026,RTN MENTAL HEALTH SOLUTIONS LIMITED
MHS132,RTT Performance Percentage,303,01/01/2026,31/03/2026,RTN MENTAL HEALTH SOLUTIONS LIMITED
MHS125,People Entering RTT Pathway,1,01/01/2026,31/03/2026,SAFE SPACES
MHS126,People Waiting,1,01/01/2026,31/03/2026,SAFE SPACES
MHS131,People Treated,0,01/01/2026,31/03/2026,SAFE SPACES
MHS132,RTT Performance Percentage,0,01/01/2026,31/03/2026,SAFE SPACES
MHS125,People Entering RTT Pathway,36,01/01/2026,31/03/2026,HOPE HAVEN
MHS126,People Waiting,155,01/01/2026,31/03/2026,HOPE HAVEN
MHS131,People Treated,*,01/01/2026,31/03/2026,HOPE HAVEN
MHS132,RTT Performance Percentage,*,01/01/2026,31/03/2026,HOPE HAVEN
MHS125,People Entering RTT Pathway,*,01/01/2026,31/03/2026,JAMES' PLACE
MHS126,People Waiting,*,01/01/2026,31/03/2026,JAMES' PLACE
MHS131,People Treated,*,01/01/2026,31/03/2026,JAMES' PLACE
MHS132,RTT Performance Percentage,*,01/01/2026,31/03/2026,JAMES' PLACE
MHS125,People Entering RTT Pathway,*,01/01/2026,31/03/2026,ORMISTON FAMILIES CAMHS NORFOLK AND WAVENEY
MHS126,People Waiting,*,01/01/2026,31/03/2026,ORMISTON FAMILIES CAMHS NORFOLK AND WAVENEY
MHS131,People Treated,189,01/01/2026,31/03/2026,ORMISTON FAMILIES CAMHS NORFOLK AND WAVENEY
MHS132,RTT Performance Percentage,274,01/01/2026,31/03/2026,ORMISTON FAMILIES CAMHS NORFOLK AND WAVENEY
MHS125,People Entering RTT Pathway,74,01/01/2026,31/03/2026,FARFIELD
MHS126,People Waiting,205,01/01/2026,31/03/2026,FARFIELD
MHS131,People Treated,*,01/01/2026,31/03/2026,FARFIELD
MHS132,RTT Performance Percentage,*,01/01/2026,31/03/2026,FARFIELD
MHS125,People Entering RTT Pathway,97,01/01/2026,31/03/2026,WAYTHROUGH (CAMBRIDGESHIRE & BEDFORDSHIRE EMPLOYMENT SERVICE)
MHS126,People Waiting,175,01/01/2026,31/03/2026,WAYTHROUGH (CAMBRIDGESHIRE & BEDFORDSHIRE EMPLOYMENT SERVICE)
MHS131,People Treated,*,01/01/2026,31/03/2026,WAYTHROUGH (CAMBRIDGESHIRE & BEDFORDSHIRE EMPLOYMENT SERVICE)
MHS132,RTT Performance Percentage,*,01/01/2026,31/03/2026,WAYTHROUGH (CAMBRIDGESHIRE & BEDFORDSHIRE EMPLOYMENT SERVICE)
MHS125,People Entering RTT Pathway,*,01/01/2026,31/03/2026,SCARBOROUGH
MHS126,People Waiting,*,01/01/2026,31/03/2026,SCARBOROUGH
MHS131,People Treated,949,01/01/2026,31/03/2026,SCARBOROUGH
MHS132,RTT Performance Percentage,1017,01/01/2026,31/03/2026,SCARBOROUGH
MHS125,People Entering RTT Pathway,*,01/01/2026,31/03/2026,MANCHESTER UNIVERSITY NHS FOUNDATION TRUST
MHS126,People Waiting,*,01/01/2026,31/03/2026,MANCHESTER UNIVERSITY NHS FOUNDATION TRUST
MHS131,People Treated,12,01/01/2026,31/03/2026,MANCHESTER UNIVERSITY NHS FOUNDATION TRUST
MHS132,RTT Performance Percentage,232,01/01/2026,31/03/2026,MANCHESTER UNIVERSITY NHS FOUNDATION TRUST
MHS125,People Entering RTT Pathway,43,01/01/2026,31/03/2026,SOUTH TYNESIDE AND SUNDERLAND NHS FOUNDATION TRUST
MHS126,People Waiting,50,01/01/2026,31/03/2026,SOUTH TYNESIDE AND SUNDERLAND NHS FOUNDATION TRUST
MHS131,People Treated,40,01/01/2026,31/03/2026,SOUTH TYNESIDE AND SUNDERLAND NHS FOUNDATION TRUST
MHS132,RTT Performance Percentage,207,01/01/2026,31/03/2026,SOUTH TYNESIDE AND SUNDERLAND NHS FOUNDATION TRUST
MHS125,People Entering RTT Pathway,*,01/01/2026,31/03/2026,RELATE BIRMINGHAM
MHS126,People Waiting,*,01/01/2026,31/03/2026,RELATE BIRMINGHAM
MHS131,People Treated,18,01/01/2026,31/03/2026,RELATE BIRMINGHAM
MHS132,RTT Performance Percentage,193,01/01/2026,31/03/2026,RELATE BIRMINGHAM
MHS125,People Entering RTT Pathway,*,01/01/2026,31/03/2026,SHINE LINCOLNSHIRE
MHS126,People Waiting,*,01/01/2026,31/03/2026,SHINE LINCOLNSHIRE
MHS131,People Treated,*,01/01/2026,31/03/2026,SHINE LINCOLNSHIRE
MHS132,RTT Performance Percentage,*,01/01/2026,31/03/2026,SHINE LINCOLNSHIRE
MHS125,People Entering RTT Pathway,45,01/01/2026,31/03/2026,HEREFORDSHIRE AND WORCESTERSHIRE HEALTH AND CARE NHS TRUST
MHS126,People Waiting,162,01/01/2026,31/03/2026,HEREFORDSHIRE AND WORCESTERSHIRE HEALTH AND CARE NHS TRUST
MHS131,People Treated,32,01/01/2026,31/03/2026,HEREFORDSHIRE AND WORCESTERSHIRE HEALTH AND CARE NHS TRUST
MHS132,RTT Performance Percentage,135,01/01/2026,31/03/2026,HEREFORDSHIRE AND WORCESTERSHIRE HEALTH AND CARE NHS TRUST
MHS125,People Entering RTT Pathway,36,01/01/2026,31/03/2026,ESSEX PARTNERSHIP UNIVERSITY NHS FOUNDATION TRUST
MHS126,People Waiting,159,01/01/2026,31/03/2026,ESSEX PARTNERSHIP UNIVERSITY NHS FOUNDATION TRUST
MHS131,People Treated,5,01/01/2026,31/03/2026,ESSEX PARTNERSHIP UNIVERSITY NHS FOUNDATION TRUST
MHS132,RTT Performance Percentage,35,01/01/2026,31/03/2026,ESSEX PARTNERSHIP UNIVERSITY NHS FOUNDATION TRUST
MHS125,People Entering RTT Pathway,*,01/01/2026,31/03/2026,SAFETY NET
MHS126,People Waiting,*,01/01/2026,31/03/2026,SAFETY NET
MHS131,People Treated,*,01/01/2026,31/03/2026,SAFETY NET
MHS132,RTT Performance Percentage,*,01/01/2026,31/03/2026,SAFETY NET
MHS125,People Entering RTT Pathway,*,01/01/2026,31/03/2026,COGNUS LIMITED
MHS126,People Waiting,*,01/01/2026,31/03/2026,COGNUS LIMITED
MHS131,People Treated,12,01/01/2026,31/03/2026,COGNUS LIMITED
MHS132,RTT Performance Percentage,65,01/01/2026,31/03/2026,COGNUS LIMITED
MHS125,People Entering RTT Pathway,*,01/01/2026,31/03/2026,EMERGE DVH
MHS126,People Waiting,*,01/01/2026,31/03/2026,EMERGE DVH
MHS131,People Treated,*,01/01/2026,31/03/2026,EMERGE DVH
MHS132,RTT Performance Percentage,*,01/01/2026,31/03/2026,EMERGE DVH
MHS125,People Entering RTT Pathway,*,01/01/2026,31/03/2026,ACTS TRUST
MHS126,People Waiting,*,01/01/2026,31/03/2026,ACTS TRUST
MHS131,People Treated,*,01/01/2026,31/03/2026,ACTS TRUST
MHS132,RTT Performance Percentage,*,01/01/2026,31/03/2026,ACTS TRUST
MHS125,People Entering RTT Pathway,*,01/01/2026,31/03/2026,HALTON EHWB
MHS126,People Waiting,*,01/01/2026,31/03/2026,HALTON EHWB
MHS131,People Treated,*,01/01/2026,31/03/2026,HALTON EHWB
MHS132,RTT Performance Percentage,*,01/01/2026,31/03/2026,HALTON EHWB
MHS125,People Entering RTT Pathway,*,01/01/2026,31/03/2026,EMERGE MTW
MHS126,People Waiting,*,01/01/2026,31/03/2026,EMERGE MTW
MHS131,People Treated,*,01/01/2026,31/03/2026,EMERGE MTW
MHS132,RTT Performance Percentage,*,01/01/2026,31/03/2026,EMERGE MTW
MHS125,People Entering RTT Pathway,*,01/01/2026,31/03/2026,SELF INJURY SUPPORT
MHS126,People Waiting,*,01/01/2026,31/03/2026,SELF INJURY SUPPORT
MHS131,People Treated,*,01/01/2026,31/03/2026,SELF INJURY SUPPORT
MHS132,RTT Performance Percentage,*,01/01/2026,31/03/2026,SELF INJURY SUPPORT
MHS125,People Entering RTT Pathway,*,01/01/2026,31/03/2026,YORKSHIRE HEALTH PARTNERS LTD
MHS126,People Waiting,*,01/01/2026,31/03/2026,YORKSHIRE HEALTH PARTNERS LTD
MHS131,People Treated,31,01/01/2026,31/03/2026,YORKSHIRE HEALTH PARTNERS LTD
MHS132,RTT Performance Percentage,111,01/01/2026,31/03/2026,YORKSHIRE HEALTH PARTNERS LTD
MHS125,People Entering RTT Pathway,*,01/01/2026,31/03/2026,ROYAL SURREY NHS FOUNDATION TRUST
MHS126,People Waiting,*,01/01/2026,31/03/2026,ROYAL SURREY NHS FOUNDATION TRUST
MHS131,People Treated,0,01/01/2026,31/03/2026,ROYAL SURREY NHS FOUNDATION TRUST
MHS132,RTT Performance Percentage,0,01/01/2026,31/03/2026,ROYAL SURREY NHS FOUNDATION TRUST
MHS125,People Entering RTT Pathway,*,01/01/2026,31/03/2026,ROYAL FREE LONDON NHS FOUNDATION TRUST
MHS126,People Waiting,*,01/01/2026,31/03/2026,ROYAL FREE LONDON NHS FOUNDATION TRUST
MHS131,People Treated,135,01/01/2026,31/03/2026,ROYAL FREE LONDON NHS FOUNDATION TRUST
MHS132,RTT Performance Percentage,390,01/01/2026,31/03/2026,ROYAL FREE LONDON NHS FOUNDATION TRUST
MHS125,People Entering RTT Pathway,40,01/01/2026,31/03/2026,NORTH EAST LONDON NHS FOUNDATION TRUST
MHS126,People Waiting,245,01/01/2026,31/03/2026,NORTH EAST LONDON NHS FOUNDATION TRUST
MHS131,People Treated,9,01/01/2026,31/03/2026,NORTH EAST LONDON NHS FOUNDATION TRUST
MHS132,RTT Performance Percentage,70,01/01/2026,31/03/2026,NORTH EAST LONDON NHS FOUNDATION TRUST
MHS125,People Entering RTT Pathway,*,01/01/2026,31/03/2026,WIRRAL UNIVERSITY TEACHING HOSPITAL NHS FOUNDATION TRUST
MHS126,People Waiting,*,01/01/2026,31/03/2026,WIRRAL UNIVERSITY TEACHING HOSPITAL NHS FOUNDATION TRUST
MHS131,People Treated,1252,01/01/2026,31/03/2026,WIRRAL UNIVERSITY TEACHING HOSPITAL NHS FOUNDATION TRUST
MHS132,RTT Performance Percentage,2300,01/01/2026,31/03/2026,WIRRAL UNIVERSITY TEACHING HOSPITAL NHS FOUNDATION TRUST
MHS125,People Entering RTT Pathway,*,01/01/2026,31/03/2026,ALDER HEY CHILDREN'S NHS FOUNDATION TRUST
MHS126,People Waiting,*,01/01/2026,31/03/2026,ALDER HEY CHILDREN'S NHS FOUNDATION TRUST
MHS131,People Treated,24,01/01/2026,31/03/2026,ALDER HEY CHILDREN'S NHS FOUNDATION TRUST
MHS132,RTT Performance Percentage,56,01/01/2026,31/03/2026,ALDER HEY CHILDREN'S NHS FOUNDATION TRUST
MHS125,People Entering RTT Pathway,*,01/01/2026,31/03/2026,MID CHESHIRE HOSPITALS NHS FOUNDATION TRUST
MHS126,People Waiting,*,01/01/2026,31/03/2026,MID CHESHIRE HOSPITALS NHS FOUNDATION TRUST
MHS131,People Treated,*,01/01/2026,31/03/2026,MID CHESHIRE HOSPITALS NHS FOUNDATION TRUST
MHS132,RTT Performance Percentage,*,01/01/2026,31/03/2026,MID CHESHIRE HOSPITALS NHS FOUNDATION TRUST
MHS125,People Entering RTT Pathway,*,01/01/2026,31/03/2026,SHEFFIELD CHILDREN'S NHS FOUNDATION TRUST
MHS126,People Waiting,*,01/01/2026,31/03/2026,SHEFFIELD CHILDREN'S NHS FOUNDATION TRUST
MHS131,People Treated,10,01/01/2026,31/03/2026,SHEFFIELD CHILDREN'S NHS FOUNDATION TRUST
MHS132,RTT Performance Percentage,77,01/01/2026,31/03/2026,SHEFFIELD CHILDREN'S NHS FOUNDATION TRUST
MHS125,People Entering RTT Pathway,33,01/01/2026,31/03/2026,DORSET HEALTHCARE UNIVERSITY NHS FOUNDATION TRUST
MHS126,People Waiting,169,01/01/2026,31/03/2026,DORSET HEALTHCARE UNIVERSITY NHS FOUNDATION TRUST
MHS131,People Treated,23,01/01/2026,31/03/2026,DORSET HEALTHCARE UNIVERSITY NHS FOUNDATION TRUST
MHS132,RTT Performance Percentage,63,01/01/2026,31/03/2026,DORSET HEALTHCARE UNIVERSITY NHS FOUNDATION TRUST
MHS125,People Entering RTT Pathway,*,01/01/2026,31/03/2026,CHESTERFIELD ROYAL HOSPITAL NHS FOUNDATION TRUST
MHS126,People Waiting,*,01/01/2026,31/03/2026,CHESTERFIELD ROYAL HOSPITAL NHS FOUNDATION TRUST
MHS131,People Treated,48,01/01/2026,31/03/2026,CHESTERFIELD ROYAL HOSPITAL NHS FOUNDATION TRUST
MHS132,RTT Performance Percentage,190,01/01/2026,31/03/2026,CHESTERFIELD ROYAL HOSPITAL NHS FOUNDATION TRUST
MHS125,People Entering RTT Pathway,40,01/01/2026,31/03/2026,LEEDS AND YORK PARTNERSHIP NHS FOUNDATION TRUST
MHS126,People Waiting,159,01/01/2026,31/03/2026,LEEDS AND YORK PARTNERSHIP NHS FOUNDATION TRUST
MHS131,People Treated,4,01/01/2026,31/03/2026,LEEDS AND YORK PARTNERSHIP NHS FOUNDATION TRUST
MHS132,RTT Performance Percentage,340,01/01/2026,31/03/2026,LEEDS AND YORK PARTNERSHIP NHS FOUNDATION TRUST
MHS125,People Entering RTT Pathway,*,01/01/2026,31/03/2026,JAMES PAGET UNIVERSITY HOSPITALS NHS FOUNDATION TRUST
MHS126,People Waiting,*,01/01/2026,31/03/2026,JAMES PAGET UNIVERSITY HOSPITALS NHS FOUNDATION TRUST
MHS131,People Treated,837,01/01/2026,31/03/2026,JAMES PAGET UNIVERSITY HOSPITALS NHS FOUNDATION TRUST
MHS132,RTT Performance Percentage,987,01/01/2026,31/03/2026,JAMES PAGET UNIVERSITY HOSPITALS NHS FOUNDATION TRUST
MHS125,People Entering RTT Pathway,39,01/01/2026,31/03/2026,SOMERSET NHS FOUNDATION TRUST
MHS126,People Waiting,164,01/01/2026,31/03/2026,SOMERSET NHS FOUNDATION TRUST
MHS131,People Treated,2,01/01/2026,31/03/2026,SOMERSET NHS FOUNDATION TRUST
MHS132,RTT Performance Percentage,208,01/01/2026,31/03/2026,SOMERSET NHS FOUNDATION TRUST
MHS125,People Entering RTT Pathway,51,01/01/2026,31/03/2026,NOTTINGHAMSHIRE HEALTHCARE NHS FOUNDATION TRUST
MHS126,People Waiting,230,01/01/2026,31/03/2026,NOTTINGHAMSHIRE HEALTHCARE NHS FOUNDATION TRUST
MHS131,People Treated,9,01/01/2026,31/03/2026,NOTTINGHAMSHIRE HEALTHCARE NHS FOUNDATION TRUST
MHS132,RTT Performance Percentage,83,01/01/2026,31/03/2026,NOTTINGHAMSHIRE HEALTHCARE NHS FOUNDATION TRUST
MHS125,People Entering RTT Pathway,*,01/01/2026,31/03/2026,SHEFFIELD TEACHING HOSPITALS NHS FOUNDATION TRUST
MHS126,People Waiting,*,01/01/2026,31/03/2026,SHEFFIELD TEACHING HOSPITALS NHS FOUNDATION TRUST
MHS131,People Treated,*,01/01/2026,31/03/2026,SHEFFIELD TEACHING HOSPITALS NHS FOUNDATION TRUST
MHS132,RTT Performance Percentage,*,01/01/2026,31/03/2026,SHEFFIELD TEACHING HOSPITALS NHS FOUNDATION TRUST
MHS125,People Entering RTT Pathway,39,01/01/2026,31/03/2026,CORNWALL PARTNERSHIP NHS FOUNDATION TRUST
MHS126,People Waiting,169,01/01/2026,31/03/2026,CORNWALL PARTNERSHIP NHS FOUNDATION TRUST
MHS131,People Treated,14,01/01/2026,31/03/2026,CORNWALL PARTNERSHIP NHS FOUNDATION TRUST
MHS132,RTT Performance Percentage,761,01/01/2026,31/03/2026,CORNWALL PARTNERSHIP NHS FOUNDATION TRUST
MHS125,People Entering RTT Pathway,*,01/01/2026,31/03/2026,SHERWOOD FOREST HOSPITALS NHS FOUNDATION TRUST
MHS126,People Waiting,*,01/01/2026,31/03/2026,SHERWOOD FOREST HOSPITALS NHS FOUNDATION TRUST
MHS131,People Treated,114,01/01/2026,31/03/2026,SHERWOOD FOREST HOSPITALS NHS FOUNDATION TRUST
MHS132,RTT Performance Percentage,444,01/01/2026,31/03/2026,SHERWOOD FOREST HOSPITALS NHS FOUNDATION TRUST
MHS125,People Entering RTT Pathway,49,01/01/2026,31/03/2026,WHITTINGTON HEALTH NHS TRUST
MHS126,People Waiting,120,01/01/2026,31/03/2026,WHITTINGTON HEALTH NHS TRUST
MHS131,People Treated,31,01/01/2026,31/03/2026,WHITTINGTON HEALTH NHS TRUST
MHS132,RTT Performance Percentage,165,01/01/2026,31/03/2026,WHITTINGTON HEALTH NHS TRUST
MHS125,People Entering RTT Pathway,34,01/01/2026,31/03/2026,WEST LONDON NHS TRUST
MHS126,People Waiting,182,01/01/2026,31/03/2026,WEST LONDON NHS TRUST
MHS131,People Treated,17,01/01/2026,31/03/2026,WEST LONDON NHS TRUST
MHS132,RTT Performance Percentage,480,01/01/2026,31/03/2026,WEST LONDON NHS TRUST
MHS125,People Entering RTT Pathway,21,01/01/2026,31/03/2026,NORTH STAFFORDSHIRE COMBINED HEALTHCARE NHS TRUST
MHS126,People Waiting,141,01/01/2026,31/03/2026,NORTH STAFFORDSHIRE COMBINED HEALTHCARE NHS TRUST
MHS131,People Treated,4,01/01/2026,31/03/2026,NORTH STAFFORDSHIRE COMBINED HEALTHCARE NHS TRUST
MHS132,RTT Performance Percentage,112,01/01/2026,31/03/2026,NORTH STAFFORDSHIRE COMBINED HEALTHCARE NHS TRUST
MHS125,People Entering RTT Pathway,*,01/01/2026,31/03/2026,NORTH STAFFORDSHIRE COMBINED HEALTHCARE NHS TRUST HQ
MHS126,People Waiting,*,01/01/2026,31/03/2026,NORTH STAFFORDSHIRE COMBINED HEALTHCARE NHS TRUST HQ
MHS131,People Treated,*,01/01/2026,31/03/2026,NORTH STAFFORDSHIRE COMBINED HEALTHCARE NHS TRUST HQ
MHS132,RTT Performance Percentage,*,01/01/2026,31/03/2026,NORTH STAFFORDSHIRE COMBINED HEALTHCARE NHS TRUST HQ
MHS125,People Entering RTT Pathway,34,01/01/2026,31/03/2026,NORFOLK AND SUFFOLK NHS FOUNDATION TRUST
MHS126,People Waiting,104,01/01/2026,31/03/2026,NORFOLK AND SUFFOLK NHS FOUNDATION TRUST
MHS131,People Treated,42,01/01/2026,31/03/2026,NORFOLK AND SUFFOLK NHS FOUNDATION TRUST
MHS132,RTT Performance Percentage,1031,01/01/2026,31/03/2026,NORFOLK AND SUFFOLK NHS FOUNDATION TRUST
MHS125,People Entering RTT Pathway,146,01/01/2026,31/03/2026,TAVISTOCK AND PORTMAN NHS FOUNDATION TRUST
MHS126,People Waiting,1112,01/01/2026,31/03/2026,TAVISTOCK AND PORTMAN NHS FOUNDATION TRUST
MHS131,People Treated,38,01/01/2026,31/03/2026,TAVISTOCK AND PORTMAN NHS FOUNDATION TRUST
MHS132,RTT Performance Percentage,107,01/01/2026,31/03/2026,TAVISTOCK AND PORTMAN NHS FOUNDATION TRUST
MHS125,People Entering RTT Pathway,*,01/01/2026,31/03/2026,NORTH CUMBRIA INTEGRATED CARE NHS FOUNDATION TRUST
MHS126,People Waiting,*,01/01/2026,31/03/2026,NORTH CUMBRIA INTEGRATED CARE NHS FOUNDATION TRUST
MHS131,People Treated,*,01/01/2026,31/03/2026,NORTH CUMBRIA INTEGRATED CARE NHS FOUNDATION TRUST
MHS132,RTT Performance Percentage,*,01/01/2026,31/03/2026,NORTH CUMBRIA INTEGRATED CARE NHS FOUNDATION TRUST
MHS125,People Entering RTT Pathway,24,01/01/2026,31/03/2026,OXFORD HEALTH NHS FOUNDATION TRUST
MHS126,People Waiting,209,01/01/2026,31/03/2026,OXFORD HEALTH NHS FOUNDATION TRUST
MHS131,People Treated,9,01/01/2026,31/03/2026,OXFORD HEALTH NHS FOUNDATION TRUST
MHS132,RTT Performance Percentage,88,01/01/2026,31/03/2026,OXFORD HEALTH NHS FOUNDATION TRUST
MHS125,People Entering RTT Pathway,35,01/01/2026,31/03/2026,NORTHAMPTONSHIRE HEALTHCARE NHS FOUNDATION TRUST
MHS126,People Waiting,111,01/01/2026,31/03/2026,NORTHAMPTONSHIRE HEALTHCARE NHS FOUNDATION TRUST
MHS131,People Treated,6,01/01/2026,31/03/2026,NORTHAMPTONSHIRE HEALTHCARE NHS FOUNDATION TRUST
MHS132,RTT Performance Percentage,71,01/01/2026,31/03/2026,NORTHAMPTONSHIRE HEALTHCARE NHS FOUNDATION TRUST
MHS125,People Entering RTT Pathway,*,01/01/2026,31/03/2026,GREAT ORMOND STREET HOSPITAL FOR CHILDREN NHS FOUNDATION TRUST
MHS126,People Waiting,*,01/01/2026,31/03/2026,GREAT ORMOND STREET HOSPITAL FOR CHILDREN NHS FOUNDATION TRUST
MHS131,People Treated,247,01/01/2026,31/03/2026,GREAT ORMOND STREET HOSPITAL FOR CHILDREN NHS FOUNDATION TRUST
MHS132,RTT Performance Percentage,471,01/01/2026,31/03/2026,GREAT ORMOND STREET HOSPITAL FOR CHILDREN NHS FOUNDATION TRUST
MHS125,People Entering RTT Pathway,56,01/01/2026,31/03/2026,LINCOLNSHIRE PARTNERSHIP NHS FOUNDATION TRUST
MHS126,People Waiting,162,01/01/2026,31/03/2026,LINCOLNSHIRE PARTNERSHIP NHS FOUNDATION TRUST
MHS131,People Treated,8,01/01/2026,31/03/2026,LINCOLNSHIRE PARTNERSHIP NHS FOUNDATION TRUST
MHS132,RTT Performance Percentage,47,01/01/2026,31/03/2026,LINCOLNSHIRE PARTNERSHIP NHS FOUNDATION TRUST
MHS125,People Entering RTT Pathway,48,01/01/2026,31/03/2026,OXLEAS NHS FOUNDATION TRUST
MHS126,People Waiting,260,01/01/2026,31/03/2026,OXLEAS NHS FOUNDATION TRUST
MHS131,People Treated,21,01/01/2026,31/03/2026,OXLEAS NHS FOUNDATION TRUST
MHS132,RTT Performance Percentage,173,01/01/2026,31/03/2026,OXLEAS NHS FOUNDATION TRUST
MHS125,People Entering RTT Pathway,*,01/01/2026,31/03/2026,BIRMINGHAM WOMEN'S AND CHILDREN'S NHS FOUNDATION TRUST
MHS126,People Waiting,*,01/01/2026,31/03/2026,BIRMINGHAM WOMEN'S AND CHILDREN'S NHS FOUNDATION TRUST
MHS131,People Treated,9,01/01/2026,31/03/2026,BIRMINGHAM WOMEN'S AND CHILDREN'S NHS FOUNDATION TRUST
MHS132,RTT Performance Percentage,19,01/01/2026,31/03/2026,BIRMINGHAM WOMEN'S AND CHILDREN'S NHS FOUNDATION TRUST
MHS125,People Entering RTT Pathway,*,01/01/2026,31/03/2026,HOMERTON HEALTHCARE NHS FOUNDATION TRUST
MHS126,People Waiting,*,01/01/2026,31/03/2026,HOMERTON HEALTHCARE NHS FOUNDATION TRUST
MHS131,People Treated,23,01/01/2026,31/03/2026,HOMERTON HEALTHCARE NHS FOUNDATION TRUST
MHS132,RTT Performance Percentage,378,01/01/2026,31/03/2026,HOMERTON HEALTHCARE NHS FOUNDATION TRUST
MHS125,People Entering RTT Pathway,49,01/01/2026,31/03/2026,SOUTH WEST LONDON AND ST GEORGE'S MENTAL HEALTH NHS TRUST
MHS126,People Waiting,204,01/01/2026,31/03/2026,SOUTH WEST LONDON AND ST GEORGE'S MENTAL HEALTH NHS TRUST
MHS131,People Treated,21,01/01/2026,31/03/2026,SOUTH WEST LONDON AND ST GEORGE'S MENTAL HEALTH NHS TRUST
MHS132,RTT Performance Percentage,378,01/01/2026,31/03/2026,SOUTH WEST LONDON AND ST GEORGE'S MENTAL HEALTH NHS TRUST
MHS125,People Entering RTT Pathway,113,01/01/2026,31/03/2026,GATESHEAD HEALTH NHS FOUNDATION TRUST
MHS126,People Waiting,234,01/01/2026,31/03/2026,GATESHEAD HEALTH NHS FOUNDATION TRUST
MHS131,People Treated,*,01/01/2026,31/03/2026,GATESHEAD HEALTH NHS FOUNDATION TRUST
MHS132,RTT Performance Percentage,*,01/01/2026,31/03/2026,GATESHEAD HEALTH NHS FOUNDATION TRUST
MHS125,People Entering RTT Pathway,35,01/01/2026,31/03/2026,MIDLANDS PARTNERSHIP UNIVERSITY NHS FOUNDATION TRUST
MHS126,People Waiting,160,01/01/2026,31/03/2026,MIDLANDS PARTNERSHIP UNIVERSITY NHS FOUNDATION TRUST
MHS131,People Treated,20,01/01/2026,31/03/2026,MIDLANDS PARTNERSHIP UNIVERSITY NHS FOUNDATION TRUST
MHS132,RTT Performance Percentage,369,01/01/2026,31/03/2026,MIDLANDS PARTNERSHIP UNIVERSITY NHS FOUNDATION TRUST
MHS125,People Entering RTT Pathway,*,01/01/2026,31/03/2026,SEVERN FIELDS HEALTH VILLAGE
MHS126,People Waiting,*,01/01/2026,31/03/2026,SEVERN FIELDS HEALTH VILLAGE
MHS131,People Treated,*,01/01/2026,31/03/2026,SEVERN FIELDS HEALTH VILLAGE
MHS132,RTT Performance Percentage,*,01/01/2026,31/03/2026,SEVERN FIELDS HEALTH VILLAGE
MHS125,People Entering RTT Pathway,*,01/01/2026,31/03/2026,"WRIGHTINGTON, WIGAN AND LEIGH TEACHING HOSPITALS NHS FOUNDATION TRUST"
MHS126,People Waiting,*,01/01/2026,31/03/2026,"WRIGHTINGTON, WIGAN AND LEIGH TEACHING HOSPITALS NHS FOUNDATION TRUST"
MHS131,People Treated,*,01/01/2026,31/03/2026,"WRIGHTINGTON, WIGAN AND LEIGH TEACHING HOSPITALS NHS FOUNDATION TRUST"
MHS132,RTT Performance Percentage,*,01/01/2026,31/03/2026,"WRIGHTINGTON, WIGAN AND LEIGH TEACHING HOSPITALS NHS FOUNDATION TRUST"
MHS125,People Entering RTT Pathway,28,01/01/2026,31/03/2026,CAMBRIDGESHIRE AND PETERBOROUGH NHS FOUNDATION TRUST
MHS126,People Waiting,96,01/01/2026,31/03/2026,CAMBRIDGESHIRE AND PETERBOROUGH NHS FOUNDATION TRUST
MHS131,People Treated,37,01/01/2026,31/03/2026,CAMBRIDGESHIRE AND PETERBOROUGH NHS FOUNDATION TRUST
MHS132,RTT Performance Percentage,322,01/01/2026,31/03/2026,CAMBRIDGESHIRE AND PETERBOROUGH NHS FOUNDATION TRUST
MHS125,People Entering RTT Pathway,36,01/01/2026,31/03/2026,PENNINE CARE NHS FOUNDATION TRUST
MHS126,People Waiting,169,01/01/2026,31/03/2026,PENNINE CARE NHS FOUNDATION TRUST
MHS131,People Treated,5,01/01/2026,31/03/2026,PENNINE CARE NHS FOUNDATION TRUST
MHS132,RTT Performance Percentage,204,01/01/2026,31/03/2026,PENNINE CARE NHS FOUNDATION TRUST
MHS125,People Entering RTT Pathway,*,01/01/2026,31/03/2026,ASHTON OLD BATHS
MHS126,People Waiting,*,01/01/2026,31/03/2026,ASHTON OLD BATHS
MHS131,People Treated,*,01/01/2026,31/03/2026,ASHTON OLD BATHS
MHS132,RTT Performance Percentage,*,01/01/2026,31/03/2026,ASHTON OLD BATHS
MHS125,People Entering RTT Pathway,*,01/01/2026,31/03/2026,ARUNDEL HOUSE
MHS126,People Waiting,*,01/01/2026,31/03/2026,ARUNDEL HOUSE
MHS131,People Treated,*,01/01/2026,31/03/2026,ARUNDEL HOUSE
MHS132,RTT Performance Percentage,*,01/01/2026,31/03/2026,ARUNDEL HOUSE
MHS125,People Entering RTT Pathway,42,01/01/2026,31/03/2026,LEICESTERSHIRE PARTNERSHIP NHS TRUST
MHS126,People Waiting,456,01/01/2026,31/03/2026,LEICESTERSHIRE PARTNERSHIP NHS TRUST
MHS131,People Treated,18,01/01/2026,31/03/2026,LEICESTERSHIRE PARTNERSHIP NHS TRUST
MHS132,RTT Performance Percentage,233,01/01/2026,31/03/2026,LEICESTERSHIRE PARTNERSHIP NHS TRUST
MHS125,People Entering RTT Pathway,244,01/01/2026,31/03/2026,NORTHUMBRIA HEALTHCARE NHS FOUNDATION TRUST
MHS126,People Waiting,1038,01/01/2026,31/03/2026,NORTHUMBRIA HEALTHCARE NHS FOUNDATION TRUST
MHS131,People Treated,68,01/01/2026,31/03/2026,NORTHUMBRIA HEALTHCARE NHS FOUNDATION TRUST
MHS132,RTT Performance Percentage,224,01/01/2026,31/03/2026,NORTHUMBRIA HEALTHCARE NHS FOUNDATION TRUST
MHS125,People Entering RTT Pathway,*,01/01/2026,31/03/2026,UNIVERSITY HOSPITALS OF DERBY AND BURTON NHS FOUNDATION TRUST
MHS126,People Waiting,*,01/01/2026,31/03/2026,UNIVERSITY HOSPITALS OF DERBY AND BURTON NHS FOUNDATION TRUST
MHS131,People Treated,233,01/01/2026,31/03/2026,UNIVERSITY HOSPITALS OF DERBY AND BURTON NHS FOUNDATION TRUST
MHS132,RTT Performance Percentage,1062,01/01/2026,31/03/2026,UNIVERSITY HOSPITALS OF DERBY AND BURTON NHS FOUNDATION TRUST
MHS125,People Entering RTT Pathway,55,01/01/2026,31/03/2026,GLOUCESTERSHIRE HEALTH AND CARE NHS FOUNDATION TRUST
MHS126,People Waiting,142,01/01/2026,31/03/2026,GLOUCESTERSHIRE HEALTH AND CARE NHS FOUNDATION TRUST
MHS131,People Treated,34,01/01/2026,31/03/2026,GLOUCESTERSHIRE HEALTH AND CARE NHS FOUNDATION TRUST
MHS132,RTT Performance Percentage,465,01/01/2026,31/03/2026,GLOUCESTERSHIRE HEALTH AND CARE NHS FOUNDATION TRUST
MHS125,People Entering RTT Pathway,21,01/01/2026,31/03/2026,CENTRAL AND NORTH WEST LONDON NHS FOUNDATION TRUST
MHS126,People Waiting,85,01/01/2026,31/03/2026,CENTRAL AND NORTH WEST LONDON NHS FOUNDATION TRUST
MHS131,People Treated,7,01/01/2026,31/03/2026,CENTRAL AND NORTH WEST LONDON NHS FOUNDATION TRUST
MHS132,RTT Performance Percentage,217,01/01/2026,31/03/2026,CENTRAL AND NORTH WEST LONDON NHS FOUNDATION TRUST
MHS125,People Entering RTT Pathway,25,01/01/2026,31/03/2026,SOUTH LONDON AND MAUDSLEY NHS FOUNDATION TRUST
MHS126,People Waiting,123,01/01/2026,31/03/2026,SOUTH LONDON AND MAUDSLEY NHS FOUNDATION TRUST
MHS131,People Treated,30,01/01/2026,31/03/2026,SOUTH LONDON AND MAUDSLEY NHS FOUNDATION TRUST
MHS132,RTT Performance Percentage,428,01/01/2026,31/03/2026,SOUTH LONDON AND MAUDSLEY NHS FOUNDATION TRUST
MHS125,People Entering RTT Pathway,47,01/01/2026,31/03/2026,HUMBER TEACHING NHS FOUNDATION TRUST
MHS126,People Waiting,238,01/01/2026,31/03/2026,HUMBER TEACHING NHS FOUNDATION TRUST
MHS131,People Treated,18,01/01/2026,31/03/2026,HUMBER TEACHING NHS FOUNDATION TRUST
MHS132,RTT Performance Percentage,506,01/01/2026,31/03/2026,HUMBER TEACHING NHS FOUNDATION TRUST
MHS125,People Entering RTT Pathway,*,01/01/2026,31/03/2026,ST ANDREWS PLACE
MHS126,People Waiting,*,01/01/2026,31/03/2026,ST ANDREWS PLACE
MHS131,People Treated,*,01/01/2026,31/03/2026,ST ANDREWS PLACE
MHS132,RTT Performance Percentage,*,01/01/2026,31/03/2026,ST ANDREWS PLACE
MHS125,People Entering RTT Pathway,40,01/01/2026,31/03/2026,AVON AND WILTSHIRE MENTAL HEALTH PARTNERSHIP NHS TRUST
MHS126,People Waiting,115,01/01/2026,31/03/2026,AVON AND WILTSHIRE MENTAL HEALTH PARTNERSHIP NHS TRUST
MHS131,People Treated,7,01/01/2026,31/03/2026,AVON AND WILTSHIRE MENTAL HEALTH PARTNERSHIP NHS TRUST
MHS132,RTT Performance Percentage,54,01/01/2026,31/03/2026,AVON AND WILTSHIRE MENTAL HEALTH PARTNERSHIP NHS TRUST
MHS125,People Entering RTT Pathway,42,01/01/2026,31/03/2026,HAMPSHIRE AND ISLE OF WIGHT HEALTHCARE NHS FOUNDATION TRUST
MHS126,People Waiting,163,01/01/2026,31/03/2026,HAMPSHIRE AND ISLE OF WIGHT HEALTHCARE NHS FOUNDATION TRUST
MHS131,People Treated,11,01/01/2026,31/03/2026,HAMPSHIRE AND ISLE OF WIGHT HEALTHCARE NHS FOUNDATION TRUST
MHS132,RTT Performance Percentage,297,01/01/2026,31/03/2026,HAMPSHIRE AND ISLE OF WIGHT HEALTHCARE NHS FOUNDATION TRUST
MHS125,People Entering RTT Pathway,28,01/01/2026,31/03/2026,MERSEY CARE NHS FOUNDATION TRUST
MHS126,People Waiting,136,01/01/2026,31/03/2026,MERSEY CARE NHS FOUNDATION TRUST
MHS131,People Treated,5,01/01/2026,31/03/2026,MERSEY CARE NHS FOUNDATION TRUST
MHS132,RTT Performance Percentage,24,01/01/2026,31/03/2026,MERSEY CARE NHS FOUNDATION TRUST
MHS125,People Entering RTT Pathway,55,01/01/2026,31/03/2026,LANCASHIRE & SOUTH CUMBRIA NHS FOUNDATION TRUST
MHS126,People Waiting,230,01/01/2026,31/03/2026,LANCASHIRE & SOUTH CUMBRIA NHS FOUNDATION TRUST
MHS131,People Treated,13,01/01/2026,31/03/2026,LANCASHIRE & SOUTH CUMBRIA NHS FOUNDATION TRUST
MHS132,RTT Performance Percentage,265,01/01/2026,31/03/2026,LANCASHIRE & SOUTH CUMBRIA NHS FOUNDATION TRUST
MHS125,People Entering RTT Pathway,*,01/01/2026,31/03/2026,UNITED LINCOLNSHIRE TEACHING HOSPITALS NHS TRUST
MHS126,People Waiting,*,01/01/2026,31/03/2026,UNITED LINCOLNSHIRE TEACHING HOSPITALS NHS TRUST
MHS131,People Treated,*,01/01/2026,31/03/2026,UNITED LINCOLNSHIRE TEACHING HOSPITALS NHS TRUST
MHS132,RTT Performance Percentage,*,01/01/2026,31/03/2026,UNITED LINCOLNSHIRE TEACHING HOSPITALS NHS TRUST
MHS125,People Entering RTT Pathway,54,01/01/2026,31/03/2026,EAST LONDON NHS FOUNDATION TRUST
MHS126,People Waiting,226,01/01/2026,31/03/2026,EAST LONDON NHS FOUNDATION TRUST
MHS131,People Treated,20,01/01/2026,31/03/2026,EAST LONDON NHS FOUNDATION TRUST
MHS132,RTT Performance Percentage,542,01/01/2026,31/03/2026,EAST LONDON NHS FOUNDATION TRUST
MHS125,People Entering RTT Pathway,28,01/01/2026,31/03/2026,HERTFORDSHIRE PARTNERSHIP UNIVERSITY NHS FOUNDATION TRUST
MHS126,People Waiting,163,01/01/2026,31/03/2026,HERTFORDSHIRE PARTNERSHIP UNIVERSITY NHS FOUNDATION TRUST
MHS131,People Treated,9,01/01/2026,31/03/2026,HERTFORDSHIRE PARTNERSHIP UNIVERSITY NHS FOUNDATION TRUST
MHS132,RTT Performance Percentage,46,01/01/2026,31/03/2026,HERTFORDSHIRE PARTNERSHIP UNIVERSITY NHS FOUNDATION TRUST
MHS125,People Entering RTT Pathway,49,01/01/2026,31/03/2026,DEVON PARTNERSHIP NHS TRUST
MHS126,People Waiting,174,01/01/2026,31/03/2026,DEVON PARTNERSHIP NHS TRUST
MHS131,People Treated,35,01/01/2026,31/03/2026,DEVON PARTNERSHIP NHS TRUST
MHS132,RTT Performance Percentage,159,01/01/2026,31/03/2026,DEVON PARTNERSHIP NHS TRUST
MHS125,People Entering RTT Pathway,46,01/01/2026,31/03/2026,BERKSHIRE HEALTHCARE NHS FOUNDATION TRUST
MHS126,People Waiting,166,01/01/2026,31/03/2026,BERKSHIRE HEALTHCARE NHS FOUNDATION TRUST
MHS131,People Treated,33,01/01/2026,31/03/2026,BERKSHIRE HEALTHCARE NHS FOUNDATION TRUST
MHS132,RTT Performance Percentage,902,01/01/2026,31/03/2026,BERKSHIRE HEALTHCARE NHS FOUNDATION TRUST
MHS125,People Entering RTT Pathway,*,01/01/2026,31/03/2026,NOTTINGHAM UNIVERSITY HOSPITALS NHS TRUST
MHS126,People Waiting,*,01/01/2026,31/03/2026,NOTTINGHAM UNIVERSITY HOSPITALS NHS TRUST
MHS131,People Treated,*,01/01/2026,31/03/2026,NOTTINGHAM UNIVERSITY HOSPITALS NHS TRUST
MHS132,RTT Performance Percentage,*,01/01/2026,31/03/2026,NOTTINGHAM UNIVERSITY HOSPITALS NHS TRUST
MHS125,People Entering RTT Pathway,60,01/01/2026,31/03/2026,SUSSEX PARTNERSHIP NHS FOUNDATION TRUST
MHS126,People Waiting,217,01/01/2026,31/03/2026,SUSSEX PARTNERSHIP NHS FOUNDATION TRUST
MHS131,People Treated,8,01/01/2026,31/03/2026,SUSSEX PARTNERSHIP NHS FOUNDATION TRUST
MHS132,RTT Performance Percentage,165,01/01/2026,31/03/2026,SUSSEX PARTNERSHIP NHS FOUNDATION TRUST
MHS125,People Entering RTT Pathway,20,01/01/2026,31/03/2026,"TEES, ESK AND WEAR VALLEYS NHS FOUNDATION TRUST"
MHS126,People Waiting,87,01/01/2026,31/03/2026,"TEES, ESK AND WEAR VALLEYS NHS FOUNDATION TRUST"
MHS131,People Treated,2,01/01/2026,31/03/2026,"TEES, ESK AND WEAR VALLEYS NHS FOUNDATION TRUST"
MHS132,RTT Performance Percentage,88,01/01/2026,31/03/2026,"TEES, ESK AND WEAR VALLEYS NHS FOUNDATION TRUST"
MHS125,People Entering RTT Pathway,54,01/01/2026,31/03/2026,"CUMBRIA, NORTHUMBERLAND, TYNE AND WEAR NHS FOUNDATION TRUST"
MHS126,People Waiting,152,01/01/2026,31/03/2026,"CUMBRIA, NORTHUMBERLAND, TYNE AND WEAR NHS FOUNDATION TRUST"
MHS131,People Treated,30,01/01/2026,31/03/2026,"CUMBRIA, NORTHUMBERLAND, TYNE AND WEAR NHS FOUNDATION TRUST"
MHS132,RTT Performance Percentage,931,01/01/2026,31/03/2026,"CUMBRIA, NORTHUMBERLAND, TYNE AND WEAR NHS FOUNDATION TRUST"
MHS125,People Entering RTT Pathway,36,01/01/2026,31/03/2026,CHESHIRE AND WIRRAL PARTNERSHIP NHS FOUNDATION TRUST
MHS126,People Waiting,168,01/01/2026,31/03/2026,CHESHIRE AND WIRRAL PARTNERSHIP NHS FOUNDATION TRUST
MHS131,People Treated,16,01/01/2026,31/03/2026,CHESHIRE AND WIRRAL PARTNERSHIP NHS FOUNDATION TRUST
MHS132,RTT Performance Percentage,129,01/01/2026,31/03/2026,CHESHIRE AND WIRRAL PARTNERSHIP NHS FOUNDATION TRUST
MHS125,People Entering RTT Pathway,27,01/01/2026,31/03/2026,ROTHERHAM DONCASTER AND SOUTH HUMBER NHS FOUNDATION TRUST
MHS126,People Waiting,175,01/01/2026,31/03/2026,ROTHERHAM DONCASTER AND SOUTH HUMBER NHS FOUNDATION TRUST
MHS131,People Treated,5,01/01/2026,31/03/2026,ROTHERHAM DONCASTER AND SOUTH HUMBER NHS FOUNDATION TRUST
MHS132,RTT Performance Percentage,599,01/01/2026,31/03/2026,ROTHERHAM DONCASTER AND SOUTH HUMBER NHS FOUNDATION TRUST
MHS125,People Entering RTT Pathway,21,01/01/2026,31/03/2026,SOUTH WEST YORKSHIRE PARTNERSHIP NHS FOUNDATION TRUST
MHS126,People Waiting,130,01/01/2026,31/03/2026,SOUTH WEST YORKSHIRE PARTNERSHIP NHS FOUNDATION TRUST
MHS131,People Treated,7,01/01/2026,31/03/2026,SOUTH WEST YORKSHIRE PARTNERSHIP NHS FOUNDATION TRUST
MHS132,RTT Performance Percentage,170,01/01/2026,31/03/2026,SOUTH WEST YORKSHIRE PARTNERSHIP NHS FOUNDATION TRUST
MHS125,People Entering RTT Pathway,404,01/01/2026,31/03/2026,BLACKPOOL TEACHING HOSPITALS NHS FOUNDATION TRUST
MHS126,People Waiting,1376,01/01/2026,31/03/2026,BLACKPOOL TEACHING HOSPITALS NHS FOUNDATION TRUST
MHS131,People Treated,14,01/01/2026,31/03/2026,BLACKPOOL TEACHING HOSPITALS NHS FOUNDATION TRUST
MHS132,RTT Performance Percentage,54,01/01/2026,31/03/2026,BLACKPOOL TEACHING HOSPITALS NHS FOUNDATION TRUST
MHS125,People Entering RTT Pathway,42,01/01/2026,31/03/2026,DERBYSHIRE HEALTHCARE NHS FOUNDATION TRUST
MHS126,People Waiting,242,01/01/2026,31/03/2026,DERBYSHIRE HEALTHCARE NHS FOUNDATION TRUST
MHS131,People Treated,34,01/01/2026,31/03/2026,DERBYSHIRE HEALTHCARE NHS FOUNDATION TRUST
MHS132,RTT Performance Percentage,215,01/01/2026,31/03/2026,DERBYSHIRE HEALTHCARE NHS FOUNDATION TRUST
MHS125,People Entering RTT Pathway,48,01/01/2026,31/03/2026,BIRMINGHAM AND SOLIHULL MENTAL HEALTH NHS FOUNDATION TRUST
MHS126,People Waiting,209,01/01/2026,31/03/2026,BIRMINGHAM AND SOLIHULL MENTAL HEALTH NHS FOUNDATION TRUST
MHS131,People Treated,3,01/01/2026,31/03/2026,BIRMINGHAM AND SOLIHULL MENTAL HEALTH NHS FOUNDATION TRUST
MHS132,RTT Performance Percentage,84,01/01/2026,31/03/2026,BIRMINGHAM AND SOLIHULL MENTAL HEALTH NHS FOUNDATION TRUST
MHS125,People Entering RTT Pathway,49,01/01/2026,31/03/2026,GREATER MANCHESTER MENTAL HEALTH NHS FOUNDATION TRUST
MHS126,People Waiting,185,01/01/2026,31/03/2026,GREATER MANCHESTER MENTAL HEALTH NHS FOUNDATION TRUST
MHS131,People Treated,0,01/01/2026,31/03/2026,GREATER MANCHESTER MENTAL HEALTH NHS FOUNDATION TRUST
MHS132,RTT Performance Percentage,17,01/01/2026,31/03/2026,GREATER MANCHESTER MENTAL HEALTH NHS FOUNDATION TRUST
MHS125,People Entering RTT Pathway,58,01/01/2026,31/03/2026,SURREY AND BORDERS PARTNERSHIP NHS FOUNDATION TRUST
MHS126,People Waiting,146,01/01/2026,31/03/2026,SURREY AND BORDERS PARTNERSHIP NHS FOUNDATION TRUST
MHS131,People Treated,17,01/01/2026,31/03/2026,SURREY AND BORDERS PARTNERSHIP NHS FOUNDATION TRUST
MHS132,RTT Performance Percentage,78,01/01/2026,31/03/2026,SURREY AND BORDERS PARTNERSHIP NHS FOUNDATION TRUST
MHS125,People Entering RTT Pathway,49,01/01/2026,31/03/2026,KENT AND MEDWAY MENTAL HEALTH NHS TRUST
MHS126,People Waiting,152,01/01/2026,31/03/2026,KENT AND MEDWAY MENTAL HEALTH NHS TRUST
MHS131,People Treated,1,01/01/2026,31/03/2026,KENT AND MEDWAY MENTAL HEALTH NHS TRUST
MHS132,RTT Performance Percentage,28,01/01/2026,31/03/2026,KENT AND MEDWAY MENTAL HEALTH NHS TRUST
MHS125,People Entering RTT Pathway,*,01/01/2026,31/03/2026,BRIDGEWATER COMMUNITY HEALTHCARE NHS FOUNDATION TRUST
MHS126,People Waiting,*,01/01/2026,31/03/2026,BRIDGEWATER COMMUNITY HEALTHCARE NHS FOUNDATION TRUST
MHS131,People Treated,68,01/01/2026,31/03/2026,BRIDGEWATER COMMUNITY HEALTHCARE NHS FOUNDATION TRUST
MHS132,RTT Performance Percentage,201,01/01/2026,31/03/2026,BRIDGEWATER COMMUNITY HEALTHCARE NHS FOUNDATION TRUST
MHS125,People Entering RTT Pathway,*,01/01/2026,31/03/2026,EAST OF ENGLAND COMMUNITY HEALTH AND CARE NHS TRUST
MHS126,People Waiting,*,01/01/2026,31/03/2026,EAST OF ENGLAND COMMUNITY HEALTH AND CARE NHS TRUST
MHS131,People Treated,1066,01/01/2026,31/03/2026,EAST OF ENGLAND COMMUNITY HEALTH AND CARE NHS TRUST
MHS132,RTT Performance Percentage,1272,01/01/2026,31/03/2026,EAST OF ENGLAND COMMUNITY HEALTH AND CARE NHS TRUST
MHS125,People Entering RTT Pathway,*,01/01/2026,31/03/2026,HERTFORDSHIRE COMMUNITY NHS TRUST
MHS126,People Waiting,*,01/01/2026,31/03/2026,HERTFORDSHIRE COMMUNITY NHS TRUST
MHS131,People Treated,75,01/01/2026,31/03/2026,HERTFORDSHIRE COMMUNITY NHS TRUST
MHS132,RTT Performance Percentage,384,01/01/2026,31/03/2026,HERTFORDSHIRE COMMUNITY NHS TRUST
MHS125,People Entering RTT Pathway,50,01/01/2026,31/03/2026,LEEDS COMMUNITY HEALTHCARE NHS TRUST
MHS126,People Waiting,115,01/01/2026,31/03/2026,LEEDS COMMUNITY HEALTHCARE NHS TRUST
MHS131,People Treated,23,01/01/2026,31/03/2026,LEEDS COMMUNITY HEALTHCARE NHS TRUST
MHS132,RTT Performance Percentage,177,01/01/2026,31/03/2026,LEEDS COMMUNITY HEALTHCARE NHS TRUST
MHS125,People Entering RTT Pathway,*,01/01/2026,31/03/2026,DERBYSHIRE COMMUNITY HEALTH SERVICES NHS FOUNDATION TRUST
MHS126,People Waiting,*,01/01/2026,31/03/2026,DERBYSHIRE COMMUNITY HEALTH SERVICES NHS FOUNDATION TRUST
MHS131,People Treated,*,01/01/2026,31/03/2026,DERBYSHIRE COMMUNITY HEALTH SERVICES NHS FOUNDATION TRUST
MHS132,RTT Performance Percentage,*,01/01/2026,31/03/2026,DERBYSHIRE COMMUNITY HEALTH SERVICES NHS FOUNDATION TRUST
MHS125,People Entering RTT Pathway,128,01/01/2026,31/03/2026,COVENTRY AND WARWICKSHIRE PARTNERSHIP NHS TRUST
MHS126,People Waiting,440,01/01/2026,31/03/2026,COVENTRY AND WARWICKSHIRE PARTNERSHIP NHS TRUST
MHS131,People Treated,45,01/01/2026,31/03/2026,COVENTRY AND WARWICKSHIRE PARTNERSHIP NHS TRUST
MHS132,RTT Performance Percentage,624,01/01/2026,31/03/2026,COVENTRY AND WARWICKSHIRE PARTNERSHIP NHS TRUST
MHS125,People Entering RTT Pathway,*,01/01/2026,31/03/2026,CAMBRIDGESHIRE COMMUNITY SERVICES NHS TRUST
MHS126,People Waiting,*,01/01/2026,31/03/2026,CAMBRIDGESHIRE COMMUNITY SERVICES NHS TRUST
MHS131,People Treated,34,01/01/2026,31/03/2026,CAMBRIDGESHIRE COMMUNITY SERVICES NHS TRUST
MHS132,RTT Performance Percentage,111,01/01/2026,31/03/2026,CAMBRIDGESHIRE COMMUNITY SERVICES NHS TRUST
MHS125,People Entering RTT Pathway,*,01/01/2026,31/03/2026,KENT COMMUNITY HEALTH NHS FOUNDATION TRUST
MHS126,People Waiting,*,01/01/2026,31/03/2026,KENT COMMUNITY HEALTH NHS FOUNDATION TRUST
MHS131,People Treated,130,01/01/2026,31/03/2026,KENT COMMUNITY HEALTH NHS FOUNDATION TRUST
MHS132,RTT Performance Percentage,253,01/01/2026,31/03/2026,KENT COMMUNITY HEALTH NHS FOUNDATION TRUST
MHS125,People Entering RTT Pathway,*,01/01/2026,31/03/2026,BARNARDOS BROOKLANDS
MHS126,People Waiting,*,01/01/2026,31/03/2026,BARNARDOS BROOKLANDS
MHS131,People Treated,*,01/01/2026,31/03/2026,BARNARDOS BROOKLANDS
MHS132,RTT Performance Percentage,*,01/01/2026,31/03/2026,BARNARDOS BROOKLANDS
MHS125,People Entering RTT Pathway,*,01/01/2026,31/03/2026,MENTAL HEALTH AND WELL BEING SERVICES LTD
MHS126,People Waiting,*,01/01/2026,31/03/2026,MENTAL HEALTH AND WELL BEING SERVICES LTD
MHS131,People Treated,*,01/01/2026,31/03/2026,MENTAL HEALTH AND WELL BEING SERVICES LTD
MHS132,RTT Performance Percentage,*,01/01/2026,31/03/2026,MENTAL HEALTH AND WELL BEING SERVICES LTD
MHS125,People Entering RTT Pathway,*,01/01/2026,31/03/2026,NILAARI AGENCY
MHS126,People Waiting,*,01/01/2026,31/03/2026,NILAARI AGENCY
MHS131,People Treated,*,01/01/2026,31/03/2026,NILAARI AGENCY
MHS132,RTT Performance Percentage,*,01/01/2026,31/03/2026,NILAARI AGENCY
MHS125,People Entering RTT Pathway,*,01/01/2026,31/03/2026,OLDBURY BIRMINGHAM
MHS126,People Waiting,*,01/01/2026,31/03/2026,OLDBURY BIRMINGHAM
MHS131,People Treated,*,01/01/2026,31/03/2026,OLDBURY BIRMINGHAM
MHS132,RTT Performance Percentage,*,01/01/2026,31/03/2026,OLDBURY BIRMINGHAM
MHS125,People Entering RTT Pathway,*,01/01/2026,31/03/2026,JIGSAW4U
MHS126,People Waiting,*,01/01/2026,31/03/2026,JIGSAW4U
MHS131,People Treated,*,01/01/2026,31/03/2026,JIGSAW4U
MHS132,RTT Performance Percentage,*,01/01/2026,31/03/2026,JIGSAW4U
MHS125,People Entering RTT Pathway,*,01/01/2026,31/03/2026,"HOME-START TRAFFORD, SALFORD AND WIGAN"
MHS126,People Waiting,*,01/01/2026,31/03/2026,"HOME-START TRAFFORD, SALFORD AND WIGAN"
MHS131,People Treated,*,01/01/2026,31/03/2026,"HOME-START TRAFFORD, SALFORD AND WIGAN"
MHS132,RTT Performance Percentage,*,01/01/2026,31/03/2026,"HOME-START TRAFFORD, SALFORD AND WIGAN"
MHS125,People Entering RTT Pathway,*,01/01/2026,31/03/2026,COMPANEROS
MHS126,People Waiting,*,01/01/2026,31/03/2026,COMPANEROS
MHS131,People Treated,*,01/01/2026,31/03/2026,COMPANEROS
MHS132,RTT Performance Percentage,*,01/01/2026,31/03/2026,COMPANEROS
MHS125,People Entering RTT Pathway,*,01/01/2026,31/03/2026,GROUNDWORK LONDON
MHS126,People Waiting,*,01/01/2026,31/03/2026,GROUNDWORK LONDON
MHS131,People Treated,37,01/01/2026,31/03/2026,GROUNDWORK LONDON
MHS132,RTT Performance Percentage,83,01/01/2026,31/03/2026,GROUNDWORK LONDON
MHS125,People Entering RTT Pathway,*,01/01/2026,31/03/2026,WEST SUSSEX MHSTS
MHS126,People Waiting,*,01/01/2026,31/03/2026,WEST SUSSEX MHSTS
MHS131,People Treated,228,01/01/2026,31/03/2026,WEST SUSSEX MHSTS
MHS132,RTT Performance Percentage,312,01/01/2026,31/03/2026,WEST SUSSEX MHSTS
MHS125,People Entering RTT Pathway,*,01/01/2026,31/03/2026,THE ANDY RESEARCH CLINIC IN OXFORD
MHS126,People Waiting,*,01/01/2026,31/03/2026,THE ANDY RESEARCH CLINIC IN OXFORD
MHS131,People Treated,324,01/01/2026,31/03/2026,THE ANDY RESEARCH CLINIC IN OXFORD
MHS132,RTT Performance Percentage,400,01/01/2026,31/03/2026,THE ANDY RESEARCH CLINIC IN OXFORD
MHS125,People Entering RTT Pathway,71,01/01/2026,31/03/2026,BRADFORD DISTRICT CARE NHS FOUNDATION TRUST
MHS126,People Waiting,242,01/01/2026,31/03/2026,BRADFORD DISTRICT CARE NHS FOUNDATION TRUST
MHS131,People Treated,24,01/01/2026,31/03/2026,BRADFORD DISTRICT CARE NHS FOUNDATION TRUST
MHS132,RTT Performance Percentage,629,01/01/2026,31/03/2026,BRADFORD DISTRICT CARE NHS FOUNDATION TRUST
MHS125,People Entering RTT Pathway,91,01/01/2026,31/03/2026,SHEFFIELD HEALTH PARTNERSHIP UNIVERSITY NHS FOUNDATION TRUST
MHS126,People Waiting,242,01/01/2026,31/03/2026,SHEFFIELD HEALTH PARTNERSHIP UNIVERSITY NHS FOUNDATION TRUST
MHS131,People Treated,1,01/01/2026,31/03/2026,SHEFFIELD HEALTH PARTNERSHIP UNIVERSITY NHS FOUNDATION TRUST
MHS132,RTT Performance Percentage,497,01/01/2026,31/03/2026,SHEFFIELD HEALTH PARTNERSHIP UNIVERSITY NHS FOUNDATION TRUST
MHS125,People Entering RTT Pathway,27,01/01/2026,31/03/2026,BLACK COUNTRY HEALTHCARE NHS FOUNDATION TRUST
MHS126,People Waiting,107,01/01/2026,31/03/2026,BLACK COUNTRY HEALTHCARE NHS FOUNDATION TRUST
MHS131,People Treated,33,01/01/2026,31/03/2026,BLACK COUNTRY HEALTHCARE NHS FOUNDATION TRUST
MHS132,RTT Performance Percentage,168,01/01/2026,31/03/2026,BLACK COUNTRY HEALTHCARE NHS FOUNDATION TRUST
MHS125,People Entering RTT Pathway,*,01/01/2026,31/03/2026,HOME-START MANCHESTER
MHS126,People Waiting,*,01/01/2026,31/03/2026,HOME-START MANCHESTER
MHS131,People Treated,*,01/01/2026,31/03/2026,HOME-START MANCHESTER
MHS132,RTT Performance Percentage,*,01/01/2026,31/03/2026,HOME-START MANCHESTER
MHS125,People Entering RTT Pathway,*,01/01/2026,31/03/2026,ATROM MINDCARE LIMITED
MHS126,People Waiting,*,01/01/2026,31/03/2026,ATROM MINDCARE LIMITED
MHS131,People Treated,*,01/01/2026,31/03/2026,ATROM MINDCARE LIMITED
MHS132,RTT Performance Percentage,*,01/01/2026,31/03/2026,ATROM MINDCARE LIMITED
MHS125,People Entering RTT Pathway,*,01/01/2026,31/03/2026,MEDWAY SMALL STEPS
MHS126,People Waiting,*,01/01/2026,31/03/2026,MEDWAY SMALL STEPS
MHS131,People Treated,*,01/01/2026,31/03/2026,MEDWAY SMALL STEPS
MHS132,RTT Performance Percentage,*,01/01/2026,31/03/2026,MEDWAY SMALL STEPS
MHS125,People Entering RTT Pathway,161,01/01/2026,31/03/2026,DEVON MIND
MHS126,People Waiting,261,01/01/2026,31/03/2026,DEVON MIND
MHS131,People Treated,*,01/01/2026,31/03/2026,DEVON MIND
MHS132,RTT Performance Percentage,*,01/01/2026,31/03/2026,DEVON MIND
MHS125,People Entering RTT Pathway,*,01/01/2026,31/03/2026,HELP FOR PSYCHOLOGY
MHS126,People Waiting,*,01/01/2026,31/03/2026,HELP FOR PSYCHOLOGY
MHS131,People Treated,*,01/01/2026,31/03/2026,HELP FOR PSYCHOLOGY
MHS132,RTT Performance Percentage,*,01/01/2026,31/03/2026,HELP FOR PSYCHOLOGY
MHS125,People Entering RTT Pathway,*,01/01/2026,31/03/2026,LANCASHIRE AND SOUTH CUMBRIA THRIVE
MHS126,People Waiting,*,01/01/2026,31/03/2026,LANCASHIRE AND SOUTH CUMBRIA THRIVE
MHS131,People Treated,41,01/01/2026,31/03/2026,LANCASHIRE AND SOUTH CUMBRIA THRIVE
MHS132,RTT Performance Percentage,207,01/01/2026,31/03/2026,LANCASHIRE AND SOUTH CUMBRIA THRIVE
MHS125,People Entering RTT Pathway,*,01/01/2026,31/03/2026,BARNARDO'S SOMERSET PHOENIX PROJECT
MHS126,People Waiting,*,01/01/2026,31/03/2026,BARNARDO'S SOMERSET PHOENIX PROJECT
MHS131,People Treated,37,01/01/2026,31/03/2026,BARNARDO'S SOMERSET PHOENIX PROJECT
MHS132,RTT Performance Percentage,307,01/01/2026,31/03/2026,BARNARDO'S SOMERSET PHOENIX PROJECT
MHS125,People Entering RTT Pathway,*,01/01/2026,31/03/2026,THE RECOVERY COLLEGE COLLECTIVE
MHS126,People Waiting,*,01/01/2026,31/03/2026,THE RECOVERY COLLEGE COLLECTIVE
MHS131,People Treated,*,01/01/2026,31/03/2026,THE RECOVERY COLLEGE COLLECTIVE
MHS132,RTT Performance Percentage,*,01/01/2026,31/03/2026,THE RECOVERY COLLEGE COLLECTIVE
MHS125,People Entering RTT Pathway,*,01/01/2026,31/03/2026,WAYTHROUGH (ESCC)
MHS126,People Waiting,*,01/01/2026,31/03/2026,WAYTHROUGH (ESCC)
MHS131,People Treated,*,01/01/2026,31/03/2026,WAYTHROUGH (ESCC)
MHS132,RTT Performance Percentage,*,01/01/2026,31/03/2026,WAYTHROUGH (ESCC)
MHS125,People Entering RTT Pathway,21,01/01/2026,31/03/2026,HOPE VILLAGE
MHS126,People Waiting,119,01/01/2026,31/03/2026,HOPE VILLAGE
MHS131,People Treated,*,01/01/2026,31/03/2026,HOPE VILLAGE
MHS132,RTT Performance Percentage,*,01/01/2026,31/03/2026,HOPE VILLAGE
MHS125,People Entering RTT Pathway,36,01/01/2026,31/03/2026,KEIGHLEY HEALTHY LIVING
MHS126,People Waiting,113,01/01/2026,31/03/2026,KEIGHLEY HEALTHY LIVING
MHS131,People Treated,*,01/01/2026,31/03/2026,KEIGHLEY HEALTHY LIVING
MHS132,RTT Performance Percentage,*,01/01/2026,31/03/2026,KEIGHLEY HEALTHY LIVING
MHS125,People Entering RTT Pathway,*,01/01/2026,31/03/2026,ALZHEIMER'S SOCIETY NOTTINGHAM AND NOTTINGHAMSHIRE
MHS126,People Waiting,*,01/01/2026,31/03/2026,ALZHEIMER'S SOCIETY NOTTINGHAM AND NOTTINGHAMSHIRE
MHS131,People Treated,*,01/01/2026,31/03/2026,ALZHEIMER'S SOCIETY NOTTINGHAM AND NOTTINGHAMSHIRE
MHS132,RTT Performance Percentage,*,01/01/2026,31/03/2026,ALZHEIMER'S SOCIETY NOTTINGHAM AND NOTTINGHAMSHIRE
MHS125,People Entering RTT Pathway,*,01/01/2026,31/03/2026,NORTH LINCOLNSHIRE MIND
MHS126,People Waiting,*,01/01/2026,31/03/2026,NORTH LINCOLNSHIRE MIND
MHS131,People Treated,*,01/01/2026,31/03/2026,NORTH LINCOLNSHIRE MIND
MHS132,RTT Performance Percentage,*,01/01/2026,31/03/2026,NORTH LINCOLNSHIRE MIND
MHS125,People Entering RTT Pathway,*,01/01/2026,31/03/2026,YOUR PATIENT CHOICE LIMITED
MHS126,People Waiting,*,01/01/2026,31/03/2026,YOUR PATIENT CHOICE LIMITED
MHS131,People Treated,*,01/01/2026,31/03/2026,YOUR PATIENT CHOICE LIMITED
MHS132,RTT Performance Percentage,*,01/01/2026,31/03/2026,YOUR PATIENT CHOICE LIMITED
MHS125,People Entering RTT Pathway,*,01/01/2026,31/03/2026,AGE CONCERN TYNESIDE SOUTH
MHS126,People Waiting,*,01/01/2026,31/03/2026,AGE CONCERN TYNESIDE SOUTH
MHS131,People Treated,*,01/01/2026,31/03/2026,AGE CONCERN TYNESIDE SOUTH
MHS132,RTT Performance Percentage,*,01/01/2026,31/03/2026,AGE CONCERN TYNESIDE SOUTH
MHS125,People Entering RTT Pathway,*,01/01/2026,31/03/2026,PURE INSIGHT 1628
MHS126,People Waiting,*,01/01/2026,31/03/2026,PURE INSIGHT 1628
MHS131,People Treated,*,01/01/2026,31/03/2026,PURE INSIGHT 1628
MHS132,RTT Performance Percentage,*,01/01/2026,31/03/2026,PURE INSIGHT 1628
MHS125,People Entering RTT Pathway,*,01/01/2026,31/03/2026,NOWS THE TIME FOR CHANGE
MHS126,People Waiting,*,01/01/2026,31/03/2026,NOWS THE TIME FOR CHANGE
MHS131,People Treated,*,01/01/2026,31/03/2026,NOWS THE TIME FOR CHANGE
MHS132,RTT Performance Percentage,*,01/01/2026,31/03/2026,NOWS THE TIME FOR CHANGE
MHS125,People Entering RTT Pathway,*,01/01/2026,31/03/2026,S62 COMMUNITY TOGETHER ROTHERHAM CIC
MHS126,People Waiting,*,01/01/2026,31/03/2026,S62 COMMUNITY TOGETHER ROTHERHAM CIC
MHS131,People Treated,*,01/01/2026,31/03/2026,S62 COMMUNITY TOGETHER ROTHERHAM CIC
MHS132,RTT Performance Percentage,*,01/01/2026,31/03/2026,S62 COMMUNITY TOGETHER ROTHERHAM CIC
MHS125,People Entering RTT Pathway,*,01/01/2026,31/03/2026,NEURODIVERSITY ASSESSMENT LTD
MHS126,People Waiting,*,01/01/2026,31/03/2026,NEURODIVERSITY ASSESSMENT LTD
MHS131,People Treated,*,01/01/2026,31/03/2026,NEURODIVERSITY ASSESSMENT LTD
MHS132,RTT Performance Percentage,*,01/01/2026,31/03/2026,NEURODIVERSITY ASSESSMENT LTD
MHS125,People Entering RTT Pathway,*,01/01/2026,31/03/2026,BARNARDO'S MHST NORTH
MHS126,People Waiting,*,01/01/2026,31/03/2026,BARNARDO'S MHST NORTH
MHS131,People Treated,31,01/01/2026,31/03/2026,BARNARDO'S MHST NORTH
MHS132,RTT Performance Percentage,98,01/01/2026,31/03/2026,BARNARDO'S MHST NORTH
MHS125,People Entering RTT Pathway,*,01/01/2026,31/03/2026,CHANGES BRISTOL LTD
MHS126,People Waiting,*,01/01/2026,31/03/2026,CHANGES BRISTOL LTD
MHS131,People Treated,*,01/01/2026,31/03/2026,CHANGES BRISTOL LTD
MHS132,RTT Performance Percentage,*,01/01/2026,31/03/2026,CHANGES BRISTOL LTD
MHS125,People Entering RTT Pathway,*,01/01/2026,31/03/2026,CHANGING LIVES THROUGH CHANGING MINDS
MHS126,People Waiting,*,01/01/2026,31/03/2026,CHANGING LIVES THROUGH CHANGING MINDS
MHS131,People Treated,*,01/01/2026,31/03/2026,CHANGING LIVES THROUGH CHANGING MINDS
MHS132,RTT Performance Percentage,*,01/01/2026,31/03/2026,CHANGING LIVES THROUGH CHANGING MINDS
MHS125,People Entering RTT Pathway,*,01/01/2026,31/03/2026,X2Y LGBT YOUTH GROUP
MHS126,People Waiting,*,01/01/2026,31/03/2026,X2Y LGBT YOUTH GROUP
MHS131,People Treated,*,01/01/2026,31/03/2026,X2Y LGBT YOUTH GROUP
MHS132,RTT Performance Percentage,*,01/01/2026,31/03/2026,X2Y LGBT YOUTH GROUP
MHS125,People Entering RTT Pathway,*,01/01/2026,31/03/2026,RTN MEDICAL ADHD - DEVON ICB
MHS126,People Waiting,*,01/01/2026,31/03/2026,RTN MEDICAL ADHD - DEVON ICB
MHS131,People Treated,*,01/01/2026,31/03/2026,RTN MEDICAL ADHD - DEVON ICB
MHS132,RTT Performance Percentage,*,01/01/2026,31/03/2026,RTN MEDICAL ADHD - DEVON ICB
MHS125,People Entering RTT Pathway,*,01/01/2026,31/03/2026,CYGNUS SUPPORT LIMITED
MHS126,People Waiting,*,01/01/2026,31/03/2026,CYGNUS SUPPORT LIMITED
MHS131,People Treated,*,01/01/2026,31/03/2026,CYGNUS SUPPORT LIMITED
MHS132,RTT Performance Percentage,*,01/01/2026,31/03/2026,CYGNUS SUPPORT LIMITED
MHS125,People Entering RTT Pathway,*,01/01/2026,31/03/2026,THE CENTRE FOR ADHD RESEARCH AND EXCELLENCE
MHS126,People Waiting,*,01/01/2026,31/03/2026,THE CENTRE FOR ADHD RESEARCH AND EXCELLENCE
MHS131,People Treated,*,01/01/2026,31/03/2026,THE CENTRE FOR ADHD RESEARCH AND EXCELLENCE
MHS132,RTT Performance Percentage,*,01/01/2026,31/03/2026,THE CENTRE FOR ADHD RESEARCH AND EXCELLENCE
MHS125,People Entering RTT Pathway,*,01/01/2026,31/03/2026,WARRINGTON AND HALTON SUPPORT HUB
MHS126,People Waiting,*,01/01/2026,31/03/2026,WARRINGTON AND HALTON SUPPORT HUB
MHS131,People Treated,*,01/01/2026,31/03/2026,WARRINGTON AND HALTON SUPPORT HUB
MHS132,RTT Performance Percentage,*,01/01/2026,31/03/2026,WARRINGTON AND HALTON SUPPORT HUB
MHS125,People Entering RTT Pathway,*,01/01/2026,31/03/2026,THE HARBOUR
MHS126,People Waiting,*,01/01/2026,31/03/2026,THE HARBOUR
MHS131,People Treated,*,01/01/2026,31/03/2026,THE HARBOUR
MHS132,RTT Performance Percentage,*,01/01/2026,31/03/2026,THE HARBOUR
MHS125,People Entering RTT Pathway,*,01/01/2026,31/03/2026,SPIDER PROJECT
MHS126,People Waiting,*,01/01/2026,31/03/2026,SPIDER PROJECT
MHS131,People Treated,*,01/01/2026,31/03/2026,SPIDER PROJECT
MHS132,RTT Performance Percentage,*,01/01/2026,31/03/2026,SPIDER PROJECT
MHS125,People Entering RTT Pathway,*,01/01/2026,31/03/2026,AXIS COUNSELLING
MHS126,People Waiting,*,01/01/2026,31/03/2026,AXIS COUNSELLING
MHS131,People Treated,*,01/01/2026,31/03/2026,AXIS COUNSELLING
MHS132,RTT Performance Percentage,*,01/01/2026,31/03/2026,AXIS COUNSELLING
MHS125,People Entering RTT Pathway,*,01/01/2026,31/03/2026,EMERGE ADVOCACY
MHS126,People Waiting,*,01/01/2026,31/03/2026,EMERGE ADVOCACY
MHS131,People Treated,*,01/01/2026,31/03/2026,EMERGE ADVOCACY
MHS132,RTT Performance Percentage,*,01/01/2026,31/03/2026,EMERGE ADVOCACY
MHS125,People Entering RTT Pathway,36,01/01/2026,31/03/2026,THE GROWTH COMPANY
MHS126,People Waiting,98,01/01/2026,31/03/2026,THE GROWTH COMPANY
MHS131,People Treated,*,01/01/2026,31/03/2026,THE GROWTH COMPANY
MHS132,RTT Performance Percentage,*,01/01/2026,31/03/2026,THE GROWTH COMPANY
MHS125,People Entering RTT Pathway,*,01/01/2026,31/03/2026,MIND IN WEST ESSEX
MHS126,People Waiting,*,01/01/2026,31/03/2026,MIND IN WEST ESSEX
MHS131,People Treated,15,01/01/2026,31/03/2026,MIND IN WEST ESSEX
MHS132,RTT Performance Percentage,43,01/01/2026,31/03/2026,MIND IN WEST ESSEX
