date,id,name,y_items,y_actual_cost,x_items,x_actual_cost
2021-04-01,09W,"NHS MEDWAY",0,0,0,0
2021-04-01,D4U1Y,"NHS FRIMLEY",4927,19060.68,0,0
2021-04-01,02G,"NHS WEST LANCASHIRE",13688,44287.14,0,0
2021-04-01,05D,"NHS EAST STAFFORDSHIRE",15906,50923.83,0,0
2021-04-01,04Y,"NHS CANNOCK CHASE",17061,57081.7,0,0
2021-04-01,01V,"NHS SOUTHPORT AND FORMBY",17479,62547.18,0,0
2021-04-01,05V,"NHS STAFFORD AND SURROUNDS",17558,57725.2,0,0
2021-04-01,07G,"NHS THURROCK",18299,56994.26,0,0
2021-04-01,02Q,"NHS BASSETLAW",19338,53750.14,0,0
2021-04-01,99F,"NHS CASTLE POINT AND ROCHFORD",19757,74013.63,0,0
2021-04-01,01F,"NHS HALTON",20532,69717.76,0,0
2021-04-01,99G,"NHS SOUTHEND",20659,77474.33,0,0
2021-04-01,00Q,"NHS BLACKBURN WITH DARWEN",21382,63834.41,0,0
2021-04-01,00X,"NHS CHORLEY AND SOUTH RIBBLE",23777,86038.03,0,0
2021-04-01,01T,"NHS SOUTH SEFTON",24827,83012.14,0,0
2021-04-01,03H,"NHS NORTH EAST LINCOLNSHIRE",25368,65495.84,0,0
2021-04-01,05Q,"NHS SOUTH EAST STAFFORDSHIRE AND SEISDON PENINSULA",25476,84501.28,0,0
2021-04-01,00V,"NHS BURY",25637,101595.82,0,0
2021-04-01,02E,"NHS WARRINGTON",26439,99740.24,0,0
2021-04-01,01E,"NHS GREATER PRESTON",27010,79306.89,0,0
2021-04-01,03K,"NHS NORTH LINCOLNSHIRE",27260,77996.11,0,0
2021-04-01,10R,"NHS PORTSMOUTH",27409,107243.87,0,0
2021-04-01,03Q,"NHS VALE OF YORK",27453,86523.32,0,0
2021-04-01,01J,"NHS KNOWSLEY",28245,88763.91,0,0
2021-04-01,99E,"NHS BASILDON AND BRENTWOOD",28665,114825.76,0,0
2021-04-01,02M,"NHS FYLDE AND WYRE",28840,85603.5,0,0
2021-04-01,U2G6B,"NHS THAMES VALLEY ICB - U2G6B",29318,118748.19,0,0
2021-04-01,05G,"NHS NORTH STAFFORDSHIRE",29653,97994.63,0,0
2021-04-01,00N,"NHS SOUTH TYNESIDE",29935,78984.74,0,0
2021-04-01,02T,"NHS CALDERDALE",30037,90928.1,0,0
2021-04-01,02A,"NHS TRAFFORD",30436,97052.96,0,0
2021-04-01,01D,"NHS HEYWOOD, MIDDLETON AND ROCHDALE",31387,101735.07,0,0
2021-04-01,00Y,"NHS OLDHAM",31977,103268.44,0,0
2021-04-01,00R,"NHS BLACKPOOL",32958,94885.15,0,0
2021-04-01,01Y,"NHS TAMESIDE AND GLOSSOP",33094,105142.53,0,0
2021-04-01,07H,"NHS WEST ESSEX",34213,110448.86,0,0
2021-04-01,01X,"NHS ST HELENS",34711,113149.82,0,0
2021-04-01,09D,"NHS BRIGHTON AND HOVE",36511,130714.14,0,0
2021-04-01,04C,"NHS LEICESTER CITY",37251,120524.98,0,0
2021-04-01,03W,"NHS EAST LEICESTERSHIRE AND RUTLAND",37364,136169.56,0,0
2021-04-01,00T,"NHS BOLTON",39537,133631.85,0,0
2021-04-01,99C,"NHS NORTH TYNESIDE",39990,108773.52,0,0
2021-04-01,05W,"NHS STOKE ON TRENT",40582,125350.54,0,0
2021-04-01,03L,"NHS ROTHERHAM",40905,124667.15,0,0
2021-04-01,02Y,"NHS EAST RIDING OF YORKSHIRE",42468,129182.09,0,0
2021-04-01,07K,"NHS WEST SUFFOLK",43032,131167.23,0,0
2021-04-01,14Y,"NHS BUCKINGHAMSHIRE",44088,182066.61,0,0
2021-04-01,01W,"NHS STOCKPORT",44176,142470.04,0,0
2021-04-01,03F,"NHS HULL",46154,116612.63,0,0
2021-04-01,01G,"NHS SALFORD",46854,135929.88,0,0
2021-04-01,01K,"NHS MORECAMBE BAY",47391,155402.76,0,0
2021-04-01,15A,"NHS BERKSHIRE WEST",48246,211062.56,0,0
2021-04-01,02H,"NHS WIGAN BOROUGH",49389,177603.56,0,0
2021-04-01,01H,"NHS NORTH CUMBRIA",49439,150114,0,0
2021-04-01,02X,"NHS DONCASTER",49728,143904.5,0,0
2021-04-01,04V,"NHS WEST LEICESTERSHIRE",50152,166072.72,0,0
2021-04-01,01A,"NHS EAST LANCASHIRE",50775,154111.1,0,0
2021-04-01,02P,"NHS BARNSLEY",51273,136376.83,0,0
2021-04-01,06N,"NHS HERTS VALLEYS",52191,182692.08,0,0
2021-04-01,03R,"NHS WAKEFIELD",52595,176043.43,0,0
2021-04-01,06Q,"NHS MID ESSEX",52820,159144.62,0,0
2021-04-01,X2C4Y,"NHS KIRKLEES",53463,182149.48,0,0
2021-04-01,12F,"NHS WIRRAL",54004,179309.35,0,0
2021-04-01,00L,"NHS NORTHUMBERLAND",57129,169071.32,0,0
2021-04-01,M2L0M,"NHS SHROPSHIRE, TELFORD AND WREKIN",57325,214523.27,0,0
2021-04-01,06T,"NHS NORTH EAST ESSEX",57664,187432.28,0,0
2021-04-01,06L,"NHS IPSWICH AND EAST SUFFOLK",59458,191478.57,0,0
2021-04-01,00P,"NHS SUNDERLAND",65076,148101.72,0,0
2021-04-01,06K,"NHS EAST AND NORTH HERTFORDSHIRE",66864,233160.42,0,0
2021-04-01,42D,"NHS NORTH YORKSHIRE",69404,216802.35,0,0
2021-04-01,11X,"NHS SOMERSET",69593,232490.47,0,0
2021-04-01,97R,"NHS EAST SUSSEX",70177,267217.43,0,0
2021-04-01,10Q,"NHS OXFORDSHIRE",73712,274558.56,0,0
2021-04-01,36J,"NHS BRADFORD DISTRICT AND CRAVEN",73809,243603.73,0,0
2021-04-01,99A,"NHS LIVERPOOL",82326,279898.7,0,0
2021-04-01,14L,"NHS MANCHESTER",83958,265013.14,0,0
2021-04-01,03N,"NHS SHEFFIELD",84324,249344.29,0,0
2021-04-01,11M,"NHS GLOUCESTERSHIRE",86497,270392.79,0,0
2021-04-01,11N,"NHS CORNWALL AND THE ISLES OF SCILLY",89009,287054,0,0
2021-04-01,M1J4Y,"NHS BEDFORDSHIRE, LUTON AND MILTON KEYNES",89640,291830.98,0,0
2021-04-01,92A,"NHS SURREY HEARTLANDS",93644,417846.41,0,0
2021-04-01,70F,"NHS WEST SUSSEX",93798,399397.3,0,0
2021-04-01,13T,"NHS NEWCASTLE GATESHEAD",96694,252177.43,0,0
2021-04-01,15F,"NHS LEEDS",96817,320887.24,0,0
2021-04-01,18C,"NHS HEREFORDSHIRE AND WORCESTERSHIRE",96953,336769.53,0,0
2021-04-01,11J,"NHS DORSET",97499,363794.74,0,0
2021-04-01,27D,"NHS CHESHIRE",102252,321076.21,0,0
2021-04-01,93C,"NHS NORTH CENTRAL LONDON",105859,391996.51,0,0
2021-04-01,78H,"NHS NORTHAMPTONSHIRE",106420,309814.3,0,0
2021-04-01,15C,"NHS BRISTOL, NORTH SOMERSET AND SOUTH GLOUCESTERSHIRE",109463,389813.43,0,0
2021-04-01,B2M3M,"NHS COVENTRY AND WARWICKSHIRE",111999,380393.03,0,0
2021-04-01,36L,"NHS SOUTH WEST LONDON",113304,395185.39,0,0
2021-04-01,92G,"NHS BATH AND NORTH EAST SOMERSET, SWINDON AND WILTSHIRE",114820,384514.27,0,0
2021-04-01,84H,"NHS COUNTY DURHAM",115425,309354.29,0,0
2021-04-01,06H,"NHS CAMBRIDGESHIRE AND PETERBOROUGH",122144,369217.01,0,0
2021-04-01,72Q,"NHS SOUTH EAST LONDON",122420,456173.25,0,0
2021-04-01,15E,"NHS BIRMINGHAM AND SOLIHULL",122548,440662.74,0,0
2021-04-01,16C,"NHS TEES VALLEY",127341,378775.68,0,0
2021-04-01,D2P2L,"NHS BLACK COUNTRY",131425,465274.43,0,0
2021-04-01,52R,"NHS NOTTINGHAM AND NOTTINGHAMSHIRE",133559,449931.67,0,0
2021-04-01,71E,"NHS LINCOLNSHIRE",133948,410625.59,0,0
2021-04-01,15M,"NHS DERBY AND DERBYSHIRE",137972,474766.42,0,0
2021-04-01,W2U3Z,"NHS NORTH WEST LONDON",138929,484085.29,0,0
2021-04-01,A3A8R,"NHS NORTH EAST LONDON",143889,463590.67,0,0
2021-04-01,15N,"NHS DEVON",166574,585363.93,0,0
2021-04-01,26A,"NHS NORFOLK AND WAVENEY",176572,561141.12,0,0
2021-04-01,91Q,"NHS KENT AND MEDWAY",206120,767052.16,0,0
2021-04-01,D9Y0V,"NHS HAMPSHIRE, SOUTHAMPTON AND ISLE OF WIGHT",206877,861512.83,0,0
2021-05-01,09W,"NHS MEDWAY",0,0,0,0
2021-05-01,D4U1Y,"NHS FRIMLEY",4761,19310.08,0,0
2021-05-01,02G,"NHS WEST LANCASHIRE",13178,44210.17,0,0
2021-05-01,05D,"NHS EAST STAFFORDSHIRE",15119,48641.04,0,0
2021-05-01,04Y,"NHS CANNOCK CHASE",15993,52531.15,0,0
2021-05-01,01V,"NHS SOUTHPORT AND FORMBY",16534,57684.69,0,0
2021-05-01,05V,"NHS STAFFORD AND SURROUNDS",16637,54395.47,0,0
2021-05-01,07G,"NHS THURROCK",17057,54321.75,0,0
2021-05-01,99F,"NHS CASTLE POINT AND ROCHFORD",18006,69298.36,0,0
2021-05-01,02Q,"NHS BASSETLAW",18530,52385.94,0,0
2021-05-01,01F,"NHS HALTON",18944,65782.17,0,0
2021-05-01,99G,"NHS SOUTHEND",19742,75746.24,0,0
2021-05-01,00Q,"NHS BLACKBURN WITH DARWEN",20883,63401.88,0,0
2021-05-01,03H,"NHS NORTH EAST LINCOLNSHIRE",22833,61211.79,0,0
2021-05-01,00X,"NHS CHORLEY AND SOUTH RIBBLE",22855,82628.83,0,0
2021-05-01,01T,"NHS SOUTH SEFTON",23472,79549.54,0,0
2021-05-01,05Q,"NHS SOUTH EAST STAFFORDSHIRE AND SEISDON PENINSULA",23560,81241.23,0,0
2021-05-01,00V,"NHS BURY",23900,93055.57,0,0
2021-05-01,10R,"NHS PORTSMOUTH",25539,96183.48,0,0
2021-05-01,02E,"NHS WARRINGTON",25632,100232.96,0,0
2021-05-01,01E,"NHS GREATER PRESTON",25639,77378.85,0,0
2021-05-01,01J,"NHS KNOWSLEY",26201,82640.24,0,0
2021-05-01,03K,"NHS NORTH LINCOLNSHIRE",26366,73930.89,0,0
2021-05-01,99E,"NHS BASILDON AND BRENTWOOD",26758,104839.21,0,0
2021-05-01,03Q,"NHS VALE OF YORK",26901,85899.35,0,0
2021-05-01,02M,"NHS FYLDE AND WYRE",27251,80909.05,0,0
2021-05-01,U2G6B,"NHS THAMES VALLEY ICB - U2G6B",27912,113978.44,0,0
2021-05-01,05G,"NHS NORTH STAFFORDSHIRE",28270,94520.75,0,0
2021-05-01,02T,"NHS CALDERDALE",28409,84136.49,0,0
2021-05-01,00N,"NHS SOUTH TYNESIDE",28967,76410.89,0,0
2021-05-01,01D,"NHS HEYWOOD, MIDDLETON AND ROCHDALE",29172,96470.28,0,0
2021-05-01,02A,"NHS TRAFFORD",29197,91824.23,0,0
2021-05-01,00Y,"NHS OLDHAM",30025,98604.63,0,0
2021-05-01,01Y,"NHS TAMESIDE AND GLOSSOP",30785,93710.33,0,0
2021-05-01,07H,"NHS WEST ESSEX",32437,103469.4,0,0
2021-05-01,00R,"NHS BLACKPOOL",32456,92011.28,0,0
2021-05-01,01X,"NHS ST HELENS",32834,107863.26,0,0
2021-05-01,03W,"NHS EAST LEICESTERSHIRE AND RUTLAND",34609,127135.41,0,0
2021-05-01,09D,"NHS BRIGHTON AND HOVE",34869,129044.9,0,0
2021-05-01,04C,"NHS LEICESTER CITY",35140,112909.92,0,0
2021-05-01,00T,"NHS BOLTON",38258,133333.59,0,0
2021-05-01,03L,"NHS ROTHERHAM",38701,117508.45,0,0
2021-05-01,99C,"NHS NORTH TYNESIDE",38780,106013.44,0,0
2021-05-01,02Y,"NHS EAST RIDING OF YORKSHIRE",40232,123552.68,0,0
2021-05-01,05W,"NHS STOKE ON TRENT",41086,126671.68,0,0
2021-05-01,01G,"NHS SALFORD",41488,121602.07,0,0
2021-05-01,14Y,"NHS BUCKINGHAMSHIRE",42326,166614.69,0,0
2021-05-01,07K,"NHS WEST SUFFOLK",42574,129476.72,0,0
2021-05-01,01W,"NHS STOCKPORT",42578,140187.54,0,0
2021-05-01,03F,"NHS HULL",43630,110866.57,0,0
2021-05-01,01K,"NHS MORECAMBE BAY",44727,145204.14,0,0
2021-05-01,02H,"NHS WIGAN BOROUGH",46193,159647.11,0,0
2021-05-01,15A,"NHS BERKSHIRE WEST",46693,194336.52,0,0
2021-05-01,01H,"NHS NORTH CUMBRIA",47041,138715.48,0,0
2021-05-01,02X,"NHS DONCASTER",47739,139106.24,0,0
2021-05-01,01A,"NHS EAST LANCASHIRE",48023,142602.96,0,0
2021-05-01,02P,"NHS BARNSLEY",48042,125324.29,0,0
2021-05-01,04V,"NHS WEST LEICESTERSHIRE",48242,160924.66,0,0
2021-05-01,06N,"NHS HERTS VALLEYS",50496,181410.3,0,0
2021-05-01,03R,"NHS WAKEFIELD",50738,173073.16,0,0
2021-05-01,06Q,"NHS MID ESSEX",50774,155935.1,0,0
2021-05-01,X2C4Y,"NHS KIRKLEES",51213,173462.64,0,0
2021-05-01,12F,"NHS WIRRAL",51587,171222.99,0,0
2021-05-01,M2L0M,"NHS SHROPSHIRE, TELFORD AND WREKIN",54504,204287.8,0,0
2021-05-01,00L,"NHS NORTHUMBERLAND",54717,160066.17,0,0
2021-05-01,06T,"NHS NORTH EAST ESSEX",55737,183630.43,0,0
2021-05-01,06L,"NHS IPSWICH AND EAST SUFFOLK",58061,185555.75,0,0
2021-05-01,00P,"NHS SUNDERLAND",65349,144383.47,0,0
2021-05-01,42D,"NHS NORTH YORKSHIRE",65780,203938.45,0,0
2021-05-01,11X,"NHS SOMERSET",66037,223415.05,0,0
2021-05-01,06K,"NHS EAST AND NORTH HERTFORDSHIRE",66194,223850.28,0,0
2021-05-01,97R,"NHS EAST SUSSEX",67658,253293.97,0,0
2021-05-01,36J,"NHS BRADFORD DISTRICT AND CRAVEN",69426,225457,0,0
2021-05-01,10Q,"NHS OXFORDSHIRE",73696,291464.12,0,0
2021-05-01,99A,"NHS LIVERPOOL",78193,265968.86,0,0
2021-05-01,14L,"NHS MANCHESTER",78673,252304.98,0,0
2021-05-01,03N,"NHS SHEFFIELD",80834,238718.46,0,0
2021-05-01,11M,"NHS GLOUCESTERSHIRE",83903,274272.08,0,0
2021-05-01,11N,"NHS CORNWALL AND THE ISLES OF SCILLY",85505,279067.42,0,0
2021-05-01,M1J4Y,"NHS BEDFORDSHIRE, LUTON AND MILTON KEYNES",85802,287757.93,0,0
2021-05-01,70F,"NHS WEST SUSSEX",90566,372769.65,0,0
2021-05-01,18C,"NHS HEREFORDSHIRE AND WORCESTERSHIRE",91403,320820.67,0,0
2021-05-01,15F,"NHS LEEDS",91451,319085.04,0,0
2021-05-01,13T,"NHS NEWCASTLE GATESHEAD",92529,239469.54,0,0
2021-05-01,92A,"NHS SURREY HEARTLANDS",92702,415751.28,0,0
2021-05-01,11J,"NHS DORSET",92890,346379.34,0,0
2021-05-01,27D,"NHS CHESHIRE",99477,311326.91,0,0
2021-05-01,78H,"NHS NORTHAMPTONSHIRE",100739,291000.31,0,0
2021-05-01,93C,"NHS NORTH CENTRAL LONDON",101316,395061.34,0,0
2021-05-01,15C,"NHS BRISTOL, NORTH SOMERSET AND SOUTH GLOUCESTERSHIRE",104872,380916.72,0,0
2021-05-01,B2M3M,"NHS COVENTRY AND WARWICKSHIRE",106303,355933.56,0,0
2021-05-01,36L,"NHS SOUTH WEST LONDON",109644,392848.62,0,0
2021-05-01,92G,"NHS BATH AND NORTH EAST SOMERSET, SWINDON AND WILTSHIRE",110109,367329.24,0,0
2021-05-01,84H,"NHS COUNTY DURHAM",110527,292646.56,0,0
2021-05-01,06H,"NHS CAMBRIDGESHIRE AND PETERBOROUGH",115733,349366.78,0,0
2021-05-01,15E,"NHS BIRMINGHAM AND SOLIHULL",116587,420441.13,0,0
2021-05-01,72Q,"NHS SOUTH EAST LONDON",120064,446858.91,0,0
2021-05-01,16C,"NHS TEES VALLEY",122262,363945.61,0,0
2021-05-01,D2P2L,"NHS BLACK COUNTRY",122985,440166.1,0,0
2021-05-01,52R,"NHS NOTTINGHAM AND NOTTINGHAMSHIRE",126216,421569.38,0,0
2021-05-01,71E,"NHS LINCOLNSHIRE",127935,391146.8,0,0
2021-05-01,15M,"NHS DERBY AND DERBYSHIRE",130906,453048.75,0,0
2021-05-01,W2U3Z,"NHS NORTH WEST LONDON",134872,479772.26,0,0
2021-05-01,A3A8R,"NHS NORTH EAST LONDON",137166,443710.29,0,0
2021-05-01,15N,"NHS DEVON",159580,548212.96,0,0
2021-05-01,26A,"NHS NORFOLK AND WAVENEY",167820,524448.55,0,0
2021-05-01,91Q,"NHS KENT AND MEDWAY",196160,716169.43,0,0
2021-05-01,D9Y0V,"NHS HAMPSHIRE, SOUTHAMPTON AND ISLE OF WIGHT",202142,846122.11,0,0
2021-06-01,09W,"NHS MEDWAY",0,0,0,0
2021-06-01,D4U1Y,"NHS FRIMLEY",4782,17560.09,0,0
2021-06-01,02G,"NHS WEST LANCASHIRE",13755,45940.87,0,0
2021-06-01,05D,"NHS EAST STAFFORDSHIRE",16394,52825.18,0,0
2021-06-01,04Y,"NHS CANNOCK CHASE",17089,56446.03,0,0
2021-06-01,01V,"NHS SOUTHPORT AND FORMBY",17851,59715.53,0,0
2021-06-01,07G,"NHS THURROCK",17887,55968.87,0,0
2021-06-01,05V,"NHS STAFFORD AND SURROUNDS",17933,60110.76,0,0
2021-06-01,99F,"NHS CASTLE POINT AND ROCHFORD",19363,72226.97,0,0
2021-06-01,02Q,"NHS BASSETLAW",19867,56223.84,0,0
2021-06-01,01F,"NHS HALTON",20134,68573.96,0,0
2021-06-01,99G,"NHS SOUTHEND",21490,80307.45,0,0
2021-06-01,00Q,"NHS BLACKBURN WITH DARWEN",22366,66858.12,0,0
2021-06-01,00X,"NHS CHORLEY AND SOUTH RIBBLE",24047,86843.41,0,0
2021-06-01,03H,"NHS NORTH EAST LINCOLNSHIRE",24869,62295.81,0,0
2021-06-01,00V,"NHS BURY",25331,98522.59,0,0
2021-06-01,05Q,"NHS SOUTH EAST STAFFORDSHIRE AND SEISDON PENINSULA",25581,86514.52,0,0
2021-06-01,01T,"NHS SOUTH SEFTON",25924,88332.37,0,0
2021-06-01,02E,"NHS WARRINGTON",26856,98546.21,0,0
2021-06-01,03Q,"NHS VALE OF YORK",27634,87776.96,0,0
2021-06-01,01E,"NHS GREATER PRESTON",27700,83965.61,0,0
2021-06-01,10R,"NHS PORTSMOUTH",27784,104467.98,0,0
2021-06-01,03K,"NHS NORTH LINCOLNSHIRE",28087,81168.95,0,0
2021-06-01,01J,"NHS KNOWSLEY",28251,89859.85,0,0
2021-06-01,99E,"NHS BASILDON AND BRENTWOOD",29112,111029,0,0
2021-06-01,02M,"NHS FYLDE AND WYRE",29656,87684.36,0,0
2021-06-01,U2G6B,"NHS THAMES VALLEY ICB - U2G6B",30033,119279.16,0,0
2021-06-01,05G,"NHS NORTH STAFFORDSHIRE",30461,102292.57,0,0
2021-06-01,02A,"NHS TRAFFORD",30482,99433.38,0,0
2021-06-01,00N,"NHS SOUTH TYNESIDE",31046,79199.55,0,0
2021-06-01,02T,"NHS CALDERDALE",31234,92392.23,0,0
2021-06-01,00Y,"NHS OLDHAM",31741,103976.02,0,0
2021-06-01,01D,"NHS HEYWOOD, MIDDLETON AND ROCHDALE",31881,103562.04,0,0
2021-06-01,01Y,"NHS TAMESIDE AND GLOSSOP",33825,108415.17,0,0
2021-06-01,01X,"NHS ST HELENS",34704,112796.91,0,0
2021-06-01,07H,"NHS WEST ESSEX",35045,112929.39,0,0
2021-06-01,00R,"NHS BLACKPOOL",35165,102250.3,0,0
2021-06-01,04C,"NHS LEICESTER CITY",37566,124587.05,0,0
2021-06-01,09D,"NHS BRIGHTON AND HOVE",37964,145795.43,0,0
2021-06-01,03W,"NHS EAST LEICESTERSHIRE AND RUTLAND",38687,141360.36,0,0
2021-06-01,99C,"NHS NORTH TYNESIDE",40794,110685.33,0,0
2021-06-01,00T,"NHS BOLTON",41104,139662.21,0,0
2021-06-01,03L,"NHS ROTHERHAM",41357,125840.32,0,0
2021-06-01,05W,"NHS STOKE ON TRENT",43007,132328.7,0,0
2021-06-01,07K,"NHS WEST SUFFOLK",43578,132821.58,0,0
2021-06-01,02Y,"NHS EAST RIDING OF YORKSHIRE",44045,134740.4,0,0
2021-06-01,01W,"NHS STOCKPORT",45067,149605.49,0,0
2021-06-01,14Y,"NHS BUCKINGHAMSHIRE",46284,188124.17,0,0
2021-06-01,03F,"NHS HULL",46408,121293.94,0,0
2021-06-01,01G,"NHS SALFORD",47262,137424.7,0,0
2021-06-01,01K,"NHS MORECAMBE BAY",47535,156340.41,0,0
2021-06-01,15A,"NHS BERKSHIRE WEST",48317,207045.07,0,0
2021-06-01,01H,"NHS NORTH CUMBRIA",49701,149966.48,0,0
2021-06-01,02H,"NHS WIGAN BOROUGH",49913,176895.97,0,0
2021-06-01,02X,"NHS DONCASTER",50780,147370.34,0,0
2021-06-01,04V,"NHS WEST LEICESTERSHIRE",51405,171395.84,0,0
2021-06-01,02P,"NHS BARNSLEY",51738,137627.49,0,0
2021-06-01,01A,"NHS EAST LANCASHIRE",52134,157461.86,0,0
2021-06-01,06N,"NHS HERTS VALLEYS",53316,186138.52,0,0
2021-06-01,12F,"NHS WIRRAL",54376,180394.93,0,0
2021-06-01,03R,"NHS WAKEFIELD",54585,186403.31,0,0
2021-06-01,X2C4Y,"NHS KIRKLEES",55271,191758.08,0,0
2021-06-01,06Q,"NHS MID ESSEX",55461,169180.52,0,0
2021-06-01,M2L0M,"NHS SHROPSHIRE, TELFORD AND WREKIN",57235,214831.81,0,0
2021-06-01,06T,"NHS NORTH EAST ESSEX",57593,186962.55,0,0
2021-06-01,00L,"NHS NORTHUMBERLAND",57764,169458.29,0,0
2021-06-01,06L,"NHS IPSWICH AND EAST SUFFOLK",60182,193041.92,0,0
2021-06-01,06K,"NHS EAST AND NORTH HERTFORDSHIRE",67957,234826.8,0,0
2021-06-01,00P,"NHS SUNDERLAND",68623,154835.02,0,0
2021-06-01,11X,"NHS SOMERSET",70167,238412.52,0,0
2021-06-01,42D,"NHS NORTH YORKSHIRE",70883,223437.66,0,0
2021-06-01,97R,"NHS EAST SUSSEX",71349,271794.23,0,0
2021-06-01,36J,"NHS BRADFORD DISTRICT AND CRAVEN",74496,242360.46,0,0
2021-06-01,10Q,"NHS OXFORDSHIRE",75629,294402.35,0,0
2021-06-01,99A,"NHS LIVERPOOL",83765,283952.78,0,0
2021-06-01,14L,"NHS MANCHESTER",85131,267603.73,0,0
2021-06-01,11M,"NHS GLOUCESTERSHIRE",87523,287036.35,0,0
2021-06-01,03N,"NHS SHEFFIELD",87579,258823.88,0,0
2021-06-01,11N,"NHS CORNWALL AND THE ISLES OF SCILLY",89469,297466.03,0,0
2021-06-01,M1J4Y,"NHS BEDFORDSHIRE, LUTON AND MILTON KEYNES",89845,299500.45,0,0
2021-06-01,70F,"NHS WEST SUSSEX",94627,388344.66,0,0
2021-06-01,92A,"NHS SURREY HEARTLANDS",96286,439997.3,0,0
2021-06-01,18C,"NHS HEREFORDSHIRE AND WORCESTERSHIRE",97351,346412.78,0,0
2021-06-01,13T,"NHS NEWCASTLE GATESHEAD",97651,252030.9,0,0
2021-06-01,11J,"NHS DORSET",98127,370037.72,0,0
2021-06-01,15F,"NHS LEEDS",98879,334517.96,0,0
2021-06-01,27D,"NHS CHESHIRE",103244,324354.02,0,0
2021-06-01,93C,"NHS NORTH CENTRAL LONDON",107005,402511.74,0,0
2021-06-01,78H,"NHS NORTHAMPTONSHIRE",107447,315735.09,0,0
2021-06-01,15C,"NHS BRISTOL, NORTH SOMERSET AND SOUTH GLOUCESTERSHIRE",110541,393970.12,0,0
2021-06-01,B2M3M,"NHS COVENTRY AND WARWICKSHIRE",114425,390286.25,0,0
2021-06-01,36L,"NHS SOUTH WEST LONDON",115926,415113.64,0,0
2021-06-01,92G,"NHS BATH AND NORTH EAST SOMERSET, SWINDON AND WILTSHIRE",115947,385582.72,0,0
2021-06-01,84H,"NHS COUNTY DURHAM",120353,320444.96,0,0
2021-06-01,06H,"NHS CAMBRIDGESHIRE AND PETERBOROUGH",124026,372196.72,0,0
2021-06-01,15E,"NHS BIRMINGHAM AND SOLIHULL",125572,445998.96,0,0
2021-06-01,72Q,"NHS SOUTH EAST LONDON",127659,482400.73,0,0
2021-06-01,16C,"NHS TEES VALLEY",128761,379199.76,0,0
2021-06-01,52R,"NHS NOTTINGHAM AND NOTTINGHAMSHIRE",132928,457321.22,0,0
2021-06-01,D2P2L,"NHS BLACK COUNTRY",133282,472020.82,0,0
2021-06-01,71E,"NHS LINCOLNSHIRE",136667,419182.22,0,0
2021-06-01,15M,"NHS DERBY AND DERBYSHIRE",139588,482047.04,0,0
2021-06-01,W2U3Z,"NHS NORTH WEST LONDON",142958,494844.87,0,0
2021-06-01,A3A8R,"NHS NORTH EAST LONDON",145941,475185.2,0,0
2021-06-01,15N,"NHS DEVON",169865,599136.15,0,0
2021-06-01,26A,"NHS NORFOLK AND WAVENEY",178210,555603.3,0,0
2021-06-01,91Q,"NHS KENT AND MEDWAY",209421,774931.62,0,0
2021-06-01,D9Y0V,"NHS HAMPSHIRE, SOUTHAMPTON AND ISLE OF WIGHT",211838,888760.83,0,0
2021-07-01,09W,"NHS MEDWAY",0,0,0,0
2021-07-01,D4U1Y,"NHS FRIMLEY",4923,18307.07,0,0
2021-07-01,02G,"NHS WEST LANCASHIRE",14121,40123.61,0,0
2021-07-01,05D,"NHS EAST STAFFORDSHIRE",16539,44889.76,0,0
2021-07-01,04Y,"NHS CANNOCK CHASE",17566,51851.29,0,0
2021-07-01,05V,"NHS STAFFORD AND SURROUNDS",17605,50622.79,0,0
2021-07-01,01V,"NHS SOUTHPORT AND FORMBY",17982,53276.93,0,0
2021-07-01,07G,"NHS THURROCK",18466,49554.51,0,0
2021-07-01,99F,"NHS CASTLE POINT AND ROCHFORD",19153,67483.59,0,0
2021-07-01,01F,"NHS HALTON",19628,56613.43,0,0
2021-07-01,02Q,"NHS BASSETLAW",19835,47784.14,0,0
2021-07-01,99G,"NHS SOUTHEND",21264,68556.44,0,0
2021-07-01,00Q,"NHS BLACKBURN WITH DARWEN",21992,56937.52,0,0
2021-07-01,00X,"NHS CHORLEY AND SOUTH RIBBLE",23654,73297.12,0,0
2021-07-01,03H,"NHS NORTH EAST LINCOLNSHIRE",24595,54012.58,0,0
2021-07-01,05Q,"NHS SOUTH EAST STAFFORDSHIRE AND SEISDON PENINSULA",24911,73232.77,0,0
2021-07-01,01T,"NHS SOUTH SEFTON",25378,74006.53,0,0
2021-07-01,00V,"NHS BURY",25516,88367,0,0
2021-07-01,02E,"NHS WARRINGTON",26564,86940.94,0,0
2021-07-01,01E,"NHS GREATER PRESTON",26748,67906.49,0,0
2021-07-01,03Q,"NHS VALE OF YORK",27516,73947.84,0,0
2021-07-01,10R,"NHS PORTSMOUTH",27526,88935.11,0,0
2021-07-01,03K,"NHS NORTH LINCOLNSHIRE",27778,70183.44,0,0
2021-07-01,01J,"NHS KNOWSLEY",28239,80431.18,0,0
2021-07-01,99E,"NHS BASILDON AND BRENTWOOD",28986,98454.12,0,0
2021-07-01,02M,"NHS FYLDE AND WYRE",29272,74232.02,0,0
2021-07-01,02T,"NHS CALDERDALE",29641,76857.99,0,0
2021-07-01,U2G6B,"NHS THAMES VALLEY ICB - U2G6B",30406,107419.56,0,0
2021-07-01,05G,"NHS NORTH STAFFORDSHIRE",30435,88047.56,0,0
2021-07-01,02A,"NHS TRAFFORD",30709,83943.1,0,0
2021-07-01,00Y,"NHS OLDHAM",31321,85110.12,0,0
2021-07-01,01D,"NHS HEYWOOD, MIDDLETON AND ROCHDALE",31563,90648.19,0,0
2021-07-01,00N,"NHS SOUTH TYNESIDE",31722,70266.02,0,0
2021-07-01,00R,"NHS BLACKPOOL",33899,84633.85,0,0
2021-07-01,01Y,"NHS TAMESIDE AND GLOSSOP",33947,87506.04,0,0
2021-07-01,07H,"NHS WEST ESSEX",34844,98170.59,0,0
2021-07-01,01X,"NHS ST HELENS",35808,98692.34,0,0
2021-07-01,04C,"NHS LEICESTER CITY",37551,106672.85,0,0
2021-07-01,09D,"NHS BRIGHTON AND HOVE",37803,129459.17,0,0
2021-07-01,03W,"NHS EAST LEICESTERSHIRE AND RUTLAND",38294,120054.43,0,0
2021-07-01,00T,"NHS BOLTON",40046,112452.73,0,0
2021-07-01,99C,"NHS NORTH TYNESIDE",40758,92738.72,0,0
2021-07-01,03L,"NHS ROTHERHAM",41733,109493.28,0,0
2021-07-01,02Y,"NHS EAST RIDING OF YORKSHIRE",42670,116612.46,0,0
2021-07-01,05W,"NHS STOKE ON TRENT",43207,113125.87,0,0
2021-07-01,07K,"NHS WEST SUFFOLK",44646,117548.37,0,0
2021-07-01,01W,"NHS STOCKPORT",45142,126690.84,0,0
2021-07-01,14Y,"NHS BUCKINGHAMSHIRE",45296,156889.84,0,0
2021-07-01,03F,"NHS HULL",46204,102450.79,0,0
2021-07-01,01G,"NHS SALFORD",46448,115887,0,0
2021-07-01,01K,"NHS MORECAMBE BAY",47975,137621.65,0,0
2021-07-01,15A,"NHS BERKSHIRE WEST",48846,181589.99,0,0
2021-07-01,01H,"NHS NORTH CUMBRIA",49521,126805.84,0,0
2021-07-01,02H,"NHS WIGAN BOROUGH",49544,150569.14,0,0
2021-07-01,02X,"NHS DONCASTER",50018,123774.28,0,0
2021-07-01,02P,"NHS BARNSLEY",51550,109709.38,0,0
2021-07-01,04V,"NHS WEST LEICESTERSHIRE",51594,148112.9,0,0
2021-07-01,01A,"NHS EAST LANCASHIRE",51939,132720.14,0,0
2021-07-01,06N,"NHS HERTS VALLEYS",53545,169895.2,0,0
2021-07-01,06Q,"NHS MID ESSEX",53570,137322.54,0,0
2021-07-01,X2C4Y,"NHS KIRKLEES",53641,156125.54,0,0
2021-07-01,03R,"NHS WAKEFIELD",53732,158798.79,0,0
2021-07-01,12F,"NHS WIRRAL",54158,156462.76,0,0
2021-07-01,00L,"NHS NORTHUMBERLAND",57839,141132.17,0,0
2021-07-01,M2L0M,"NHS SHROPSHIRE, TELFORD AND WREKIN",58126,189493.83,0,0
2021-07-01,06T,"NHS NORTH EAST ESSEX",58431,167982.38,0,0
2021-07-01,06L,"NHS IPSWICH AND EAST SUFFOLK",61365,176121.57,0,0
2021-07-01,00P,"NHS SUNDERLAND",67883,130332.55,0,0
2021-07-01,06K,"NHS EAST AND NORTH HERTFORDSHIRE",68720,210251.73,0,0
2021-07-01,42D,"NHS NORTH YORKSHIRE",70148,186537.88,0,0
2021-07-01,11X,"NHS SOMERSET",70370,206583.98,0,0
2021-07-01,97R,"NHS EAST SUSSEX",71657,237921.23,0,0
2021-07-01,36J,"NHS BRADFORD DISTRICT AND CRAVEN",74593,209142.4,0,0
2021-07-01,10Q,"NHS OXFORDSHIRE",77193,258511.04,0,0
2021-07-01,99A,"NHS LIVERPOOL",83064,243713.49,0,0
2021-07-01,14L,"NHS MANCHESTER",83896,228751.94,0,0
2021-07-01,03N,"NHS SHEFFIELD",87184,219602.68,0,0
2021-07-01,11M,"NHS GLOUCESTERSHIRE",87814,242566.38,0,0
2021-07-01,11N,"NHS CORNWALL AND THE ISLES OF SCILLY",89619,256060.3,0,0
2021-07-01,M1J4Y,"NHS BEDFORDSHIRE, LUTON AND MILTON KEYNES",92007,263565.37,0,0
2021-07-01,70F,"NHS WEST SUSSEX",95783,343051.73,0,0
2021-07-01,18C,"NHS HEREFORDSHIRE AND WORCESTERSHIRE",96531,296884.15,0,0
2021-07-01,15F,"NHS LEEDS",96722,285517.94,0,0
2021-07-01,92A,"NHS SURREY HEARTLANDS",97794,392152.53,0,0
2021-07-01,11J,"NHS DORSET",98641,320931.26,0,0
2021-07-01,13T,"NHS NEWCASTLE GATESHEAD",98890,212757.28,0,0
2021-07-01,27D,"NHS CHESHIRE",106053,280930.55,0,0
2021-07-01,78H,"NHS NORTHAMPTONSHIRE",107214,269149.19,0,0
2021-07-01,93C,"NHS NORTH CENTRAL LONDON",109052,365221.24,0,0
2021-07-01,15C,"NHS BRISTOL, NORTH SOMERSET AND SOUTH GLOUCESTERSHIRE",110215,332644.78,0,0
2021-07-01,B2M3M,"NHS COVENTRY AND WARWICKSHIRE",113087,332212.2,0,0
2021-07-01,36L,"NHS SOUTH WEST LONDON",116703,354808.94,0,0
2021-07-01,84H,"NHS COUNTY DURHAM",117832,266601.9,0,0
2021-07-01,92G,"NHS BATH AND NORTH EAST SOMERSET, SWINDON AND WILTSHIRE",118966,344528.44,0,0
2021-07-01,06H,"NHS CAMBRIDGESHIRE AND PETERBOROUGH",123549,323019.97,0,0
2021-07-01,15E,"NHS BIRMINGHAM AND SOLIHULL",123744,377513.05,0,0
2021-07-01,72Q,"NHS SOUTH EAST LONDON",126027,414944.22,0,0
2021-07-01,16C,"NHS TEES VALLEY",128050,321358.34,0,0
2021-07-01,D2P2L,"NHS BLACK COUNTRY",132342,409783.66,0,0
2021-07-01,52R,"NHS NOTTINGHAM AND NOTTINGHAMSHIRE",133679,386356.28,0,0
2021-07-01,71E,"NHS LINCOLNSHIRE",135274,364225.55,0,0
2021-07-01,15M,"NHS DERBY AND DERBYSHIRE",140300,412878.06,0,0
2021-07-01,W2U3Z,"NHS NORTH WEST LONDON",144786,453837.76,0,0
2021-07-01,A3A8R,"NHS NORTH EAST LONDON",146610,412199.78,0,0
2021-07-01,15N,"NHS DEVON",168055,507108.06,0,0
2021-07-01,26A,"NHS NORFOLK AND WAVENEY",181433,495719.38,0,0
2021-07-01,91Q,"NHS KENT AND MEDWAY",212272,670103.55,0,0
2021-07-01,D9Y0V,"NHS HAMPSHIRE, SOUTHAMPTON AND ISLE OF WIGHT",212829,780865.01,0,0
2021-08-01,09W,"NHS MEDWAY",0,0,0,0
2021-08-01,D4U1Y,"NHS FRIMLEY",4401,14625.86,0,0
2021-08-01,02G,"NHS WEST LANCASHIRE",12976,36853.46,0,0
2021-08-01,05D,"NHS EAST STAFFORDSHIRE",15845,43763.2,0,0
2021-08-01,04Y,"NHS CANNOCK CHASE",16275,44796.25,0,0
2021-08-01,05V,"NHS STAFFORD AND SURROUNDS",16825,48374.29,0,0
2021-08-01,01V,"NHS SOUTHPORT AND FORMBY",17347,54653.44,0,0
2021-08-01,07G,"NHS THURROCK",17604,47133.87,0,0
2021-08-01,99F,"NHS CASTLE POINT AND ROCHFORD",18426,61583.39,0,0
2021-08-01,02Q,"NHS BASSETLAW",19175,45069.4,0,0
2021-08-01,01F,"NHS HALTON",19558,56349.49,0,0
2021-08-01,99G,"NHS SOUTHEND",20115,66213.32,0,0
2021-08-01,00Q,"NHS BLACKBURN WITH DARWEN",21447,55800.17,0,0
2021-08-01,00X,"NHS CHORLEY AND SOUTH RIBBLE",22749,70576.83,0,0
2021-08-01,03H,"NHS NORTH EAST LINCOLNSHIRE",23018,49892.51,0,0
2021-08-01,01T,"NHS SOUTH SEFTON",23819,68326.76,0,0
2021-08-01,05Q,"NHS SOUTH EAST STAFFORDSHIRE AND SEISDON PENINSULA",23983,71558.44,0,0
2021-08-01,00V,"NHS BURY",24500,86478.97,0,0
2021-08-01,10R,"NHS PORTSMOUTH",26032,83486.39,0,0
2021-08-01,02E,"NHS WARRINGTON",26090,87052.43,0,0
2021-08-01,01E,"NHS GREATER PRESTON",26390,68015.15,0,0
2021-08-01,03Q,"NHS VALE OF YORK",26615,72641.71,0,0
2021-08-01,01J,"NHS KNOWSLEY",26983,73135.27,0,0
2021-08-01,99E,"NHS BASILDON AND BRENTWOOD",27326,89931.45,0,0
2021-08-01,03K,"NHS NORTH LINCOLNSHIRE",27494,69707.22,0,0
2021-08-01,U2G6B,"NHS THAMES VALLEY ICB - U2G6B",27809,92792.43,0,0
2021-08-01,02M,"NHS FYLDE AND WYRE",28359,72252.91,0,0
2021-08-01,02T,"NHS CALDERDALE",29219,73917.16,0,0
2021-08-01,05G,"NHS NORTH STAFFORDSHIRE",29251,83330.95,0,0
2021-08-01,00Y,"NHS OLDHAM",29677,81876.62,0,0
2021-08-01,02A,"NHS TRAFFORD",29920,78163.37,0,0
2021-08-01,00N,"NHS SOUTH TYNESIDE",30485,66900.4,0,0
2021-08-01,01D,"NHS HEYWOOD, MIDDLETON AND ROCHDALE",30533,83925.68,0,0
2021-08-01,00R,"NHS BLACKPOOL",30785,77080.86,0,0
2021-08-01,01Y,"NHS TAMESIDE AND GLOSSOP",32399,85633.75,0,0
2021-08-01,07H,"NHS WEST ESSEX",33051,92731.27,0,0
2021-08-01,01X,"NHS ST HELENS",33680,93222.44,0,0
2021-08-01,03W,"NHS EAST LEICESTERSHIRE AND RUTLAND",35782,117175.45,0,0
2021-08-01,09D,"NHS BRIGHTON AND HOVE",35829,113227.72,0,0
2021-08-01,04C,"NHS LEICESTER CITY",35856,100855.6,0,0
2021-08-01,99C,"NHS NORTH TYNESIDE",39045,89616.83,0,0
2021-08-01,03L,"NHS ROTHERHAM",39288,102192.35,0,0
2021-08-01,05W,"NHS STOKE ON TRENT",39610,104412.67,0,0
2021-08-01,00T,"NHS BOLTON",40305,118079.77,0,0
2021-08-01,02Y,"NHS EAST RIDING OF YORKSHIRE",41042,108297.12,0,0
2021-08-01,07K,"NHS WEST SUFFOLK",42343,109466.31,0,0
2021-08-01,14Y,"NHS BUCKINGHAMSHIRE",43226,161111.58,0,0
2021-08-01,01W,"NHS STOCKPORT",43466,123898.97,0,0
2021-08-01,03F,"NHS HULL",44036,96969.95,0,0
2021-08-01,01G,"NHS SALFORD",45016,111390.24,0,0
2021-08-01,01K,"NHS MORECAMBE BAY",45729,126141.66,0,0
2021-08-01,15A,"NHS BERKSHIRE WEST",46604,170826.84,0,0
2021-08-01,01H,"NHS NORTH CUMBRIA",46928,119419.91,0,0
2021-08-01,02H,"NHS WIGAN BOROUGH",47309,143949.07,0,0
2021-08-01,02X,"NHS DONCASTER",48228,119425.92,0,0
2021-08-01,01A,"NHS EAST LANCASHIRE",49199,125139.26,0,0
2021-08-01,04V,"NHS WEST LEICESTERSHIRE",50233,144038.93,0,0
2021-08-01,02P,"NHS BARNSLEY",50256,109247.16,0,0
2021-08-01,06N,"NHS HERTS VALLEYS",50630,155453.43,0,0
2021-08-01,03R,"NHS WAKEFIELD",52588,150946.53,0,0
2021-08-01,X2C4Y,"NHS KIRKLEES",52924,155240.44,0,0
2021-08-01,06Q,"NHS MID ESSEX",53062,137877.75,0,0
2021-08-01,12F,"NHS WIRRAL",53176,155179.24,0,0
2021-08-01,M2L0M,"NHS SHROPSHIRE, TELFORD AND WREKIN",55305,176519.59,0,0
2021-08-01,06T,"NHS NORTH EAST ESSEX",55593,160938.35,0,0
2021-08-01,06L,"NHS IPSWICH AND EAST SUFFOLK",58102,161613.7,0,0
2021-08-01,00L,"NHS NORTHUMBERLAND",58484,142949.9,0,0
2021-08-01,00P,"NHS SUNDERLAND",65008,120688.62,0,0
2021-08-01,06K,"NHS EAST AND NORTH HERTFORDSHIRE",65241,194136.45,0,0
2021-08-01,11X,"NHS SOMERSET",66564,192840.22,0,0
2021-08-01,42D,"NHS NORTH YORKSHIRE",67908,180457.27,0,0
2021-08-01,97R,"NHS EAST SUSSEX",69084,230281.55,0,0
2021-08-01,10Q,"NHS OXFORDSHIRE",73255,248980.14,0,0
2021-08-01,36J,"NHS BRADFORD DISTRICT AND CRAVEN",73370,202515,0,0
2021-08-01,99A,"NHS LIVERPOOL",79549,228959.07,0,0
2021-08-01,14L,"NHS MANCHESTER",80708,217990.46,0,0
2021-08-01,03N,"NHS SHEFFIELD",81916,204761.25,0,0
2021-08-01,11M,"NHS GLOUCESTERSHIRE",84610,240761.05,0,0
2021-08-01,11N,"NHS CORNWALL AND THE ISLES OF SCILLY",85203,238163.71,0,0
2021-08-01,M1J4Y,"NHS BEDFORDSHIRE, LUTON AND MILTON KEYNES",87265,248767.85,0,0
2021-08-01,70F,"NHS WEST SUSSEX",91623,329485.79,0,0
2021-08-01,92A,"NHS SURREY HEARTLANDS",92453,362349.59,0,0
2021-08-01,18C,"NHS HEREFORDSHIRE AND WORCESTERSHIRE",93535,273207.26,0,0
2021-08-01,11J,"NHS DORSET",93883,308499.79,0,0
2021-08-01,15F,"NHS LEEDS",94608,275076.35,0,0
2021-08-01,13T,"NHS NEWCASTLE GATESHEAD",94760,216734.45,0,0
2021-08-01,27D,"NHS CHESHIRE",100498,269465.62,0,0
2021-08-01,93C,"NHS NORTH CENTRAL LONDON",101303,344363.65,0,0
2021-08-01,78H,"NHS NORTHAMPTONSHIRE",102288,253467.47,0,0
2021-08-01,15C,"NHS BRISTOL, NORTH SOMERSET AND SOUTH GLOUCESTERSHIRE",104995,321747.71,0,0
2021-08-01,B2M3M,"NHS COVENTRY AND WARWICKSHIRE",108968,320151.29,0,0
2021-08-01,36L,"NHS SOUTH WEST LONDON",110570,340248.66,0,0
2021-08-01,84H,"NHS COUNTY DURHAM",112109,254267.88,0,0
2021-08-01,92G,"NHS BATH AND NORTH EAST SOMERSET, SWINDON AND WILTSHIRE",112493,320193.97,0,0
2021-08-01,06H,"NHS CAMBRIDGESHIRE AND PETERBOROUGH",117636,308103.74,0,0
2021-08-01,15E,"NHS BIRMINGHAM AND SOLIHULL",120001,364191.03,0,0
2021-08-01,72Q,"NHS SOUTH EAST LONDON",120168,385816.49,0,0
2021-08-01,16C,"NHS TEES VALLEY",126263,317510.56,0,0
2021-08-01,D2P2L,"NHS BLACK COUNTRY",127971,391833.31,0,0
2021-08-01,52R,"NHS NOTTINGHAM AND NOTTINGHAMSHIRE",128286,381184.76,0,0
2021-08-01,71E,"NHS LINCOLNSHIRE",130833,355507.87,0,0
2021-08-01,15M,"NHS DERBY AND DERBYSHIRE",133493,385014.84,0,0
2021-08-01,W2U3Z,"NHS NORTH WEST LONDON",137013,407512.87,0,0
2021-08-01,A3A8R,"NHS NORTH EAST LONDON",139667,384864.91,0,0
2021-08-01,15N,"NHS DEVON",161161,473019.56,0,0
2021-08-01,26A,"NHS NORFOLK AND WAVENEY",173447,474134.45,0,0
2021-08-01,91Q,"NHS KENT AND MEDWAY",200469,640300.21,0,0
2021-08-01,D9Y0V,"NHS HAMPSHIRE, SOUTHAMPTON AND ISLE OF WIGHT",202175,740092.49,0,0
2021-09-01,09W,"NHS MEDWAY",0,0,0,0
2021-09-01,D4U1Y,"NHS FRIMLEY",4584,16984.23,0,0
2021-09-01,02G,"NHS WEST LANCASHIRE",13923,39600.57,0,0
2021-09-01,05D,"NHS EAST STAFFORDSHIRE",16434,44903.89,0,0
2021-09-01,04Y,"NHS CANNOCK CHASE",17541,49597.19,0,0
2021-09-01,05V,"NHS STAFFORD AND SURROUNDS",17905,51589.34,0,0
2021-09-01,01V,"NHS SOUTHPORT AND FORMBY",17921,54115.15,0,0
2021-09-01,07G,"NHS THURROCK",18106,51973.45,0,0
2021-09-01,99F,"NHS CASTLE POINT AND ROCHFORD",19440,68384.28,0,0
2021-09-01,02Q,"NHS BASSETLAW",19851,47327.88,0,0
2021-09-01,01F,"NHS HALTON",20338,58826.51,0,0
2021-09-01,99G,"NHS SOUTHEND",21041,69307.67,0,0
2021-09-01,00Q,"NHS BLACKBURN WITH DARWEN",22194,58796.44,0,0
2021-09-01,00X,"NHS CHORLEY AND SOUTH RIBBLE",24052,73253.14,0,0
2021-09-01,03H,"NHS NORTH EAST LINCOLNSHIRE",24916,54782.1,0,0
2021-09-01,05Q,"NHS SOUTH EAST STAFFORDSHIRE AND SEISDON PENINSULA",26106,73890.69,0,0
2021-09-01,01T,"NHS SOUTH SEFTON",26545,79418.94,0,0
2021-09-01,00V,"NHS BURY",26807,92120.61,0,0
2021-09-01,02E,"NHS WARRINGTON",27293,91289.92,0,0
2021-09-01,01E,"NHS GREATER PRESTON",27380,70042.86,0,0
2021-09-01,03Q,"NHS VALE OF YORK",27743,73703.99,0,0
2021-09-01,10R,"NHS PORTSMOUTH",27885,88973.92,0,0
2021-09-01,03K,"NHS NORTH LINCOLNSHIRE",28081,67671.09,0,0
2021-09-01,U2G6B,"NHS THAMES VALLEY ICB - U2G6B",28267,98977.8,0,0
2021-09-01,01J,"NHS KNOWSLEY",28707,77795.6,0,0
2021-09-01,99E,"NHS BASILDON AND BRENTWOOD",29145,95672.95,0,0
2021-09-01,02M,"NHS FYLDE AND WYRE",30198,75197.4,0,0
2021-09-01,05G,"NHS NORTH STAFFORDSHIRE",30372,87487.21,0,0
2021-09-01,02T,"NHS CALDERDALE",31095,79327.98,0,0
2021-09-01,02A,"NHS TRAFFORD",31285,90957.31,0,0
2021-09-01,00N,"NHS SOUTH TYNESIDE",31742,69898.38,0,0
2021-09-01,01D,"NHS HEYWOOD, MIDDLETON AND ROCHDALE",32610,90329.95,0,0
2021-09-01,00Y,"NHS OLDHAM",33581,92356.22,0,0
2021-09-01,01Y,"NHS TAMESIDE AND GLOSSOP",33796,92878.07,0,0
2021-09-01,07H,"NHS WEST ESSEX",35353,98928.88,0,0
2021-09-01,00R,"NHS BLACKPOOL",35412,86959.18,0,0
2021-09-01,01X,"NHS ST HELENS",36106,99277.62,0,0
2021-09-01,09D,"NHS BRIGHTON AND HOVE",37332,129296.22,0,0
2021-09-01,04C,"NHS LEICESTER CITY",38417,106604.41,0,0
2021-09-01,03W,"NHS EAST LEICESTERSHIRE AND RUTLAND",39078,118303.15,0,0
2021-09-01,00T,"NHS BOLTON",40505,116333.23,0,0
2021-09-01,99C,"NHS NORTH TYNESIDE",40929,94210.35,0,0
2021-09-01,03L,"NHS ROTHERHAM",42206,109044.09,0,0
2021-09-01,05W,"NHS STOKE ON TRENT",43774,117515.81,0,0
2021-09-01,02Y,"NHS EAST RIDING OF YORKSHIRE",43857,116390.09,0,0
2021-09-01,07K,"NHS WEST SUFFOLK",44340,114086.67,0,0
2021-09-01,01W,"NHS STOCKPORT",45017,127189.96,0,0
2021-09-01,14Y,"NHS BUCKINGHAMSHIRE",46047,166882.48,0,0
2021-09-01,01G,"NHS SALFORD",46322,113842.9,0,0
2021-09-01,03F,"NHS HULL",46814,102523.07,0,0
2021-09-01,01K,"NHS MORECAMBE BAY",48178,133798.02,0,0
2021-09-01,15A,"NHS BERKSHIRE WEST",48178,176775.34,0,0
2021-09-01,02X,"NHS DONCASTER",48726,120940.42,0,0
2021-09-01,01H,"NHS NORTH CUMBRIA",49618,127311.75,0,0
2021-09-01,02H,"NHS WIGAN BOROUGH",50645,149562.72,0,0
2021-09-01,01A,"NHS EAST LANCASHIRE",51815,133710.63,0,0
2021-09-01,02P,"NHS BARNSLEY",51948,117697.18,0,0
2021-09-01,04V,"NHS WEST LEICESTERSHIRE",52249,147817.31,0,0
2021-09-01,06N,"NHS HERTS VALLEYS",53033,165425.88,0,0
2021-09-01,12F,"NHS WIRRAL",54563,152245.55,0,0
2021-09-01,03R,"NHS WAKEFIELD",55034,162892.09,0,0
2021-09-01,X2C4Y,"NHS KIRKLEES",55068,161823.24,0,0
2021-09-01,06Q,"NHS MID ESSEX",55264,144065.79,0,0
2021-09-01,M2L0M,"NHS SHROPSHIRE, TELFORD AND WREKIN",58266,185444.24,0,0
2021-09-01,06T,"NHS NORTH EAST ESSEX",58715,164026.75,0,0
2021-09-01,00L,"NHS NORTHUMBERLAND",59608,148997.51,0,0
2021-09-01,06L,"NHS IPSWICH AND EAST SUFFOLK",62521,177372.95,0,0
2021-09-01,06K,"NHS EAST AND NORTH HERTFORDSHIRE",67983,203990.49,0,0
2021-09-01,00P,"NHS SUNDERLAND",68892,134967.5,0,0
2021-09-01,11X,"NHS SOMERSET",70544,203665.13,0,0
2021-09-01,42D,"NHS NORTH YORKSHIRE",70849,191137.36,0,0
2021-09-01,97R,"NHS EAST SUSSEX",72263,239152.49,0,0
2021-09-01,36J,"NHS BRADFORD DISTRICT AND CRAVEN",74513,210140.78,0,0
2021-09-01,10Q,"NHS OXFORDSHIRE",76913,263542.73,0,0
2021-09-01,99A,"NHS LIVERPOOL",83726,243524.88,0,0
2021-09-01,14L,"NHS MANCHESTER",84449,232836.4,0,0
2021-09-01,03N,"NHS SHEFFIELD",85671,214125.79,0,0
2021-09-01,11M,"NHS GLOUCESTERSHIRE",87669,252644.71,0,0
2021-09-01,M1J4Y,"NHS BEDFORDSHIRE, LUTON AND MILTON KEYNES",90067,254470.59,0,0
2021-09-01,11N,"NHS CORNWALL AND THE ISLES OF SCILLY",90436,259034.75,0,0
2021-09-01,70F,"NHS WEST SUSSEX",94098,333220.17,0,0
2021-09-01,92A,"NHS SURREY HEARTLANDS",94983,382291.03,0,0
2021-09-01,13T,"NHS NEWCASTLE GATESHEAD",97425,215890.14,0,0
2021-09-01,15F,"NHS LEEDS",97831,295003.63,0,0
2021-09-01,11J,"NHS DORSET",98965,323629.14,0,0
2021-09-01,18C,"NHS HEREFORDSHIRE AND WORCESTERSHIRE",99357,303358.35,0,0
2021-09-01,27D,"NHS CHESHIRE",104532,279003.96,0,0
2021-09-01,78H,"NHS NORTHAMPTONSHIRE",108110,267493.44,0,0
2021-09-01,93C,"NHS NORTH CENTRAL LONDON",108607,366842.39,0,0
2021-09-01,15C,"NHS BRISTOL, NORTH SOMERSET AND SOUTH GLOUCESTERSHIRE",110088,328219.86,0,0
2021-09-01,B2M3M,"NHS COVENTRY AND WARWICKSHIRE",114155,337387.59,0,0
2021-09-01,36L,"NHS SOUTH WEST LONDON",115366,359984.66,0,0
2021-09-01,92G,"NHS BATH AND NORTH EAST SOMERSET, SWINDON AND WILTSHIRE",116937,336289.88,0,0
2021-09-01,84H,"NHS COUNTY DURHAM",118898,268075.17,0,0
2021-09-01,06H,"NHS CAMBRIDGESHIRE AND PETERBOROUGH",123159,323084.16,0,0
2021-09-01,15E,"NHS BIRMINGHAM AND SOLIHULL",126031,392326.86,0,0
2021-09-01,16C,"NHS TEES VALLEY",126629,322953.93,0,0
2021-09-01,72Q,"NHS SOUTH EAST LONDON",126640,406896.23,0,0
2021-09-01,52R,"NHS NOTTINGHAM AND NOTTINGHAMSHIRE",133992,384317.75,0,0
2021-09-01,D2P2L,"NHS BLACK COUNTRY",137290,419213.75,0,0
2021-09-01,71E,"NHS LINCOLNSHIRE",138271,367571.03,0,0
2021-09-01,15M,"NHS DERBY AND DERBYSHIRE",140718,410594.55,0,0
2021-09-01,W2U3Z,"NHS NORTH WEST LONDON",144119,436582.17,0,0
2021-09-01,A3A8R,"NHS NORTH EAST LONDON",146098,417986.57,0,0
2021-09-01,15N,"NHS DEVON",168113,504338.44,0,0
2021-09-01,26A,"NHS NORFOLK AND WAVENEY",178670,488682.26,0,0
2021-09-01,91Q,"NHS KENT AND MEDWAY",213029,680018.34,0,0
2021-09-01,D9Y0V,"NHS HAMPSHIRE, SOUTHAMPTON AND ISLE OF WIGHT",213393,774817.21,0,0
2021-10-01,09W,"NHS MEDWAY",0,0,0,0
2021-10-01,D4U1Y,"NHS FRIMLEY",4540,14030.27,0,0
2021-10-01,02G,"NHS WEST LANCASHIRE",13671,34900.41,0,0
2021-10-01,05D,"NHS EAST STAFFORDSHIRE",15884,40129.83,0,0
2021-10-01,05V,"NHS STAFFORD AND SURROUNDS",17154,44075.69,0,0
2021-10-01,04Y,"NHS CANNOCK CHASE",17212,46722.81,0,0
2021-10-01,01V,"NHS SOUTHPORT AND FORMBY",17345,47857.24,0,0
2021-10-01,07G,"NHS THURROCK",17622,44496.61,0,0
2021-10-01,99F,"NHS CASTLE POINT AND ROCHFORD",18750,56526.73,0,0
2021-10-01,02Q,"NHS BASSETLAW",19134,40996.44,0,0
2021-10-01,01F,"NHS HALTON",19483,51396.29,0,0
2021-10-01,99G,"NHS SOUTHEND",20474,62267.18,0,0
2021-10-01,00Q,"NHS BLACKBURN WITH DARWEN",21412,51025.16,0,0
2021-10-01,05Q,"NHS SOUTH EAST STAFFORDSHIRE AND SEISDON PENINSULA",23155,62292.81,0,0
2021-10-01,03H,"NHS NORTH EAST LINCOLNSHIRE",23232,45960.13,0,0
2021-10-01,00X,"NHS CHORLEY AND SOUTH RIBBLE",23444,66042.73,0,0
2021-10-01,01T,"NHS SOUTH SEFTON",23949,62782.91,0,0
2021-10-01,00V,"NHS BURY",24639,78004.31,0,0
2021-10-01,02E,"NHS WARRINGTON",26132,79367.64,0,0
2021-10-01,01E,"NHS GREATER PRESTON",26504,62134.33,0,0
2021-10-01,10R,"NHS PORTSMOUTH",26700,78708.41,0,0
2021-10-01,03Q,"NHS VALE OF YORK",26959,65687.29,0,0
2021-10-01,03K,"NHS NORTH LINCOLNSHIRE",27145,63480.31,0,0
2021-10-01,01J,"NHS KNOWSLEY",27290,67471.4,0,0
2021-10-01,99E,"NHS BASILDON AND BRENTWOOD",27383,83805.61,0,0
2021-10-01,02M,"NHS FYLDE AND WYRE",27571,62267.16,0,0
2021-10-01,U2G6B,"NHS THAMES VALLEY ICB - U2G6B",27955,86586.86,0,0
2021-10-01,02A,"NHS TRAFFORD",29532,79297.55,0,0
2021-10-01,02T,"NHS CALDERDALE",29610,65871.55,0,0
2021-10-01,05G,"NHS NORTH STAFFORDSHIRE",30133,76308.79,0,0
2021-10-01,01D,"NHS HEYWOOD, MIDDLETON AND ROCHDALE",30603,76242.62,0,0
2021-10-01,00Y,"NHS OLDHAM",30617,75722.21,0,0
2021-10-01,00N,"NHS SOUTH TYNESIDE",30881,62697.97,0,0
2021-10-01,01Y,"NHS TAMESIDE AND GLOSSOP",32115,77805.86,0,0
2021-10-01,07H,"NHS WEST ESSEX",33433,85458.73,0,0
2021-10-01,00R,"NHS BLACKPOOL",33817,75328.97,0,0
2021-10-01,01X,"NHS ST HELENS",33949,84368.84,0,0
2021-10-01,04C,"NHS LEICESTER CITY",36128,90513.68,0,0
2021-10-01,03W,"NHS EAST LEICESTERSHIRE AND RUTLAND",36460,105277.86,0,0
2021-10-01,09D,"NHS BRIGHTON AND HOVE",37515,107885.48,0,0
2021-10-01,99C,"NHS NORTH TYNESIDE",39407,80843.13,0,0
2021-10-01,03L,"NHS ROTHERHAM",40112,95116.63,0,0
2021-10-01,00T,"NHS BOLTON",40124,105900.75,0,0
2021-10-01,02Y,"NHS EAST RIDING OF YORKSHIRE",41232,99673.83,0,0
2021-10-01,05W,"NHS STOKE ON TRENT",41644,99796.58,0,0
2021-10-01,07K,"NHS WEST SUFFOLK",42996,101761.03,0,0
2021-10-01,01W,"NHS STOCKPORT",43028,110895.03,0,0
2021-10-01,14Y,"NHS BUCKINGHAMSHIRE",43134,149192.84,0,0
2021-10-01,03F,"NHS HULL",44692,88165.55,0,0
2021-10-01,01G,"NHS SALFORD",45519,101306.09,0,0
2021-10-01,01K,"NHS MORECAMBE BAY",46069,117891.18,0,0
2021-10-01,15A,"NHS BERKSHIRE WEST",46634,160085.89,0,0
2021-10-01,02H,"NHS WIGAN BOROUGH",47658,127524.18,0,0
2021-10-01,01H,"NHS NORTH CUMBRIA",48209,113128.12,0,0
2021-10-01,02X,"NHS DONCASTER",48559,107272.92,0,0
2021-10-01,04V,"NHS WEST LEICESTERSHIRE",49707,129201.21,0,0
2021-10-01,02P,"NHS BARNSLEY",50449,99376.87,0,0
2021-10-01,01A,"NHS EAST LANCASHIRE",50845,116945.29,0,0
2021-10-01,06N,"NHS HERTS VALLEYS",51048,142064.41,0,0
2021-10-01,06Q,"NHS MID ESSEX",52501,120171.93,0,0
2021-10-01,03R,"NHS WAKEFIELD",52763,138484.67,0,0
2021-10-01,12F,"NHS WIRRAL",53244,134507.03,0,0
2021-10-01,X2C4Y,"NHS KIRKLEES",53292,141605.96,0,0
2021-10-01,06T,"NHS NORTH EAST ESSEX",55711,143756.84,0,0
2021-10-01,00L,"NHS NORTHUMBERLAND",55804,122548.77,0,0
2021-10-01,M2L0M,"NHS SHROPSHIRE, TELFORD AND WREKIN",56421,162857.72,0,0
2021-10-01,06L,"NHS IPSWICH AND EAST SUFFOLK",58492,150219.49,0,0
2021-10-01,06K,"NHS EAST AND NORTH HERTFORDSHIRE",65065,189099.57,0,0
2021-10-01,00P,"NHS SUNDERLAND",65440,110852.34,0,0
2021-10-01,11X,"NHS SOMERSET",66684,178257.12,0,0
2021-10-01,42D,"NHS NORTH YORKSHIRE",67072,159827.93,0,0
2021-10-01,97R,"NHS EAST SUSSEX",68507,205001.59,0,0
2021-10-01,10Q,"NHS OXFORDSHIRE",72970,224307.13,0,0
2021-10-01,36J,"NHS BRADFORD DISTRICT AND CRAVEN",73636,181097.39,0,0
2021-10-01,14L,"NHS MANCHESTER",80739,200097.29,0,0
2021-10-01,99A,"NHS LIVERPOOL",81087,218467.92,0,0
2021-10-01,03N,"NHS SHEFFIELD",83223,191118.2,0,0
2021-10-01,11M,"NHS GLOUCESTERSHIRE",83292,204919.28,0,0
2021-10-01,11N,"NHS CORNWALL AND THE ISLES OF SCILLY",84921,217451.59,0,0
2021-10-01,M1J4Y,"NHS BEDFORDSHIRE, LUTON AND MILTON KEYNES",90122,233334.09,0,0
2021-10-01,70F,"NHS WEST SUSSEX",91597,307861.09,0,0
2021-10-01,15F,"NHS LEEDS",92431,234850.32,0,0
2021-10-01,92A,"NHS SURREY HEARTLANDS",93031,338108.63,0,0
2021-10-01,11J,"NHS DORSET",93486,279564.5,0,0
2021-10-01,18C,"NHS HEREFORDSHIRE AND WORCESTERSHIRE",94898,254322.99,0,0
2021-10-01,13T,"NHS NEWCASTLE GATESHEAD",95106,193473.87,0,0
2021-10-01,27D,"NHS CHESHIRE",102276,248415.16,0,0
2021-10-01,78H,"NHS NORTHAMPTONSHIRE",102933,230061.32,0,0
2021-10-01,15C,"NHS BRISTOL, NORTH SOMERSET AND SOUTH GLOUCESTERSHIRE",103536,287019.65,0,0
2021-10-01,93C,"NHS NORTH CENTRAL LONDON",105342,313263.58,0,0
2021-10-01,B2M3M,"NHS COVENTRY AND WARWICKSHIRE",109367,302606.91,0,0
2021-10-01,92G,"NHS BATH AND NORTH EAST SOMERSET, SWINDON AND WILTSHIRE",111024,285390.2,0,0
2021-10-01,36L,"NHS SOUTH WEST LONDON",112530,317571.07,0,0
2021-10-01,84H,"NHS COUNTY DURHAM",114704,235121.43,0,0
2021-10-01,06H,"NHS CAMBRIDGESHIRE AND PETERBOROUGH",117179,272823.35,0,0
2021-10-01,72Q,"NHS SOUTH EAST LONDON",122273,360808.28,0,0
2021-10-01,15E,"NHS BIRMINGHAM AND SOLIHULL",122433,331563.85,0,0
2021-10-01,16C,"NHS TEES VALLEY",126375,284161.86,0,0
2021-10-01,D2P2L,"NHS BLACK COUNTRY",128329,352500.66,0,0
2021-10-01,71E,"NHS LINCOLNSHIRE",130177,322335.46,0,0
2021-10-01,52R,"NHS NOTTINGHAM AND NOTTINGHAMSHIRE",130245,348967.08,0,0
2021-10-01,15M,"NHS DERBY AND DERBYSHIRE",134078,349053.83,0,0
2021-10-01,W2U3Z,"NHS NORTH WEST LONDON",138395,385665.44,0,0
2021-10-01,A3A8R,"NHS NORTH EAST LONDON",142272,363079.82,0,0
2021-10-01,15N,"NHS DEVON",161390,432138.16,0,0
2021-10-01,26A,"NHS NORFOLK AND WAVENEY",173140,435074.35,0,0
2021-10-01,D9Y0V,"NHS HAMPSHIRE, SOUTHAMPTON AND ISLE OF WIGHT",202615,690186.79,0,0
2021-10-01,91Q,"NHS KENT AND MEDWAY",205451,597028.09,0,0
2021-11-01,09W,"NHS MEDWAY",0,0,0,0
2021-11-01,D4U1Y,"NHS FRIMLEY",4960,16808.38,0,0
2021-11-01,02G,"NHS WEST LANCASHIRE",14093,36427.15,0,0
2021-11-01,05D,"NHS EAST STAFFORDSHIRE",16389,41452.93,0,0
2021-11-01,04Y,"NHS CANNOCK CHASE",17326,45519.57,0,0
2021-11-01,01V,"NHS SOUTHPORT AND FORMBY",17436,45845.52,0,0
2021-11-01,05V,"NHS STAFFORD AND SURROUNDS",17524,44658.51,0,0
2021-11-01,07G,"NHS THURROCK",17927,47274.74,0,0
2021-11-01,99F,"NHS CASTLE POINT AND ROCHFORD",19095,58120.81,0,0
2021-11-01,02Q,"NHS BASSETLAW",19478,41886.06,0,0
2021-11-01,01F,"NHS HALTON",20815,54948.85,0,0
2021-11-01,99G,"NHS SOUTHEND",21325,64083.44,0,0
2021-11-01,00Q,"NHS BLACKBURN WITH DARWEN",21693,51550.34,0,0
2021-11-01,00X,"NHS CHORLEY AND SOUTH RIBBLE",24498,68532.28,0,0
2021-11-01,03H,"NHS NORTH EAST LINCOLNSHIRE",24954,49184.56,0,0
2021-11-01,00V,"NHS BURY",25068,80225.67,0,0
2021-11-01,05Q,"NHS SOUTH EAST STAFFORDSHIRE AND SEISDON PENINSULA",25131,64926.18,0,0
2021-11-01,01T,"NHS SOUTH SEFTON",25552,67768.14,0,0
2021-11-01,02E,"NHS WARRINGTON",26940,80857.32,0,0
2021-11-01,01E,"NHS GREATER PRESTON",27562,63332.4,0,0
2021-11-01,01J,"NHS KNOWSLEY",27741,68231.05,0,0
2021-11-01,03K,"NHS NORTH LINCOLNSHIRE",28098,64891.87,0,0
2021-11-01,10R,"NHS PORTSMOUTH",28216,82096.29,0,0
2021-11-01,99E,"NHS BASILDON AND BRENTWOOD",28672,84445.28,0,0
2021-11-01,03Q,"NHS VALE OF YORK",28713,71450.07,0,0
2021-11-01,U2G6B,"NHS THAMES VALLEY ICB - U2G6B",29970,98510.4,0,0
2021-11-01,05G,"NHS NORTH STAFFORDSHIRE",30511,77716.46,0,0
2021-11-01,02M,"NHS FYLDE AND WYRE",30551,70941.09,0,0
2021-11-01,02T,"NHS CALDERDALE",30932,70924.05,0,0
2021-11-01,02A,"NHS TRAFFORD",31222,81841.27,0,0
2021-11-01,00N,"NHS SOUTH TYNESIDE",31320,62369.5,0,0
2021-11-01,01D,"NHS HEYWOOD, MIDDLETON AND ROCHDALE",32063,82155.36,0,0
2021-11-01,00Y,"NHS OLDHAM",32064,79039.21,0,0
2021-11-01,01Y,"NHS TAMESIDE AND GLOSSOP",33239,81881.56,0,0
2021-11-01,07H,"NHS WEST ESSEX",34963,92773.02,0,0
2021-11-01,00R,"NHS BLACKPOOL",35041,80090.39,0,0
2021-11-01,01X,"NHS ST HELENS",35417,88333.24,0,0
2021-11-01,04C,"NHS LEICESTER CITY",37668,93800.01,0,0
2021-11-01,03W,"NHS EAST LEICESTERSHIRE AND RUTLAND",38696,108560.36,0,0
2021-11-01,09D,"NHS BRIGHTON AND HOVE",39429,113383.5,0,0
2021-11-01,00T,"NHS BOLTON",40327,101033.08,0,0
2021-11-01,99C,"NHS NORTH TYNESIDE",40480,84400.16,0,0
2021-11-01,03L,"NHS ROTHERHAM",41511,97476.48,0,0
2021-11-01,02Y,"NHS EAST RIDING OF YORKSHIRE",42578,101423.91,0,0
2021-11-01,05W,"NHS STOKE ON TRENT",42710,101480.98,0,0
2021-11-01,07K,"NHS WEST SUFFOLK",43703,104677.35,0,0
2021-11-01,01W,"NHS STOCKPORT",44298,114310.52,0,0
2021-11-01,14Y,"NHS BUCKINGHAMSHIRE",45814,158682.69,0,0
2021-11-01,03F,"NHS HULL",45937,91569.6,0,0
2021-11-01,01G,"NHS SALFORD",46476,106117.92,0,0
2021-11-01,01K,"NHS MORECAMBE BAY",47344,121845.35,0,0
2021-11-01,15A,"NHS BERKSHIRE WEST",47685,163938.78,0,0
2021-11-01,01H,"NHS NORTH CUMBRIA",48645,112471.94,0,0
2021-11-01,02H,"NHS WIGAN BOROUGH",49770,135201.1,0,0
2021-11-01,02X,"NHS DONCASTER",49937,111744.04,0,0
2021-11-01,02P,"NHS BARNSLEY",50926,99701.97,0,0
2021-11-01,01A,"NHS EAST LANCASHIRE",51637,120683.34,0,0
2021-11-01,04V,"NHS WEST LEICESTERSHIRE",51870,131496.71,0,0
2021-11-01,06N,"NHS HERTS VALLEYS",53052,155831.19,0,0
2021-11-01,06Q,"NHS MID ESSEX",53444,126500.36,0,0
2021-11-01,03R,"NHS WAKEFIELD",54562,145936.32,0,0
2021-11-01,X2C4Y,"NHS KIRKLEES",54895,149248.12,0,0
2021-11-01,12F,"NHS WIRRAL",54932,144298.83,0,0
2021-11-01,M2L0M,"NHS SHROPSHIRE, TELFORD AND WREKIN",57384,166642.29,0,0
2021-11-01,06T,"NHS NORTH EAST ESSEX",57670,150254.28,0,0
2021-11-01,00L,"NHS NORTHUMBERLAND",58378,130576.82,0,0
2021-11-01,06L,"NHS IPSWICH AND EAST SUFFOLK",59958,154764.77,0,0
2021-11-01,00P,"NHS SUNDERLAND",67363,116835.35,0,0
2021-11-01,06K,"NHS EAST AND NORTH HERTFORDSHIRE",67798,189017.75,0,0
2021-11-01,11X,"NHS SOMERSET",69200,185305.25,0,0
2021-11-01,97R,"NHS EAST SUSSEX",71539,220803.05,0,0
2021-11-01,42D,"NHS NORTH YORKSHIRE",71748,172365.8,0,0
2021-11-01,10Q,"NHS OXFORDSHIRE",75439,236936.18,0,0
2021-11-01,36J,"NHS BRADFORD DISTRICT AND CRAVEN",76555,197769.39,0,0
2021-11-01,14L,"NHS MANCHESTER",84269,211358.73,0,0
2021-11-01,99A,"NHS LIVERPOOL",84549,228389.22,0,0
2021-11-01,11N,"NHS CORNWALL AND THE ISLES OF SCILLY",88726,226051.15,0,0
2021-11-01,03N,"NHS SHEFFIELD",88832,208390.11,0,0
2021-11-01,M1J4Y,"NHS BEDFORDSHIRE, LUTON AND MILTON KEYNES",90785,232089.22,0,0
2021-11-01,11M,"NHS GLOUCESTERSHIRE",91299,234168.55,0,0
2021-11-01,70F,"NHS WEST SUSSEX",96923,318823.87,0,0
2021-11-01,13T,"NHS NEWCASTLE GATESHEAD",98204,199114.87,0,0
2021-11-01,92A,"NHS SURREY HEARTLANDS",98339,373132.37,0,0
2021-11-01,18C,"NHS HEREFORDSHIRE AND WORCESTERSHIRE",99026,272532.38,0,0
2021-11-01,11J,"NHS DORSET",100426,296123.48,0,0
2021-11-01,15F,"NHS LEEDS",101047,275868.02,0,0
2021-11-01,27D,"NHS CHESHIRE",107040,255746.54,0,0
2021-11-01,78H,"NHS NORTHAMPTONSHIRE",108295,240924.08,0,0
2021-11-01,93C,"NHS NORTH CENTRAL LONDON",108406,328172.73,0,0
2021-11-01,15C,"NHS BRISTOL, NORTH SOMERSET AND SOUTH GLOUCESTERSHIRE",111922,312456.31,0,0
2021-11-01,B2M3M,"NHS COVENTRY AND WARWICKSHIRE",114547,309068.96,0,0
2021-11-01,92G,"NHS BATH AND NORTH EAST SOMERSET, SWINDON AND WILTSHIRE",116208,305268.26,0,0
2021-11-01,84H,"NHS COUNTY DURHAM",117026,238353.61,0,0
2021-11-01,36L,"NHS SOUTH WEST LONDON",117092,340118.26,0,0
2021-11-01,06H,"NHS CAMBRIDGESHIRE AND PETERBOROUGH",123825,294590.01,0,0
2021-11-01,15E,"NHS BIRMINGHAM AND SOLIHULL",126461,351011.31,0,0
2021-11-01,16C,"NHS TEES VALLEY",126700,290967.41,0,0
2021-11-01,72Q,"NHS SOUTH EAST LONDON",127379,384920.28,0,0
2021-11-01,52R,"NHS NOTTINGHAM AND NOTTINGHAMSHIRE",135013,355004.37,0,0
2021-11-01,D2P2L,"NHS BLACK COUNTRY",135500,374225.03,0,0
2021-11-01,71E,"NHS LINCOLNSHIRE",136101,334613.89,0,0
2021-11-01,15M,"NHS DERBY AND DERBYSHIRE",140647,364646.84,0,0
2021-11-01,W2U3Z,"NHS NORTH WEST LONDON",144461,410945.62,0,0
2021-11-01,A3A8R,"NHS NORTH EAST LONDON",150126,390953.8,0,0
2021-11-01,15N,"NHS DEVON",170390,467750.51,0,0
2021-11-01,26A,"NHS NORFOLK AND WAVENEY",179518,453816.69,0,0
2021-11-01,D9Y0V,"NHS HAMPSHIRE, SOUTHAMPTON AND ISLE OF WIGHT",207874,711416.22,0,0
2021-11-01,91Q,"NHS KENT AND MEDWAY",212420,618248.57,0,0
2021-12-01,09W,"NHS MEDWAY",0,0,0,0
2021-12-01,D4U1Y,"NHS FRIMLEY",5623,20076.33,0,0
2021-12-01,02G,"NHS WEST LANCASHIRE",14672,38301.28,0,0
2021-12-01,05D,"NHS EAST STAFFORDSHIRE",17278,44013.98,0,0
2021-12-01,04Y,"NHS CANNOCK CHASE",18029,45988.31,0,0
2021-12-01,07G,"NHS THURROCK",18427,45253.26,0,0
2021-12-01,05V,"NHS STAFFORD AND SURROUNDS",18682,47558.21,0,0
2021-12-01,01V,"NHS SOUTHPORT AND FORMBY",18829,54079.41,0,0
2021-12-01,01F,"NHS HALTON",21016,55180.33,0,0
2021-12-01,02Q,"NHS BASSETLAW",21104,45405.95,0,0
2021-12-01,99F,"NHS CASTLE POINT AND ROCHFORD",21613,70865.4,0,0
2021-12-01,99G,"NHS SOUTHEND",22314,69271.1,0,0
2021-12-01,00Q,"NHS BLACKBURN WITH DARWEN",22819,54326.29,0,0
2021-12-01,00X,"NHS CHORLEY AND SOUTH RIBBLE",25638,74042.13,0,0
2021-12-01,03H,"NHS NORTH EAST LINCOLNSHIRE",25824,50911.05,0,0
2021-12-01,05Q,"NHS SOUTH EAST STAFFORDSHIRE AND SEISDON PENINSULA",26895,70580.87,0,0
2021-12-01,01T,"NHS SOUTH SEFTON",26992,73474.75,0,0
2021-12-01,00V,"NHS BURY",27777,89128.03,0,0
2021-12-01,10R,"NHS PORTSMOUTH",28285,82832.02,0,0
2021-12-01,02E,"NHS WARRINGTON",28286,88541.29,0,0
2021-12-01,03Q,"NHS VALE OF YORK",29244,73079.6,0,0
2021-12-01,99E,"NHS BASILDON AND BRENTWOOD",29297,90333.09,0,0
2021-12-01,01E,"NHS GREATER PRESTON",29349,68312.49,0,0
2021-12-01,03K,"NHS NORTH LINCOLNSHIRE",29543,68782.04,0,0
2021-12-01,01J,"NHS KNOWSLEY",29561,71722.74,0,0
2021-12-01,02M,"NHS FYLDE AND WYRE",31050,71187.54,0,0
2021-12-01,02T,"NHS CALDERDALE",31183,74659.14,0,0
2021-12-01,U2G6B,"NHS THAMES VALLEY ICB - U2G6B",31685,98776.64,0,0
2021-12-01,02A,"NHS TRAFFORD",32061,86150.95,0,0
2021-12-01,05G,"NHS NORTH STAFFORDSHIRE",32556,82453.64,0,0
2021-12-01,00Y,"NHS OLDHAM",33272,86188.79,0,0
2021-12-01,01D,"NHS HEYWOOD, MIDDLETON AND ROCHDALE",33329,84184,0,0
2021-12-01,00N,"NHS SOUTH TYNESIDE",33399,68502.81,0,0
2021-12-01,01Y,"NHS TAMESIDE AND GLOSSOP",35088,82868.35,0,0
2021-12-01,00R,"NHS BLACKPOOL",35701,80965.22,0,0
2021-12-01,07H,"NHS WEST ESSEX",36501,96330.91,0,0
2021-12-01,01X,"NHS ST HELENS",37194,92941.16,0,0
2021-12-01,04C,"NHS LEICESTER CITY",39445,99352.72,0,0
2021-12-01,09D,"NHS BRIGHTON AND HOVE",40202,122122.54,0,0
2021-12-01,03W,"NHS EAST LEICESTERSHIRE AND RUTLAND",40351,118662.76,0,0
2021-12-01,00T,"NHS BOLTON",42367,112271.43,0,0
2021-12-01,99C,"NHS NORTH TYNESIDE",42798,91857.02,0,0
2021-12-01,03L,"NHS ROTHERHAM",43948,103184.81,0,0
2021-12-01,05W,"NHS STOKE ON TRENT",44892,109821.76,0,0
2021-12-01,02Y,"NHS EAST RIDING OF YORKSHIRE",45797,109190.36,0,0
2021-12-01,07K,"NHS WEST SUFFOLK",46173,108001.83,0,0
2021-12-01,14Y,"NHS BUCKINGHAMSHIRE",47334,157675.17,0,0
2021-12-01,03F,"NHS HULL",47389,93795.64,0,0
2021-12-01,01W,"NHS STOCKPORT",47448,122658.44,0,0
2021-12-01,01G,"NHS SALFORD",48128,108437.2,0,0
2021-12-01,01K,"NHS MORECAMBE BAY",50684,131170.82,0,0
2021-12-01,15A,"NHS BERKSHIRE WEST",51461,176483.2,0,0
2021-12-01,02H,"NHS WIGAN BOROUGH",52204,142179.69,0,0
2021-12-01,02X,"NHS DONCASTER",52819,119858.48,0,0
2021-12-01,01H,"NHS NORTH CUMBRIA",53325,126521.03,0,0
2021-12-01,01A,"NHS EAST LANCASHIRE",54222,124539.86,0,0
2021-12-01,02P,"NHS BARNSLEY",54408,108384.17,0,0
2021-12-01,12F,"NHS WIRRAL",54946,140804.28,0,0
2021-12-01,04V,"NHS WEST LEICESTERSHIRE",55009,144081.74,0,0
2021-12-01,06N,"NHS HERTS VALLEYS",55297,154553.69,0,0
2021-12-01,06Q,"NHS MID ESSEX",57199,135219.94,0,0
2021-12-01,03R,"NHS WAKEFIELD",57572,153445.55,0,0
2021-12-01,X2C4Y,"NHS KIRKLEES",58091,156733.83,0,0
2021-12-01,M2L0M,"NHS SHROPSHIRE, TELFORD AND WREKIN",61343,179545.52,0,0
2021-12-01,00L,"NHS NORTHUMBERLAND",62147,137481.72,0,0
2021-12-01,06T,"NHS NORTH EAST ESSEX",62525,160648.65,0,0
2021-12-01,06L,"NHS IPSWICH AND EAST SUFFOLK",63876,164344.62,0,0
2021-12-01,00P,"NHS SUNDERLAND",70016,124119,0,0
2021-12-01,06K,"NHS EAST AND NORTH HERTFORDSHIRE",70918,196609.21,0,0
2021-12-01,42D,"NHS NORTH YORKSHIRE",73645,178465.54,0,0
2021-12-01,11X,"NHS SOMERSET",74369,198521.77,0,0
2021-12-01,97R,"NHS EAST SUSSEX",75575,241751.1,0,0
2021-12-01,36J,"NHS BRADFORD DISTRICT AND CRAVEN",79054,205640.53,0,0
2021-12-01,10Q,"NHS OXFORDSHIRE",80653,259341.9,0,0
2021-12-01,99A,"NHS LIVERPOOL",86867,227096.56,0,0
2021-12-01,14L,"NHS MANCHESTER",87099,216359.43,0,0
2021-12-01,11M,"NHS GLOUCESTERSHIRE",92034,243092.3,0,0
2021-12-01,03N,"NHS SHEFFIELD",92120,216624.21,0,0
2021-12-01,11N,"NHS CORNWALL AND THE ISLES OF SCILLY",95528,242212.23,0,0
2021-12-01,M1J4Y,"NHS BEDFORDSHIRE, LUTON AND MILTON KEYNES",96384,255625.45,0,0
2021-12-01,70F,"NHS WEST SUSSEX",100783,340705.15,0,0
2021-12-01,15F,"NHS LEEDS",102889,278032.64,0,0
2021-12-01,18C,"NHS HEREFORDSHIRE AND WORCESTERSHIRE",102894,285011.58,0,0
2021-12-01,13T,"NHS NEWCASTLE GATESHEAD",103551,207418.24,0,0
2021-12-01,92A,"NHS SURREY HEARTLANDS",103865,394763.8,0,0
2021-12-01,11J,"NHS DORSET",105508,319018.79,0,0
2021-12-01,27D,"NHS CHESHIRE",110149,268374.92,0,0
2021-12-01,93C,"NHS NORTH CENTRAL LONDON",111907,350786.92,0,0
2021-12-01,78H,"NHS NORTHAMPTONSHIRE",113414,254773.55,0,0
2021-12-01,15C,"NHS BRISTOL, NORTH SOMERSET AND SOUTH GLOUCESTERSHIRE",114681,315885.41,0,0
2021-12-01,B2M3M,"NHS COVENTRY AND WARWICKSHIRE",119452,319089.34,0,0
2021-12-01,36L,"NHS SOUTH WEST LONDON",121590,358814.48,0,0
2021-12-01,92G,"NHS BATH AND NORTH EAST SOMERSET, SWINDON AND WILTSHIRE",122019,323110.43,0,0
2021-12-01,84H,"NHS COUNTY DURHAM",122202,256967.18,0,0
2021-12-01,06H,"NHS CAMBRIDGESHIRE AND PETERBOROUGH",127789,305355.72,0,0
2021-12-01,72Q,"NHS SOUTH EAST LONDON",129306,388377.56,0,0
2021-12-01,15E,"NHS BIRMINGHAM AND SOLIHULL",129999,365396.02,0,0
2021-12-01,16C,"NHS TEES VALLEY",134999,311167.19,0,0
2021-12-01,D2P2L,"NHS BLACK COUNTRY",140631,398955.39,0,0
2021-12-01,52R,"NHS NOTTINGHAM AND NOTTINGHAMSHIRE",141204,374786.55,0,0
2021-12-01,71E,"NHS LINCOLNSHIRE",142608,352178.79,0,0
2021-12-01,15M,"NHS DERBY AND DERBYSHIRE",147351,386612.14,0,0
2021-12-01,W2U3Z,"NHS NORTH WEST LONDON",147632,419023.46,0,0
2021-12-01,A3A8R,"NHS NORTH EAST LONDON",149579,395693.84,0,0
2021-12-01,15N,"NHS DEVON",178105,486688.53,0,0
2021-12-01,26A,"NHS NORFOLK AND WAVENEY",186388,469416.14,0,0
2021-12-01,91Q,"NHS KENT AND MEDWAY",221435,652949.69,0,0
2021-12-01,D9Y0V,"NHS HAMPSHIRE, SOUTHAMPTON AND ISLE OF WIGHT",226182,763251.41,0,0
2022-01-01,09W,"NHS MEDWAY",0,0,0,0
2022-01-01,D4U1Y,"NHS FRIMLEY",4786,12614.38,0,0
2022-01-01,02G,"NHS WEST LANCASHIRE",13856,29662.49,0,0
2022-01-01,05D,"NHS EAST STAFFORDSHIRE",16026,36132.11,0,0
2022-01-01,05V,"NHS STAFFORD AND SURROUNDS",17586,35461.18,0,0
2022-01-01,04Y,"NHS CANNOCK CHASE",17654,41184.5,0,0
2022-01-01,01V,"NHS SOUTHPORT AND FORMBY",17715,41263.95,0,0
2022-01-01,07G,"NHS THURROCK",18005,39876.9,0,0
2022-01-01,99F,"NHS CASTLE POINT AND ROCHFORD",19483,56817.86,0,0
2022-01-01,02Q,"NHS BASSETLAW",19592,34958.5,0,0
2022-01-01,01F,"NHS HALTON",20369,43771.64,0,0
2022-01-01,99G,"NHS SOUTHEND",20799,53138.18,0,0
2022-01-01,00Q,"NHS BLACKBURN WITH DARWEN",21836,44449.42,0,0
2022-01-01,00X,"NHS CHORLEY AND SOUTH RIBBLE",23780,55156.74,0,0
2022-01-01,03H,"NHS NORTH EAST LINCOLNSHIRE",23792,39965.29,0,0
2022-01-01,01T,"NHS SOUTH SEFTON",24806,54443.85,0,0
2022-01-01,05Q,"NHS SOUTH EAST STAFFORDSHIRE AND SEISDON PENINSULA",25103,54642.14,0,0
2022-01-01,00V,"NHS BURY",25292,68274.28,0,0
2022-01-01,02E,"NHS WARRINGTON",26835,68168.25,0,0
2022-01-01,01E,"NHS GREATER PRESTON",27265,53327.15,0,0
2022-01-01,10R,"NHS PORTSMOUTH",27351,71060.78,0,0
2022-01-01,03K,"NHS NORTH LINCOLNSHIRE",27440,55044.23,0,0
2022-01-01,01J,"NHS KNOWSLEY",27460,54759.27,0,0
2022-01-01,03Q,"NHS VALE OF YORK",28022,56201.16,0,0
2022-01-01,02M,"NHS FYLDE AND WYRE",29134,55008.29,0,0
2022-01-01,U2G6B,"NHS THAMES VALLEY ICB - U2G6B",29165,84828.74,0,0
2022-01-01,99E,"NHS BASILDON AND BRENTWOOD",29392,75750.89,0,0
2022-01-01,02T,"NHS CALDERDALE",30344,57347.4,0,0
2022-01-01,05G,"NHS NORTH STAFFORDSHIRE",30587,65097.49,0,0
2022-01-01,02A,"NHS TRAFFORD",30735,65647.6,0,0
2022-01-01,00N,"NHS SOUTH TYNESIDE",30914,50778.12,0,0
2022-01-01,00Y,"NHS OLDHAM",31685,66755.35,0,0
2022-01-01,01D,"NHS HEYWOOD, MIDDLETON AND ROCHDALE",32314,67813.75,0,0
2022-01-01,01Y,"NHS TAMESIDE AND GLOSSOP",33100,66430.79,0,0
2022-01-01,00R,"NHS BLACKPOOL",33652,64312.75,0,0
2022-01-01,01X,"NHS ST HELENS",34466,70112.4,0,0
2022-01-01,07H,"NHS WEST ESSEX",34994,77196.36,0,0
2022-01-01,04C,"NHS LEICESTER CITY",37521,77915.72,0,0
2022-01-01,03W,"NHS EAST LEICESTERSHIRE AND RUTLAND",38034,92239.41,0,0
2022-01-01,09D,"NHS BRIGHTON AND HOVE",38082,95249.12,0,0
2022-01-01,00T,"NHS BOLTON",40762,88024.56,0,0
2022-01-01,99C,"NHS NORTH TYNESIDE",40849,68210.45,0,0
2022-01-01,03L,"NHS ROTHERHAM",41431,79582.35,0,0
2022-01-01,05W,"NHS STOKE ON TRENT",42760,84690.51,0,0
2022-01-01,02Y,"NHS EAST RIDING OF YORKSHIRE",42931,91174.56,0,0
2022-01-01,07K,"NHS WEST SUFFOLK",43728,85602.15,0,0
2022-01-01,14Y,"NHS BUCKINGHAMSHIRE",44669,127384.06,0,0
2022-01-01,01G,"NHS SALFORD",45891,85646.78,0,0
2022-01-01,01W,"NHS STOCKPORT",46198,99841.45,0,0
2022-01-01,03F,"NHS HULL",46757,79880.4,0,0
2022-01-01,01K,"NHS MORECAMBE BAY",46891,99136.78,0,0
2022-01-01,02X,"NHS DONCASTER",48511,92208.47,0,0
2022-01-01,02H,"NHS WIGAN BOROUGH",48882,112048.96,0,0
2022-01-01,15A,"NHS BERKSHIRE WEST",49343,146431.31,0,0
2022-01-01,01H,"NHS NORTH CUMBRIA",49591,94517.44,0,0
2022-01-01,02P,"NHS BARNSLEY",50853,80419,0,0
2022-01-01,04V,"NHS WEST LEICESTERSHIRE",51143,109136.09,0,0
2022-01-01,01A,"NHS EAST LANCASHIRE",51432,98711.03,0,0
2022-01-01,06N,"NHS HERTS VALLEYS",53792,127599.63,0,0
2022-01-01,03R,"NHS WAKEFIELD",54197,124944.55,0,0
2022-01-01,X2C4Y,"NHS KIRKLEES",54895,123970.9,0,0
2022-01-01,06Q,"NHS MID ESSEX",54995,110468.49,0,0
2022-01-01,12F,"NHS WIRRAL",55330,114732.91,0,0
2022-01-01,M2L0M,"NHS SHROPSHIRE, TELFORD AND WREKIN",58035,138924.33,0,0
2022-01-01,06T,"NHS NORTH EAST ESSEX",58289,126981.82,0,0
2022-01-01,00L,"NHS NORTHUMBERLAND",59623,108526.24,0,0
2022-01-01,06L,"NHS IPSWICH AND EAST SUFFOLK",61259,131531.08,0,0
2022-01-01,00P,"NHS SUNDERLAND",65773,92416.05,0,0
2022-01-01,06K,"NHS EAST AND NORTH HERTFORDSHIRE",68548,163299.35,0,0
2022-01-01,11X,"NHS SOMERSET",69200,153666.63,0,0
2022-01-01,97R,"NHS EAST SUSSEX",70960,196248.65,0,0
2022-01-01,42D,"NHS NORTH YORKSHIRE",71158,140101.81,0,0
2022-01-01,36J,"NHS BRADFORD DISTRICT AND CRAVEN",75210,160712.4,0,0
2022-01-01,10Q,"NHS OXFORDSHIRE",76813,213442.99,0,0
2022-01-01,99A,"NHS LIVERPOOL",82933,187921.56,0,0
2022-01-01,14L,"NHS MANCHESTER",83745,179697.07,0,0
2022-01-01,03N,"NHS SHEFFIELD",86066,162737.99,0,0
2022-01-01,11N,"NHS CORNWALL AND THE ISLES OF SCILLY",87751,192313.32,0,0
2022-01-01,11M,"NHS GLOUCESTERSHIRE",87900,190727.69,0,0
2022-01-01,M1J4Y,"NHS BEDFORDSHIRE, LUTON AND MILTON KEYNES",92396,195169.81,0,0
2022-01-01,70F,"NHS WEST SUSSEX",95791,265695.77,0,0
2022-01-01,15F,"NHS LEEDS",96914,206551.73,0,0
2022-01-01,13T,"NHS NEWCASTLE GATESHEAD",97471,165739.45,0,0
2022-01-01,92A,"NHS SURREY HEARTLANDS",98257,311500.16,0,0
2022-01-01,18C,"NHS HEREFORDSHIRE AND WORCESTERSHIRE",98628,218064.99,0,0
2022-01-01,11J,"NHS DORSET",98796,249212.57,0,0
2022-01-01,78H,"NHS NORTHAMPTONSHIRE",105594,190866.15,0,0
2022-01-01,27D,"NHS CHESHIRE",105819,208453.34,0,0
2022-01-01,93C,"NHS NORTH CENTRAL LONDON",108577,273234.02,0,0
2022-01-01,15C,"NHS BRISTOL, NORTH SOMERSET AND SOUTH GLOUCESTERSHIRE",109479,246316.76,0,0
2022-01-01,B2M3M,"NHS COVENTRY AND WARWICKSHIRE",112603,255141.68,0,0
2022-01-01,92G,"NHS BATH AND NORTH EAST SOMERSET, SWINDON AND WILTSHIRE",115704,250294.9,0,0
2022-01-01,84H,"NHS COUNTY DURHAM",115983,193853.85,0,0
2022-01-01,36L,"NHS SOUTH WEST LONDON",118783,288664.62,0,0
2022-01-01,06H,"NHS CAMBRIDGESHIRE AND PETERBOROUGH",124372,254311.55,0,0
2022-01-01,15E,"NHS BIRMINGHAM AND SOLIHULL",126579,288039.35,0,0
2022-01-01,72Q,"NHS SOUTH EAST LONDON",127760,324169.58,0,0
2022-01-01,16C,"NHS TEES VALLEY",129202,241792.86,0,0
2022-01-01,D2P2L,"NHS BLACK COUNTRY",133634,309279.04,0,0
2022-01-01,52R,"NHS NOTTINGHAM AND NOTTINGHAMSHIRE",133856,291672.6,0,0
2022-01-01,71E,"NHS LINCOLNSHIRE",134979,295791.14,0,0
2022-01-01,15M,"NHS DERBY AND DERBYSHIRE",139275,292480.9,0,0
2022-01-01,W2U3Z,"NHS NORTH WEST LONDON",146429,364615,0,0
2022-01-01,A3A8R,"NHS NORTH EAST LONDON",147789,309480.85,0,0
2022-01-01,15N,"NHS DEVON",167438,385334.12,0,0
2022-01-01,26A,"NHS NORFOLK AND WAVENEY",178917,384552.55,0,0
2022-01-01,D9Y0V,"NHS HAMPSHIRE, SOUTHAMPTON AND ISLE OF WIGHT",208705,594633.26,0,0
2022-01-01,91Q,"NHS KENT AND MEDWAY",211353,516416.25,0,0
2022-02-01,09W,"NHS MEDWAY",0,0,0,0
2022-02-01,D4U1Y,"NHS FRIMLEY",4421,11088.95,0,0
2022-02-01,02G,"NHS WEST LANCASHIRE",13271,29218.19,0,0
2022-02-01,05D,"NHS EAST STAFFORDSHIRE",15349,33986.49,0,0
2022-02-01,05V,"NHS STAFFORD AND SURROUNDS",16243,34043.38,0,0
2022-02-01,01V,"NHS SOUTHPORT AND FORMBY",16333,38833.6,0,0
2022-02-01,04Y,"NHS CANNOCK CHASE",16350,37304.95,0,0
2022-02-01,07G,"NHS THURROCK",17028,37136.06,0,0
2022-02-01,99F,"NHS CASTLE POINT AND ROCHFORD",17937,47404.44,0,0
2022-02-01,01F,"NHS HALTON",18416,39772.75,0,0
2022-02-01,02Q,"NHS BASSETLAW",18672,34178.09,0,0
2022-02-01,99G,"NHS SOUTHEND",20004,53376.78,0,0
2022-02-01,00Q,"NHS BLACKBURN WITH DARWEN",20572,40835.88,0,0
2022-02-01,00X,"NHS CHORLEY AND SOUTH RIBBLE",22252,52335.78,0,0
2022-02-01,03H,"NHS NORTH EAST LINCOLNSHIRE",22880,38550.45,0,0
2022-02-01,01T,"NHS SOUTH SEFTON",23664,52138.54,0,0
2022-02-01,05Q,"NHS SOUTH EAST STAFFORDSHIRE AND SEISDON PENINSULA",23823,49960.93,0,0
2022-02-01,00V,"NHS BURY",24138,68755.64,0,0
2022-02-01,02E,"NHS WARRINGTON",25089,64652.58,0,0
2022-02-01,01E,"NHS GREATER PRESTON",25736,50714.95,0,0
2022-02-01,10R,"NHS PORTSMOUTH",25996,61662.9,0,0
2022-02-01,01J,"NHS KNOWSLEY",26226,52664.79,0,0
2022-02-01,99E,"NHS BASILDON AND BRENTWOOD",26358,70604.47,0,0
2022-02-01,03Q,"NHS VALE OF YORK",26542,53350.27,0,0
2022-02-01,03K,"NHS NORTH LINCOLNSHIRE",26890,54058.68,0,0
2022-02-01,02M,"NHS FYLDE AND WYRE",27230,51402.08,0,0
2022-02-01,05G,"NHS NORTH STAFFORDSHIRE",28508,58858.82,0,0
2022-02-01,02T,"NHS CALDERDALE",28600,53234.79,0,0
2022-02-01,02A,"NHS TRAFFORD",28675,59426.24,0,0
2022-02-01,U2G6B,"NHS THAMES VALLEY ICB - U2G6B",28740,77417.81,0,0
2022-02-01,00Y,"NHS OLDHAM",29544,61115.56,0,0
2022-02-01,01D,"NHS HEYWOOD, MIDDLETON AND ROCHDALE",29706,60542.59,0,0
2022-02-01,00N,"NHS SOUTH TYNESIDE",30245,54045.75,0,0
2022-02-01,01Y,"NHS TAMESIDE AND GLOSSOP",31048,58748.26,0,0
2022-02-01,00R,"NHS BLACKPOOL",31428,57935.37,0,0
2022-02-01,07H,"NHS WEST ESSEX",32318,70943.56,0,0
2022-02-01,01X,"NHS ST HELENS",33478,68333.02,0,0
2022-02-01,04C,"NHS LEICESTER CITY",35711,74019.99,0,0
2022-02-01,03W,"NHS EAST LEICESTERSHIRE AND RUTLAND",35727,86302.11,0,0
2022-02-01,09D,"NHS BRIGHTON AND HOVE",35777,91007.3,0,0
2022-02-01,00T,"NHS BOLTON",36863,79041.85,0,0
2022-02-01,99C,"NHS NORTH TYNESIDE",37989,64094.9,0,0
2022-02-01,03L,"NHS ROTHERHAM",39405,75481.27,0,0
2022-02-01,05W,"NHS STOKE ON TRENT",39958,78427.19,0,0
2022-02-01,07K,"NHS WEST SUFFOLK",41569,82399.82,0,0
2022-02-01,02Y,"NHS EAST RIDING OF YORKSHIRE",41965,87269.3,0,0
2022-02-01,01W,"NHS STOCKPORT",41999,89096.49,0,0
2022-02-01,03F,"NHS HULL",42741,70392.81,0,0
2022-02-01,01G,"NHS SALFORD",43310,80371.55,0,0
2022-02-01,14Y,"NHS BUCKINGHAMSHIRE",43577,132687.58,0,0
2022-02-01,01K,"NHS MORECAMBE BAY",44499,93597.9,0,0
2022-02-01,02H,"NHS WIGAN BOROUGH",45539,102237.68,0,0
2022-02-01,01H,"NHS NORTH CUMBRIA",45758,89723.9,0,0
2022-02-01,15A,"NHS BERKSHIRE WEST",45760,138458.16,0,0
2022-02-01,02X,"NHS DONCASTER",46434,85874.33,0,0
2022-02-01,02P,"NHS BARNSLEY",47606,77034.75,0,0
2022-02-01,04V,"NHS WEST LEICESTERSHIRE",48784,107185.12,0,0
2022-02-01,01A,"NHS EAST LANCASHIRE",49054,95120.06,0,0
2022-02-01,06N,"NHS HERTS VALLEYS",49627,119494.68,0,0
2022-02-01,03R,"NHS WAKEFIELD",50312,111580.2,0,0
2022-02-01,12F,"NHS WIRRAL",50817,110483.64,0,0
2022-02-01,06Q,"NHS MID ESSEX",50917,100600.25,0,0
2022-02-01,X2C4Y,"NHS KIRKLEES",53465,122798.16,0,0
2022-02-01,00L,"NHS NORTHUMBERLAND",53791,100315.27,0,0
2022-02-01,M2L0M,"NHS SHROPSHIRE, TELFORD AND WREKIN",54344,134314.58,0,0
2022-02-01,06T,"NHS NORTH EAST ESSEX",55006,121490.9,0,0
2022-02-01,06L,"NHS IPSWICH AND EAST SUFFOLK",56570,125304.52,0,0
2022-02-01,06K,"NHS EAST AND NORTH HERTFORDSHIRE",63271,155415.82,0,0
2022-02-01,11X,"NHS SOMERSET",64008,147037.2,0,0
2022-02-01,00P,"NHS SUNDERLAND",64475,92380.76,0,0
2022-02-01,42D,"NHS NORTH YORKSHIRE",65931,130570.44,0,0
2022-02-01,97R,"NHS EAST SUSSEX",66694,174031.87,0,0
2022-02-01,36J,"NHS BRADFORD DISTRICT AND CRAVEN",71668,153703.1,0,0
2022-02-01,10Q,"NHS OXFORDSHIRE",72300,199995.27,0,0
2022-02-01,99A,"NHS LIVERPOOL",78106,173806.69,0,0
2022-02-01,14L,"NHS MANCHESTER",78485,165088.64,0,0
2022-02-01,03N,"NHS SHEFFIELD",80896,154574.87,0,0
2022-02-01,11M,"NHS GLOUCESTERSHIRE",82428,176224.29,0,0
2022-02-01,11N,"NHS CORNWALL AND THE ISLES OF SCILLY",84126,183084.96,0,0
2022-02-01,M1J4Y,"NHS BEDFORDSHIRE, LUTON AND MILTON KEYNES",85758,188076.51,0,0
2022-02-01,70F,"NHS WEST SUSSEX",88569,250763.02,0,0
2022-02-01,92A,"NHS SURREY HEARTLANDS",90727,288814.27,0,0
2022-02-01,18C,"NHS HEREFORDSHIRE AND WORCESTERSHIRE",91295,214864.77,0,0
2022-02-01,15F,"NHS LEEDS",91736,198455.46,0,0
2022-02-01,13T,"NHS NEWCASTLE GATESHEAD",92269,153235.43,0,0
2022-02-01,11J,"NHS DORSET",92563,236549.14,0,0
2022-02-01,27D,"NHS CHESHIRE",96815,190461.48,0,0
2022-02-01,78H,"NHS NORTHAMPTONSHIRE",98529,184498.71,0,0
2022-02-01,15C,"NHS BRISTOL, NORTH SOMERSET AND SOUTH GLOUCESTERSHIRE",102196,232232.03,0,0
2022-02-01,93C,"NHS NORTH CENTRAL LONDON",102940,270146.81,0,0
2022-02-01,92G,"NHS BATH AND NORTH EAST SOMERSET, SWINDON AND WILTSHIRE",107030,231020.79,0,0
2022-02-01,B2M3M,"NHS COVENTRY AND WARWICKSHIRE",107265,240662.56,0,0
2022-02-01,84H,"NHS COUNTY DURHAM",110174,181063.64,0,0
2022-02-01,36L,"NHS SOUTH WEST LONDON",110588,258008.13,0,0
2022-02-01,06H,"NHS CAMBRIDGESHIRE AND PETERBOROUGH",114906,234771.55,0,0
2022-02-01,15E,"NHS BIRMINGHAM AND SOLIHULL",118037,267163.9,0,0
2022-02-01,72Q,"NHS SOUTH EAST LONDON",118473,295048.44,0,0
2022-02-01,16C,"NHS TEES VALLEY",119264,221441.05,0,0
2022-02-01,D2P2L,"NHS BLACK COUNTRY",125869,288651.14,0,0
2022-02-01,71E,"NHS LINCOLNSHIRE",126292,264741.14,0,0
2022-02-01,52R,"NHS NOTTINGHAM AND NOTTINGHAMSHIRE",126836,280618.97,0,0
2022-02-01,15M,"NHS DERBY AND DERBYSHIRE",132198,279369.28,0,0
2022-02-01,W2U3Z,"NHS NORTH WEST LONDON",135739,316464.17,0,0
2022-02-01,A3A8R,"NHS NORTH EAST LONDON",136087,297188.08,0,0
2022-02-01,15N,"NHS DEVON",155513,353178.91,0,0
2022-02-01,26A,"NHS NORFOLK AND WAVENEY",166519,357697.09,0,0
2022-02-01,91Q,"NHS KENT AND MEDWAY",197140,490625.99,0,0
2022-02-01,D9Y0V,"NHS HAMPSHIRE, SOUTHAMPTON AND ISLE OF WIGHT",199234,566567.47,0,0
2022-03-01,09W,"NHS MEDWAY",0,0,0,0
2022-03-01,D4U1Y,"NHS FRIMLEY",5027,14962.67,0,0
2022-03-01,02G,"NHS WEST LANCASHIRE",15079,32465.31,0,0
2022-03-01,05D,"NHS EAST STAFFORDSHIRE",17050,38462.37,0,0
2022-03-01,04Y,"NHS CANNOCK CHASE",17870,40770,0,0
2022-03-01,07G,"NHS THURROCK",18827,38726.16,0,0
2022-03-01,05V,"NHS STAFFORD AND SURROUNDS",18851,40324.43,0,0
2022-03-01,01V,"NHS SOUTHPORT AND FORMBY",19253,39900.9,0,0
2022-03-01,99F,"NHS CASTLE POINT AND ROCHFORD",20313,54751.13,0,0
2022-03-01,02Q,"NHS BASSETLAW",20739,36535.37,0,0
2022-03-01,01F,"NHS HALTON",21885,48800.43,0,0
2022-03-01,99G,"NHS SOUTHEND",22585,56459.18,0,0
2022-03-01,00Q,"NHS BLACKBURN WITH DARWEN",23334,46832.02,0,0
2022-03-01,00X,"NHS CHORLEY AND SOUTH RIBBLE",25353,59544.98,0,0
2022-03-01,03H,"NHS NORTH EAST LINCOLNSHIRE",25900,44234.41,0,0
2022-03-01,05Q,"NHS SOUTH EAST STAFFORDSHIRE AND SEISDON PENINSULA",26594,61720.17,0,0
2022-03-01,01T,"NHS SOUTH SEFTON",26803,57597.39,0,0
2022-03-01,00V,"NHS BURY",26921,73746.14,0,0
2022-03-01,02E,"NHS WARRINGTON",28462,77488.38,0,0
2022-03-01,03K,"NHS NORTH LINCOLNSHIRE",29299,59475.38,0,0
2022-03-01,10R,"NHS PORTSMOUTH",29588,73620.26,0,0
2022-03-01,03Q,"NHS VALE OF YORK",29803,64454.81,0,0
2022-03-01,01J,"NHS KNOWSLEY",30186,59396.28,0,0
2022-03-01,01E,"NHS GREATER PRESTON",30249,58487.24,0,0
2022-03-01,99E,"NHS BASILDON AND BRENTWOOD",30730,85061.74,0,0
2022-03-01,02M,"NHS FYLDE AND WYRE",30891,59337.82,0,0
2022-03-01,02T,"NHS CALDERDALE",31853,62134.9,0,0
2022-03-01,05G,"NHS NORTH STAFFORDSHIRE",31926,67821.91,0,0
2022-03-01,U2G6B,"NHS THAMES VALLEY ICB - U2G6B",32202,92127.5,0,0
2022-03-01,02A,"NHS TRAFFORD",32785,76259.01,0,0
2022-03-01,00N,"NHS SOUTH TYNESIDE",33372,55202.96,0,0
2022-03-01,00Y,"NHS OLDHAM",34605,72477.17,0,0
2022-03-01,01D,"NHS HEYWOOD, MIDDLETON AND ROCHDALE",34718,74510.22,0,0
2022-03-01,00R,"NHS BLACKPOOL",35646,69712.46,0,0
2022-03-01,01Y,"NHS TAMESIDE AND GLOSSOP",35712,74406.24,0,0
2022-03-01,07H,"NHS WEST ESSEX",36623,82938.99,0,0
2022-03-01,01X,"NHS ST HELENS",37937,77977.65,0,0
2022-03-01,04C,"NHS LEICESTER CITY",40017,83165.21,0,0
2022-03-01,03W,"NHS EAST LEICESTERSHIRE AND RUTLAND",40507,98126.81,0,0
2022-03-01,09D,"NHS BRIGHTON AND HOVE",41215,111437.83,0,0
2022-03-01,99C,"NHS NORTH TYNESIDE",42818,74942.76,0,0
2022-03-01,00T,"NHS BOLTON",44055,93605.12,0,0
2022-03-01,03L,"NHS ROTHERHAM",44221,86787.89,0,0
2022-03-01,05W,"NHS STOKE ON TRENT",45133,87879.52,0,0
2022-03-01,02Y,"NHS EAST RIDING OF YORKSHIRE",45817,96457.73,0,0
2022-03-01,14Y,"NHS BUCKINGHAMSHIRE",46231,126327.34,0,0
2022-03-01,07K,"NHS WEST SUFFOLK",46779,102140.77,0,0
2022-03-01,01W,"NHS STOCKPORT",47796,103362.44,0,0
2022-03-01,03F,"NHS HULL",48809,80332.5,0,0
2022-03-01,01G,"NHS SALFORD",48867,92403.57,0,0
2022-03-01,15A,"NHS BERKSHIRE WEST",51398,151489.15,0,0
2022-03-01,01K,"NHS MORECAMBE BAY",51509,112118.81,0,0
2022-03-01,02X,"NHS DONCASTER",52175,99027.14,0,0
2022-03-01,01H,"NHS NORTH CUMBRIA",52565,100800.49,0,0
2022-03-01,02H,"NHS WIGAN BOROUGH",52772,123460.04,0,0
2022-03-01,02P,"NHS BARNSLEY",54582,89783.25,0,0
2022-03-01,01A,"NHS EAST LANCASHIRE",54864,105919.95,0,0
2022-03-01,04V,"NHS WEST LEICESTERSHIRE",54884,117715.76,0,0
2022-03-01,06N,"NHS HERTS VALLEYS",56734,135549.29,0,0
2022-03-01,12F,"NHS WIRRAL",57389,117748.42,0,0
2022-03-01,06Q,"NHS MID ESSEX",57516,116967.98,0,0
2022-03-01,03R,"NHS WAKEFIELD",58003,129084.12,0,0
2022-03-01,X2C4Y,"NHS KIRKLEES",58553,133966.3,0,0
2022-03-01,06T,"NHS NORTH EAST ESSEX",61173,131638.81,0,0
2022-03-01,M2L0M,"NHS SHROPSHIRE, TELFORD AND WREKIN",61797,148165.91,0,0
2022-03-01,06L,"NHS IPSWICH AND EAST SUFFOLK",63759,145606.06,0,0
2022-03-01,00L,"NHS NORTHUMBERLAND",64435,119618.51,0,0
2022-03-01,00P,"NHS SUNDERLAND",71077,101263,0,0
2022-03-01,06K,"NHS EAST AND NORTH HERTFORDSHIRE",71589,167046.09,0,0
2022-03-01,11X,"NHS SOMERSET",73141,165990.41,0,0
2022-03-01,42D,"NHS NORTH YORKSHIRE",73922,149839.8,0,0
2022-03-01,97R,"NHS EAST SUSSEX",73923,197391.89,0,0
2022-03-01,36J,"NHS BRADFORD DISTRICT AND CRAVEN",78349,168361.02,0,0
2022-03-01,10Q,"NHS OXFORDSHIRE",80074,228164.38,0,0
2022-03-01,14L,"NHS MANCHESTER",89480,189671.6,0,0
2022-03-01,99A,"NHS LIVERPOOL",89574,200001.07,0,0
2022-03-01,03N,"NHS SHEFFIELD",91606,175793.95,0,0
2022-03-01,11M,"NHS GLOUCESTERSHIRE",91857,201681.52,0,0
2022-03-01,11N,"NHS CORNWALL AND THE ISLES OF SCILLY",94217,206296.08,0,0
2022-03-01,M1J4Y,"NHS BEDFORDSHIRE, LUTON AND MILTON KEYNES",96761,208994.99,0,0
2022-03-01,70F,"NHS WEST SUSSEX",101136,286088.5,0,0
2022-03-01,15F,"NHS LEEDS",102730,239798.56,0,0
2022-03-01,92A,"NHS SURREY HEARTLANDS",103063,343231.67,0,0
2022-03-01,18C,"NHS HEREFORDSHIRE AND WORCESTERSHIRE",104052,228556.61,0,0
2022-03-01,13T,"NHS NEWCASTLE GATESHEAD",104660,175952.48,0,0
2022-03-01,11J,"NHS DORSET",104819,268800.76,0,0
2022-03-01,27D,"NHS CHESHIRE",110730,220053.67,0,0
2022-03-01,78H,"NHS NORTHAMPTONSHIRE",113488,208329.54,0,0
2022-03-01,15C,"NHS BRISTOL, NORTH SOMERSET AND SOUTH GLOUCESTERSHIRE",114732,264267.09,0,0
2022-03-01,93C,"NHS NORTH CENTRAL LONDON",117065,311932.32,0,0
2022-03-01,B2M3M,"NHS COVENTRY AND WARWICKSHIRE",120674,273744.49,0,0
2022-03-01,92G,"NHS BATH AND NORTH EAST SOMERSET, SWINDON AND WILTSHIRE",123587,269883.76,0,0
2022-03-01,84H,"NHS COUNTY DURHAM",124840,214622.73,0,0
2022-03-01,36L,"NHS SOUTH WEST LONDON",124986,304971.03,0,0
2022-03-01,06H,"NHS CAMBRIDGESHIRE AND PETERBOROUGH",129528,264567.19,0,0
2022-03-01,72Q,"NHS SOUTH EAST LONDON",134109,347911.19,0,0
2022-03-01,15E,"NHS BIRMINGHAM AND SOLIHULL",135615,313451.08,0,0
2022-03-01,16C,"NHS TEES VALLEY",136360,254136.29,0,0
2022-03-01,52R,"NHS NOTTINGHAM AND NOTTINGHAMSHIRE",142387,319746.36,0,0
2022-03-01,71E,"NHS LINCOLNSHIRE",142857,297393.39,0,0
2022-03-01,D2P2L,"NHS BLACK COUNTRY",144121,334849.86,0,0
2022-03-01,15M,"NHS DERBY AND DERBYSHIRE",147986,308993.26,0,0
2022-03-01,W2U3Z,"NHS NORTH WEST LONDON",152920,380045.79,0,0
2022-03-01,A3A8R,"NHS NORTH EAST LONDON",156460,339202.94,0,0
2022-03-01,15N,"NHS DEVON",177130,408315.57,0,0
2022-03-01,26A,"NHS NORFOLK AND WAVENEY",186078,401972.12,0,0
2022-03-01,91Q,"NHS KENT AND MEDWAY",223745,556812.62,0,0
2022-03-01,D9Y0V,"NHS HAMPSHIRE, SOUTHAMPTON AND ISLE OF WIGHT",224360,658812.32,0,0
2022-04-01,09W,"NHS MEDWAY",0,0,0,0
2022-04-01,D4U1Y,"NHS FRIMLEY",4746,13600.98,0,0
2022-04-01,02G,"NHS WEST LANCASHIRE",14253,28775.67,0,0
2022-04-01,05D,"NHS EAST STAFFORDSHIRE",16038,34392.48,0,0
2022-04-01,04Y,"NHS CANNOCK CHASE",17099,40189.46,0,0
2022-04-01,05V,"NHS STAFFORD AND SURROUNDS",17258,35410.87,0,0
2022-04-01,01V,"NHS SOUTHPORT AND FORMBY",17493,38878.84,0,0
2022-04-01,07G,"NHS THURROCK",17800,36945.3,0,0
2022-04-01,99F,"NHS CASTLE POINT AND ROCHFORD",18706,54021.02,0,0
2022-04-01,01F,"NHS HALTON",20248,41211.18,0,0
2022-04-01,02Q,"NHS BASSETLAW",20450,36987.47,0,0
2022-04-01,99G,"NHS SOUTHEND",21894,59822.79,0,0
2022-04-01,00Q,"NHS BLACKBURN WITH DARWEN",22166,41870.76,0,0
2022-04-01,00X,"NHS CHORLEY AND SOUTH RIBBLE",24159,55390.47,0,0
2022-04-01,03H,"NHS NORTH EAST LINCOLNSHIRE",24301,38556.36,0,0
2022-04-01,05Q,"NHS SOUTH EAST STAFFORDSHIRE AND SEISDON PENINSULA",25001,53870.37,0,0
2022-04-01,01T,"NHS SOUTH SEFTON",25202,53942.43,0,0
2022-04-01,00V,"NHS BURY",25798,68511.86,0,0
2022-04-01,02E,"NHS WARRINGTON",26277,60685.89,0,0
2022-04-01,10R,"NHS PORTSMOUTH",27000,63856.46,0,0
2022-04-01,03Q,"NHS VALE OF YORK",27438,53160.45,0,0
2022-04-01,99E,"NHS BASILDON AND BRENTWOOD",27736,74655.01,0,0
2022-04-01,01J,"NHS KNOWSLEY",27889,56630.91,0,0
2022-04-01,01E,"NHS GREATER PRESTON",27895,52727.47,0,0
2022-04-01,03K,"NHS NORTH LINCOLNSHIRE",28172,53632.41,0,0
2022-04-01,02M,"NHS FYLDE AND WYRE",28943,54720.9,0,0
2022-04-01,U2G6B,"NHS THAMES VALLEY ICB - U2G6B",29533,80756.7,0,0
2022-04-01,05G,"NHS NORTH STAFFORDSHIRE",30240,60221.18,0,0
2022-04-01,02T,"NHS CALDERDALE",30290,55923.16,0,0
2022-04-01,02A,"NHS TRAFFORD",30673,67647.33,0,0
2022-04-01,00Y,"NHS OLDHAM",31055,62594.31,0,0
2022-04-01,01D,"NHS HEYWOOD, MIDDLETON AND ROCHDALE",31306,64881.28,0,0
2022-04-01,00N,"NHS SOUTH TYNESIDE",31919,52328.77,0,0
2022-04-01,01Y,"NHS TAMESIDE AND GLOSSOP",32785,62399.73,0,0
2022-04-01,00R,"NHS BLACKPOOL",33077,61022.77,0,0
2022-04-01,07H,"NHS WEST ESSEX",34216,72891.06,0,0
2022-04-01,01X,"NHS ST HELENS",35018,69876.73,0,0
2022-04-01,09D,"NHS BRIGHTON AND HOVE",37517,95167.86,0,0
2022-04-01,03W,"NHS EAST LEICESTERSHIRE AND RUTLAND",37566,90993.62,0,0
2022-04-01,04C,"NHS LEICESTER CITY",37816,79297.95,0,0
2022-04-01,99C,"NHS NORTH TYNESIDE",39999,65172.82,0,0
2022-04-01,00T,"NHS BOLTON",40236,87308.24,0,0
2022-04-01,03L,"NHS ROTHERHAM",41240,76554.55,0,0
2022-04-01,05W,"NHS STOKE ON TRENT",41938,79729.78,0,0
2022-04-01,02Y,"NHS EAST RIDING OF YORKSHIRE",42846,84088.41,0,0
2022-04-01,07K,"NHS WEST SUFFOLK",43159,84323.46,0,0
2022-04-01,01W,"NHS STOCKPORT",43336,89538.43,0,0
2022-04-01,14Y,"NHS BUCKINGHAMSHIRE",43887,132857.01,0,0
2022-04-01,01G,"NHS SALFORD",45695,83697.03,0,0
2022-04-01,03F,"NHS HULL",46330,73414.2,0,0
2022-04-01,01K,"NHS MORECAMBE BAY",47102,97686.62,0,0
2022-04-01,02H,"NHS WIGAN BOROUGH",48785,105400.11,0,0
2022-04-01,02X,"NHS DONCASTER",48905,90348.64,0,0
2022-04-01,15A,"NHS BERKSHIRE WEST",49009,137179.47,0,0
2022-04-01,01H,"NHS NORTH CUMBRIA",50112,93448.21,0,0
2022-04-01,02P,"NHS BARNSLEY",50954,80334.89,0,0
2022-04-01,01A,"NHS EAST LANCASHIRE",51356,95267.07,0,0
2022-04-01,06N,"NHS HERTS VALLEYS",51680,123331.89,0,0
2022-04-01,04V,"NHS WEST LEICESTERSHIRE",51908,109033.67,0,0
2022-04-01,06Q,"NHS MID ESSEX",53052,105491.46,0,0
2022-04-01,03R,"NHS WAKEFIELD",53878,117901.27,0,0
2022-04-01,X2C4Y,"NHS KIRKLEES",54222,118916.2,0,0
2022-04-01,12F,"NHS WIRRAL",55970,112543.7,0,0
2022-04-01,M2L0M,"NHS SHROPSHIRE, TELFORD AND WREKIN",56079,131132.94,0,0
2022-04-01,06T,"NHS NORTH EAST ESSEX",58104,123691.44,0,0
2022-04-01,00L,"NHS NORTHUMBERLAND",58894,102985.02,0,0
2022-04-01,06L,"NHS IPSWICH AND EAST SUFFOLK",60060,129698.93,0,0
2022-04-01,00P,"NHS SUNDERLAND",66028,93351.26,0,0
2022-04-01,06K,"NHS EAST AND NORTH HERTFORDSHIRE",67169,159610.76,0,0
2022-04-01,11X,"NHS SOMERSET",68126,148110.7,0,0
2022-04-01,42D,"NHS NORTH YORKSHIRE",69619,134630.22,0,0
2022-04-01,97R,"NHS EAST SUSSEX",70380,183367.96,0,0
2022-04-01,36J,"NHS BRADFORD DISTRICT AND CRAVEN",73813,152933.65,0,0
2022-04-01,10Q,"NHS OXFORDSHIRE",74781,205616.13,0,0
2022-04-01,99A,"NHS LIVERPOOL",83249,182191.37,0,0
2022-04-01,14L,"NHS MANCHESTER",83486,171994.75,0,0
2022-04-01,03N,"NHS SHEFFIELD",86152,157466.42,0,0
2022-04-01,11N,"NHS CORNWALL AND THE ISLES OF SCILLY",89055,194171.84,0,0
2022-04-01,11M,"NHS GLOUCESTERSHIRE",89583,193227.16,0,0
2022-04-01,M1J4Y,"NHS BEDFORDSHIRE, LUTON AND MILTON KEYNES",90630,185229.65,0,0
2022-04-01,70F,"NHS WEST SUSSEX",94071,261186.89,0,0
2022-04-01,18C,"NHS HEREFORDSHIRE AND WORCESTERSHIRE",95330,212303.33,0,0
2022-04-01,92A,"NHS SURREY HEARTLANDS",95756,294935.31,0,0
2022-04-01,15F,"NHS LEEDS",96660,208877.07,0,0
2022-04-01,13T,"NHS NEWCASTLE GATESHEAD",97330,169513.35,0,0
2022-04-01,11J,"NHS DORSET",97372,238124.49,0,0
2022-04-01,27D,"NHS CHESHIRE",103830,200965.38,0,0
2022-04-01,78H,"NHS NORTHAMPTONSHIRE",104408,186846.99,0,0
2022-04-01,15C,"NHS BRISTOL, NORTH SOMERSET AND SOUTH GLOUCESTERSHIRE",105181,238104.95,0,0
2022-04-01,93C,"NHS NORTH CENTRAL LONDON",109225,270567.33,0,0
2022-04-01,B2M3M,"NHS COVENTRY AND WARWICKSHIRE",113091,249492.21,0,0
2022-04-01,92G,"NHS BATH AND NORTH EAST SOMERSET, SWINDON AND WILTSHIRE",114224,246657.7,0,0
2022-04-01,84H,"NHS COUNTY DURHAM",117597,195582.75,0,0
2022-04-01,36L,"NHS SOUTH WEST LONDON",118528,275137.37,0,0
2022-04-01,06H,"NHS CAMBRIDGESHIRE AND PETERBOROUGH",120669,248968.11,0,0
2022-04-01,15E,"NHS BIRMINGHAM AND SOLIHULL",123408,269999.31,0,0
2022-04-01,16C,"NHS TEES VALLEY",125949,228192.85,0,0
2022-04-01,72Q,"NHS SOUTH EAST LONDON",126204,306973.57,0,0
2022-04-01,D2P2L,"NHS BLACK COUNTRY",131143,287907.61,0,0
2022-04-01,52R,"NHS NOTTINGHAM AND NOTTINGHAMSHIRE",133505,280762.92,0,0
2022-04-01,71E,"NHS LINCOLNSHIRE",134283,277644.32,0,0
2022-04-01,15M,"NHS DERBY AND DERBYSHIRE",138477,290847.82,0,0
2022-04-01,W2U3Z,"NHS NORTH WEST LONDON",144669,337599.83,0,0
2022-04-01,A3A8R,"NHS NORTH EAST LONDON",145363,316942.24,0,0
2022-04-01,15N,"NHS DEVON",166444,381207.52,0,0
2022-04-01,26A,"NHS NORFOLK AND WAVENEY",175574,377700.31,0,0
2022-04-01,D9Y0V,"NHS HAMPSHIRE, SOUTHAMPTON AND ISLE OF WIGHT",209184,597298.97,0,0
2022-04-01,91Q,"NHS KENT AND MEDWAY",209638,521817.31,0,0
2022-05-01,09W,"NHS MEDWAY",0,0,0,0
2022-05-01,D4U1Y,"NHS FRIMLEY",4789,12950.98,0,0
2022-05-01,02G,"NHS WEST LANCASHIRE",14409,30635.39,0,0
2022-05-01,05D,"NHS EAST STAFFORDSHIRE",16551,35887.67,0,0
2022-05-01,04Y,"NHS CANNOCK CHASE",17427,39419.67,0,0
2022-05-01,05V,"NHS STAFFORD AND SURROUNDS",18078,38313.6,0,0
2022-05-01,07G,"NHS THURROCK",18471,37410.82,0,0
2022-05-01,01V,"NHS SOUTHPORT AND FORMBY",18484,44347.62,0,0
2022-05-01,02Q,"NHS BASSETLAW",19676,33736.92,0,0
2022-05-01,99F,"NHS CASTLE POINT AND ROCHFORD",20531,56813.34,0,0
2022-05-01,01F,"NHS HALTON",21079,46332.24,0,0
2022-05-01,99G,"NHS SOUTHEND",22158,54173.81,0,0
2022-05-01,00Q,"NHS BLACKBURN WITH DARWEN",22734,43889.2,0,0
2022-05-01,00X,"NHS CHORLEY AND SOUTH RIBBLE",24690,58557.23,0,0
2022-05-01,03H,"NHS NORTH EAST LINCOLNSHIRE",25059,40285.67,0,0
2022-05-01,05Q,"NHS SOUTH EAST STAFFORDSHIRE AND SEISDON PENINSULA",26148,62337.7,0,0
2022-05-01,01T,"NHS SOUTH SEFTON",26302,55551.12,0,0
2022-05-01,00V,"NHS BURY",27188,69604.74,0,0
2022-05-01,02E,"NHS WARRINGTON",27376,74885.58,0,0
2022-05-01,10R,"NHS PORTSMOUTH",28314,65310.21,0,0
2022-05-01,01E,"NHS GREATER PRESTON",28658,53246.35,0,0
2022-05-01,01J,"NHS KNOWSLEY",28686,54999,0,0
2022-05-01,03K,"NHS NORTH LINCOLNSHIRE",28798,54143.18,0,0
2022-05-01,03Q,"NHS VALE OF YORK",29019,58033.15,0,0
2022-05-01,99E,"NHS BASILDON AND BRENTWOOD",29291,77370.95,0,0
2022-05-01,02M,"NHS FYLDE AND WYRE",30283,55733.01,0,0
2022-05-01,U2G6B,"NHS THAMES VALLEY ICB - U2G6B",30750,81069.72,0,0
2022-05-01,05G,"NHS NORTH STAFFORDSHIRE",31179,64958.1,0,0
2022-05-01,02T,"NHS CALDERDALE",31564,59159.16,0,0
2022-05-01,02A,"NHS TRAFFORD",32062,73558.36,0,0
2022-05-01,00N,"NHS SOUTH TYNESIDE",32337,51219.37,0,0
2022-05-01,00Y,"NHS OLDHAM",32474,66772.26,0,0
2022-05-01,01D,"NHS HEYWOOD, MIDDLETON AND ROCHDALE",32820,65011.14,0,0
2022-05-01,01Y,"NHS TAMESIDE AND GLOSSOP",34197,63504.81,0,0
2022-05-01,01X,"NHS ST HELENS",35882,72253.23,0,0
2022-05-01,00R,"NHS BLACKPOOL",35894,65234.02,0,0
2022-05-01,07H,"NHS WEST ESSEX",36098,76518.98,0,0
2022-05-01,04C,"NHS LEICESTER CITY",37671,75944.4,0,0
2022-05-01,09D,"NHS BRIGHTON AND HOVE",39378,100035.71,0,0
2022-05-01,03W,"NHS EAST LEICESTERSHIRE AND RUTLAND",40746,97129.91,0,0
2022-05-01,00T,"NHS BOLTON",42185,85276.98,0,0
2022-05-01,05W,"NHS STOKE ON TRENT",42639,81088.38,0,0
2022-05-01,99C,"NHS NORTH TYNESIDE",42763,73033.59,0,0
2022-05-01,03L,"NHS ROTHERHAM",43331,79918.98,0,0
2022-05-01,02Y,"NHS EAST RIDING OF YORKSHIRE",43996,88818.49,0,0
2022-05-01,07K,"NHS WEST SUFFOLK",45076,86786.28,0,0
2022-05-01,14Y,"NHS BUCKINGHAMSHIRE",45665,132595.58,0,0
2022-05-01,01W,"NHS STOCKPORT",47217,98525.65,0,0
2022-05-01,03F,"NHS HULL",47385,75065.25,0,0
2022-05-01,01G,"NHS SALFORD",47667,85471.6,0,0
2022-05-01,01K,"NHS MORECAMBE BAY",49003,101374.78,0,0
2022-05-01,02H,"NHS WIGAN BOROUGH",49638,109558.33,0,0
2022-05-01,15A,"NHS BERKSHIRE WEST",50749,149892.54,0,0
2022-05-01,01H,"NHS NORTH CUMBRIA",51155,94387.6,0,0
2022-05-01,02X,"NHS DONCASTER",51165,95151.72,0,0
2022-05-01,01A,"NHS EAST LANCASHIRE",52320,99970.69,0,0
2022-05-01,02P,"NHS BARNSLEY",52843,82685.44,0,0
2022-05-01,04V,"NHS WEST LEICESTERSHIRE",54303,115395.96,0,0
2022-05-01,06N,"NHS HERTS VALLEYS",55312,132573.44,0,0
2022-05-01,03R,"NHS WAKEFIELD",55484,121406.15,0,0
2022-05-01,12F,"NHS WIRRAL",56671,113684.77,0,0
2022-05-01,06Q,"NHS MID ESSEX",57490,110953.98,0,0
2022-05-01,X2C4Y,"NHS KIRKLEES",58038,125000.12,0,0
2022-05-01,06T,"NHS NORTH EAST ESSEX",59706,127163.9,0,0
2022-05-01,M2L0M,"NHS SHROPSHIRE, TELFORD AND WREKIN",60441,144167.06,0,0
2022-05-01,00L,"NHS NORTHUMBERLAND",61333,112420.26,0,0
2022-05-01,06L,"NHS IPSWICH AND EAST SUFFOLK",61603,136166.34,0,0
2022-05-01,06K,"NHS EAST AND NORTH HERTFORDSHIRE",69407,161024.49,0,0
2022-05-01,11X,"NHS SOMERSET",70637,163791.61,0,0
2022-05-01,00P,"NHS SUNDERLAND",71306,98194.29,0,0
2022-05-01,42D,"NHS NORTH YORKSHIRE",72604,143653.07,0,0
2022-05-01,97R,"NHS EAST SUSSEX",73568,192186.29,0,0
2022-05-01,10Q,"NHS OXFORDSHIRE",76039,203936.48,0,0
2022-05-01,36J,"NHS BRADFORD DISTRICT AND CRAVEN",79488,169606.43,0,0
2022-05-01,99A,"NHS LIVERPOOL",84750,184052.49,0,0
2022-05-01,14L,"NHS MANCHESTER",85822,178605.35,0,0
2022-05-01,03N,"NHS SHEFFIELD",90268,168885.74,0,0
2022-05-01,11M,"NHS GLOUCESTERSHIRE",91208,200671.91,0,0
2022-05-01,11N,"NHS CORNWALL AND THE ISLES OF SCILLY",91292,197201.31,0,0
2022-05-01,M1J4Y,"NHS BEDFORDSHIRE, LUTON AND MILTON KEYNES",96877,206967.27,0,0
2022-05-01,13T,"NHS NEWCASTLE GATESHEAD",99494,158989.58,0,0
2022-05-01,15F,"NHS LEEDS",99613,216899.79,0,0
2022-05-01,92A,"NHS SURREY HEARTLANDS",99847,316904.84,0,0
2022-05-01,70F,"NHS WEST SUSSEX",100078,274975.89,0,0
2022-05-01,11J,"NHS DORSET",101097,251934.51,0,0
2022-05-01,18C,"NHS HEREFORDSHIRE AND WORCESTERSHIRE",101673,223537.21,0,0
2022-05-01,27D,"NHS CHESHIRE",108013,201749.39,0,0
2022-05-01,78H,"NHS NORTHAMPTONSHIRE",109703,197428.99,0,0
2022-05-01,15C,"NHS BRISTOL, NORTH SOMERSET AND SOUTH GLOUCESTERSHIRE",112836,246958.15,0,0
2022-05-01,93C,"NHS NORTH CENTRAL LONDON",113392,285080.54,0,0
2022-05-01,B2M3M,"NHS COVENTRY AND WARWICKSHIRE",117742,256983.6,0,0
2022-05-01,92G,"NHS BATH AND NORTH EAST SOMERSET, SWINDON AND WILTSHIRE",120096,262952.31,0,0
2022-05-01,36L,"NHS SOUTH WEST LONDON",120940,291427.05,0,0
2022-05-01,84H,"NHS COUNTY DURHAM",122772,200613.7,0,0
2022-05-01,06H,"NHS CAMBRIDGESHIRE AND PETERBOROUGH",125962,258416.29,0,0
2022-05-01,72Q,"NHS SOUTH EAST LONDON",130997,330212.75,0,0
2022-05-01,15E,"NHS BIRMINGHAM AND SOLIHULL",132553,298744.47,0,0
2022-05-01,16C,"NHS TEES VALLEY",133606,243710.51,0,0
2022-05-01,52R,"NHS NOTTINGHAM AND NOTTINGHAMSHIRE",139663,297959.21,0,0
2022-05-01,71E,"NHS LINCOLNSHIRE",140016,286170.32,0,0
2022-05-01,D2P2L,"NHS BLACK COUNTRY",141866,326558.98,0,0
2022-05-01,15M,"NHS DERBY AND DERBYSHIRE",145623,308902.82,0,0
2022-05-01,W2U3Z,"NHS NORTH WEST LONDON",149221,356422.71,0,0
2022-05-01,A3A8R,"NHS NORTH EAST LONDON",153243,334592.52,0,0
2022-05-01,15N,"NHS DEVON",171531,398734.35,0,0
2022-05-01,26A,"NHS NORFOLK AND WAVENEY",182755,385748.04,0,0
2022-05-01,D9Y0V,"NHS HAMPSHIRE, SOUTHAMPTON AND ISLE OF WIGHT",218641,622490.65,0,0
2022-05-01,91Q,"NHS KENT AND MEDWAY",219056,536879.98,0,0
2022-06-01,09W,"NHS MEDWAY",0,0,0,0
2022-06-01,D4U1Y,"NHS FRIMLEY",5223,15032.38,0,0
2022-06-01,02G,"NHS WEST LANCASHIRE",14055,30201.72,0,0
2022-06-01,05D,"NHS EAST STAFFORDSHIRE",16266,37463.69,0,0
2022-06-01,05V,"NHS STAFFORD AND SURROUNDS",17831,37292.05,0,0
2022-06-01,04Y,"NHS CANNOCK CHASE",17886,38650.87,0,0
2022-06-01,01V,"NHS SOUTHPORT AND FORMBY",18031,42227.01,0,0
2022-06-01,07G,"NHS THURROCK",18161,37305.85,0,0
2022-06-01,99F,"NHS CASTLE POINT AND ROCHFORD",19251,54372.35,0,0
2022-06-01,02Q,"NHS BASSETLAW",20515,36326.66,0,0
2022-06-01,01F,"NHS HALTON",20537,44568.77,0,0
2022-06-01,99G,"NHS SOUTHEND",21632,57266.07,0,0
2022-06-01,00Q,"NHS BLACKBURN WITH DARWEN",22120,41854.76,0,0
2022-06-01,00X,"NHS CHORLEY AND SOUTH RIBBLE",24306,55896.66,0,0
2022-06-01,03H,"NHS NORTH EAST LINCOLNSHIRE",24778,40339.2,0,0
2022-06-01,05Q,"NHS SOUTH EAST STAFFORDSHIRE AND SEISDON PENINSULA",25116,52745.67,0,0
2022-06-01,00V,"NHS BURY",25318,68672.14,0,0
2022-06-01,01T,"NHS SOUTH SEFTON",25699,53990.12,0,0
2022-06-01,02E,"NHS WARRINGTON",26596,64152.53,0,0
2022-06-01,10R,"NHS PORTSMOUTH",27663,66496.33,0,0
2022-06-01,03Q,"NHS VALE OF YORK",27693,53970.94,0,0
2022-06-01,01E,"NHS GREATER PRESTON",27753,53032.44,0,0
2022-06-01,03K,"NHS NORTH LINCOLNSHIRE",27797,52794.09,0,0
2022-06-01,02M,"NHS FYLDE AND WYRE",28277,53351.2,0,0
2022-06-01,01J,"NHS KNOWSLEY",28653,55461.57,0,0
2022-06-01,99E,"NHS BASILDON AND BRENTWOOD",28749,75940.55,0,0
2022-06-01,U2G6B,"NHS THAMES VALLEY ICB - U2G6B",29683,82822.1,0,0
2022-06-01,02T,"NHS CALDERDALE",29893,56689.39,0,0
2022-06-01,05G,"NHS NORTH STAFFORDSHIRE",31174,65457,0,0
2022-06-01,01D,"NHS HEYWOOD, MIDDLETON AND ROCHDALE",31593,67885.32,0,0
2022-06-01,00Y,"NHS OLDHAM",31855,63720.77,0,0
2022-06-01,02A,"NHS TRAFFORD",32053,69477.79,0,0
2022-06-01,00N,"NHS SOUTH TYNESIDE",32660,54918.59,0,0
2022-06-01,00R,"NHS BLACKPOOL",33277,62192.2,0,0
2022-06-01,01Y,"NHS TAMESIDE AND GLOSSOP",33540,65157.37,0,0
2022-06-01,07H,"NHS WEST ESSEX",34812,73598.14,0,0
2022-06-01,01X,"NHS ST HELENS",35071,69300.41,0,0
2022-06-01,09D,"NHS BRIGHTON AND HOVE",37369,98506.78,0,0
2022-06-01,04C,"NHS LEICESTER CITY",37955,78277.11,0,0
2022-06-01,03W,"NHS EAST LEICESTERSHIRE AND RUTLAND",37985,93665.78,0,0
2022-06-01,99C,"NHS NORTH TYNESIDE",39489,68896.85,0,0
2022-06-01,00T,"NHS BOLTON",40879,86193.02,0,0
2022-06-01,03L,"NHS ROTHERHAM",42537,81033.55,0,0
2022-06-01,05W,"NHS STOKE ON TRENT",43367,83617.38,0,0
2022-06-01,02Y,"NHS EAST RIDING OF YORKSHIRE",43529,88919.24,0,0
2022-06-01,14Y,"NHS BUCKINGHAMSHIRE",43990,119496.94,0,0
2022-06-01,07K,"NHS WEST SUFFOLK",44821,87645.53,0,0
2022-06-01,01W,"NHS STOCKPORT",45697,94493.84,0,0
2022-06-01,01G,"NHS SALFORD",46080,85679.05,0,0
2022-06-01,03F,"NHS HULL",47096,74772.45,0,0
2022-06-01,01K,"NHS MORECAMBE BAY",48624,100401.36,0,0
2022-06-01,15A,"NHS BERKSHIRE WEST",48735,144784.98,0,0
2022-06-01,02X,"NHS DONCASTER",49318,90534.69,0,0
2022-06-01,01H,"NHS NORTH CUMBRIA",49719,93759.26,0,0
2022-06-01,04V,"NHS WEST LEICESTERSHIRE",52533,115795.66,0,0
2022-06-01,01A,"NHS EAST LANCASHIRE",52720,100274.94,0,0
2022-06-01,02P,"NHS BARNSLEY",52816,83839.41,0,0
2022-06-01,02H,"NHS WIGAN BOROUGH",53014,119143.14,0,0
2022-06-01,06N,"NHS HERTS VALLEYS",53800,134172.56,0,0
2022-06-01,06Q,"NHS MID ESSEX",54811,105842.22,0,0
2022-06-01,12F,"NHS WIRRAL",55129,115474.99,0,0
2022-06-01,03R,"NHS WAKEFIELD",56042,120983.11,0,0
2022-06-01,X2C4Y,"NHS KIRKLEES",56154,127928.62,0,0
2022-06-01,M2L0M,"NHS SHROPSHIRE, TELFORD AND WREKIN",58065,139894.52,0,0
2022-06-01,00L,"NHS NORTHUMBERLAND",58242,106929.02,0,0
2022-06-01,06T,"NHS NORTH EAST ESSEX",60297,130461.78,0,0
2022-06-01,06L,"NHS IPSWICH AND EAST SUFFOLK",61776,132491.19,0,0
2022-06-01,00P,"NHS SUNDERLAND",65996,95287.06,0,0
2022-06-01,11X,"NHS SOMERSET",68469,147843.1,0,0
2022-06-01,06K,"NHS EAST AND NORTH HERTFORDSHIRE",68497,159643.44,0,0
2022-06-01,42D,"NHS NORTH YORKSHIRE",70979,141576.98,0,0
2022-06-01,97R,"NHS EAST SUSSEX",71456,188599,0,0
2022-06-01,36J,"NHS BRADFORD DISTRICT AND CRAVEN",75327,160318.22,0,0
2022-06-01,10Q,"NHS OXFORDSHIRE",77998,206747.84,0,0
2022-06-01,99A,"NHS LIVERPOOL",84655,177302.1,0,0
2022-06-01,14L,"NHS MANCHESTER",85659,178431.34,0,0
2022-06-01,03N,"NHS SHEFFIELD",87861,162659.76,0,0
2022-06-01,11M,"NHS GLOUCESTERSHIRE",88485,190161.94,0,0
2022-06-01,11N,"NHS CORNWALL AND THE ISLES OF SCILLY",89150,197384.79,0,0
2022-06-01,M1J4Y,"NHS BEDFORDSHIRE, LUTON AND MILTON KEYNES",92183,194563.88,0,0
2022-06-01,70F,"NHS WEST SUSSEX",95938,269397.54,0,0
2022-06-01,92A,"NHS SURREY HEARTLANDS",97114,311380.26,0,0
2022-06-01,18C,"NHS HEREFORDSHIRE AND WORCESTERSHIRE",97638,220294.05,0,0
2022-06-01,13T,"NHS NEWCASTLE GATESHEAD",98899,163673.99,0,0
2022-06-01,15F,"NHS LEEDS",98925,214680.96,0,0
2022-06-01,11J,"NHS DORSET",99270,252121.18,0,0
2022-06-01,78H,"NHS NORTHAMPTONSHIRE",106121,191354.08,0,0
2022-06-01,27D,"NHS CHESHIRE",106393,204500.14,0,0
2022-06-01,15C,"NHS BRISTOL, NORTH SOMERSET AND SOUTH GLOUCESTERSHIRE",107325,240933.07,0,0
2022-06-01,93C,"NHS NORTH CENTRAL LONDON",110028,284024.88,0,0
2022-06-01,B2M3M,"NHS COVENTRY AND WARWICKSHIRE",114251,259120.14,0,0
2022-06-01,92G,"NHS BATH AND NORTH EAST SOMERSET, SWINDON AND WILTSHIRE",116011,242309.51,0,0
2022-06-01,84H,"NHS COUNTY DURHAM",118245,194207.46,0,0
2022-06-01,36L,"NHS SOUTH WEST LONDON",119733,274264.63,0,0
2022-06-01,06H,"NHS CAMBRIDGESHIRE AND PETERBOROUGH",122403,248035.17,0,0
2022-06-01,15E,"NHS BIRMINGHAM AND SOLIHULL",127646,284071.25,0,0
2022-06-01,72Q,"NHS SOUTH EAST LONDON",128735,313254.68,0,0
2022-06-01,16C,"NHS TEES VALLEY",129343,233056.73,0,0
2022-06-01,52R,"NHS NOTTINGHAM AND NOTTINGHAMSHIRE",136180,299774.85,0,0
2022-06-01,D2P2L,"NHS BLACK COUNTRY",136424,306819.59,0,0
2022-06-01,71E,"NHS LINCOLNSHIRE",137093,287428.73,0,0
2022-06-01,15M,"NHS DERBY AND DERBYSHIRE",138865,286912.24,0,0
2022-06-01,W2U3Z,"NHS NORTH WEST LONDON",146956,348417.83,0,0
2022-06-01,A3A8R,"NHS NORTH EAST LONDON",148093,312992.77,0,0
2022-06-01,15N,"NHS DEVON",166619,380174.78,0,0
2022-06-01,26A,"NHS NORFOLK AND WAVENEY",179954,377577.46,0,0
2022-06-01,D9Y0V,"NHS HAMPSHIRE, SOUTHAMPTON AND ISLE OF WIGHT",210964,596291.85,0,0
2022-06-01,91Q,"NHS KENT AND MEDWAY",213342,533505.43,0,0
2022-07-01,09W,"NHS MEDWAY",0,0,0,0
2022-07-01,D4U1Y,"NHS FRIMLEY",4590,15779.37,0,0
2022-07-01,02G,"NHS WEST LANCASHIRE",14420,41383.38,0,0
2022-07-01,05D,"NHS EAST STAFFORDSHIRE",16269,46380.16,0,0
2022-07-01,04Y,"NHS CANNOCK CHASE",17686,52870.2,0,0
2022-07-01,05V,"NHS STAFFORD AND SURROUNDS",17722,51804.67,0,0
2022-07-01,01V,"NHS SOUTHPORT AND FORMBY",17728,52456.64,0,0
2022-07-01,07G,"NHS THURROCK",17892,49831.29,0,0
2022-07-01,02Q,"NHS BASSETLAW",19193,46282.91,0,0
2022-07-01,99F,"NHS CASTLE POINT AND ROCHFORD",19432,72423.84,0,0
2022-07-01,01F,"NHS HALTON",20552,60179.11,0,0
2022-07-01,99G,"NHS SOUTHEND",21670,69440.31,0,0
2022-07-01,00Q,"NHS BLACKBURN WITH DARWEN",22483,55841.48,0,0
2022-07-01,00X,"NHS CHORLEY AND SOUTH RIBBLE",23812,73189.47,0,0
2022-07-01,03H,"NHS NORTH EAST LINCOLNSHIRE",24170,56347.01,0,0
2022-07-01,01T,"NHS SOUTH SEFTON",25297,69566.55,0,0
2022-07-01,05Q,"NHS SOUTH EAST STAFFORDSHIRE AND SEISDON PENINSULA",25324,76571.47,0,0
2022-07-01,00V,"NHS BURY",25647,82799.7,0,0
2022-07-01,02E,"NHS WARRINGTON",26994,95459.51,0,0
2022-07-01,10R,"NHS PORTSMOUTH",27333,85693.21,0,0
2022-07-01,01E,"NHS GREATER PRESTON",27769,71197.49,0,0
2022-07-01,03Q,"NHS VALE OF YORK",27819,72256.98,0,0
2022-07-01,99E,"NHS BASILDON AND BRENTWOOD",27835,96368.03,0,0
2022-07-01,01J,"NHS KNOWSLEY",28145,73819.66,0,0
2022-07-01,03K,"NHS NORTH LINCOLNSHIRE",28843,81341.12,0,0
2022-07-01,U2G6B,"NHS THAMES VALLEY ICB - U2G6B",29279,100568.45,0,0
2022-07-01,02M,"NHS FYLDE AND WYRE",29519,75626.29,0,0
2022-07-01,05G,"NHS NORTH STAFFORDSHIRE",30442,86631.39,0,0
2022-07-01,02A,"NHS TRAFFORD",31221,90142.23,0,0
2022-07-01,02T,"NHS CALDERDALE",31258,80553.7,0,0
2022-07-01,01D,"NHS HEYWOOD, MIDDLETON AND ROCHDALE",31639,89177.77,0,0
2022-07-01,00Y,"NHS OLDHAM",31734,85783.4,0,0
2022-07-01,00N,"NHS SOUTH TYNESIDE",32280,73643.88,0,0
2022-07-01,00R,"NHS BLACKPOOL",34692,86099.29,0,0
2022-07-01,01Y,"NHS TAMESIDE AND GLOSSOP",34714,83451.08,0,0
2022-07-01,01X,"NHS ST HELENS",35185,95251.4,0,0
2022-07-01,07H,"NHS WEST ESSEX",35600,106230.38,0,0
2022-07-01,04C,"NHS LEICESTER CITY",37391,101834.13,0,0
2022-07-01,09D,"NHS BRIGHTON AND HOVE",37800,127539.18,0,0
2022-07-01,03W,"NHS EAST LEICESTERSHIRE AND RUTLAND",39291,129951.83,0,0
2022-07-01,99C,"NHS NORTH TYNESIDE",39944,95226.83,0,0
2022-07-01,00T,"NHS BOLTON",40745,109742.32,0,0
2022-07-01,03L,"NHS ROTHERHAM",40989,107696.82,0,0
2022-07-01,02Y,"NHS EAST RIDING OF YORKSHIRE",43007,119659.34,0,0
2022-07-01,07K,"NHS WEST SUFFOLK",43577,112761.61,0,0
2022-07-01,05W,"NHS STOKE ON TRENT",43871,118873.29,0,0
2022-07-01,14Y,"NHS BUCKINGHAMSHIRE",45603,169341.5,0,0
2022-07-01,01W,"NHS STOCKPORT",45914,128945.09,0,0
2022-07-01,01G,"NHS SALFORD",46078,108013.54,0,0
2022-07-01,03F,"NHS HULL",47956,106276.73,0,0
2022-07-01,01K,"NHS MORECAMBE BAY",48302,139080.3,0,0
2022-07-01,15A,"NHS BERKSHIRE WEST",48623,178170.74,0,0
2022-07-01,02H,"NHS WIGAN BOROUGH",49350,146958.93,0,0
2022-07-01,02X,"NHS DONCASTER",49688,128781.62,0,0
2022-07-01,01H,"NHS NORTH CUMBRIA",49695,129111.95,0,0
2022-07-01,02P,"NHS BARNSLEY",51435,109370.68,0,0
2022-07-01,04V,"NHS WEST LEICESTERSHIRE",51654,152575.28,0,0
2022-07-01,01A,"NHS EAST LANCASHIRE",52228,132513.7,0,0
2022-07-01,06N,"NHS HERTS VALLEYS",53614,168850.09,0,0
2022-07-01,06Q,"NHS MID ESSEX",54058,150942.13,0,0
2022-07-01,03R,"NHS WAKEFIELD",55110,157800.95,0,0
2022-07-01,X2C4Y,"NHS KIRKLEES",55321,153964.98,0,0
2022-07-01,12F,"NHS WIRRAL",55577,149214.81,0,0
2022-07-01,00L,"NHS NORTHUMBERLAND",58308,158459.81,0,0
2022-07-01,M2L0M,"NHS SHROPSHIRE, TELFORD AND WREKIN",58600,187167.17,0,0
2022-07-01,06T,"NHS NORTH EAST ESSEX",58612,168269.92,0,0
2022-07-01,06L,"NHS IPSWICH AND EAST SUFFOLK",61015,177197.77,0,0
2022-07-01,00P,"NHS SUNDERLAND",67287,138074.06,0,0
2022-07-01,06K,"NHS EAST AND NORTH HERTFORDSHIRE",67444,203275.44,0,0
2022-07-01,11X,"NHS SOMERSET",68640,220877.7,0,0
2022-07-01,42D,"NHS NORTH YORKSHIRE",70178,189900.56,0,0
2022-07-01,97R,"NHS EAST SUSSEX",71741,258096.73,0,0
2022-07-01,10Q,"NHS OXFORDSHIRE",76193,260878.42,0,0
2022-07-01,36J,"NHS BRADFORD DISTRICT AND CRAVEN",76813,207567.42,0,0
2022-07-01,99A,"NHS LIVERPOOL",82369,227386.57,0,0
2022-07-01,14L,"NHS MANCHESTER",82799,217325.07,0,0
2022-07-01,11M,"NHS GLOUCESTERSHIRE",86569,265968.06,0,0
2022-07-01,03N,"NHS SHEFFIELD",87321,212950.26,0,0
2022-07-01,11N,"NHS CORNWALL AND THE ISLES OF SCILLY",89103,255813.97,0,0
2022-07-01,M1J4Y,"NHS BEDFORDSHIRE, LUTON AND MILTON KEYNES",91669,257031.45,0,0
2022-07-01,70F,"NHS WEST SUSSEX",94245,337876.27,0,0
2022-07-01,92A,"NHS SURREY HEARTLANDS",95354,394340.66,0,0
2022-07-01,15F,"NHS LEEDS",97132,268594.89,0,0
2022-07-01,13T,"NHS NEWCASTLE GATESHEAD",97628,227746.71,0,0
2022-07-01,18C,"NHS HEREFORDSHIRE AND WORCESTERSHIRE",97645,292677.98,0,0
2022-07-01,11J,"NHS DORSET",98891,327006.87,0,0
2022-07-01,78H,"NHS NORTHAMPTONSHIRE",105613,266639.75,0,0
2022-07-01,27D,"NHS CHESHIRE",105636,270224.47,0,0
2022-07-01,15C,"NHS BRISTOL, NORTH SOMERSET AND SOUTH GLOUCESTERSHIRE",107023,317615.69,0,0
2022-07-01,93C,"NHS NORTH CENTRAL LONDON",110135,368544.1,0,0
2022-07-01,B2M3M,"NHS COVENTRY AND WARWICKSHIRE",112995,327856.1,0,0
2022-07-01,92G,"NHS BATH AND NORTH EAST SOMERSET, SWINDON AND WILTSHIRE",114463,336322.32,0,0
2022-07-01,36L,"NHS SOUTH WEST LONDON",117725,368369.05,0,0
2022-07-01,84H,"NHS COUNTY DURHAM",118163,269044.8,0,0
2022-07-01,06H,"NHS CAMBRIDGESHIRE AND PETERBOROUGH",121968,319929.65,0,0
2022-07-01,72Q,"NHS SOUTH EAST LONDON",126789,407533.96,0,0
2022-07-01,15E,"NHS BIRMINGHAM AND SOLIHULL",127218,375745.04,0,0
2022-07-01,16C,"NHS TEES VALLEY",129491,323533.83,0,0
2022-07-01,52R,"NHS NOTTINGHAM AND NOTTINGHAMSHIRE",134989,393256.75,0,0
2022-07-01,D2P2L,"NHS BLACK COUNTRY",135637,402615.1,0,0
2022-07-01,71E,"NHS LINCOLNSHIRE",135829,379450.76,0,0
2022-07-01,15M,"NHS DERBY AND DERBYSHIRE",139890,415728.43,0,0
2022-07-01,W2U3Z,"NHS NORTH WEST LONDON",146384,430555.91,0,0
2022-07-01,A3A8R,"NHS NORTH EAST LONDON",148051,410396.64,0,0
2022-07-01,15N,"NHS DEVON",166641,516322.17,0,0
2022-07-01,26A,"NHS NORFOLK AND WAVENEY",176887,502734.84,0,0
2022-07-01,91Q,"NHS KENT AND MEDWAY",208807,695502.92,0,0
2022-07-01,D9Y0V,"NHS HAMPSHIRE, SOUTHAMPTON AND ISLE OF WIGHT",211778,762445.67,0,0
2022-08-01,09W,"NHS MEDWAY",0,0,0,0
2022-08-01,D4U1Y,"NHS FRIMLEY",4920,17896.7,0,0
2022-08-01,02G,"NHS WEST LANCASHIRE",14602,42647.05,0,0
2022-08-01,05D,"NHS EAST STAFFORDSHIRE",16655,49386.77,0,0
2022-08-01,05V,"NHS STAFFORD AND SURROUNDS",18013,51413.04,0,0
2022-08-01,04Y,"NHS CANNOCK CHASE",18095,52270.51,0,0
2022-08-01,01V,"NHS SOUTHPORT AND FORMBY",18398,55399.1,0,0
2022-08-01,07G,"NHS THURROCK",18578,51668.79,0,0
2022-08-01,99F,"NHS CASTLE POINT AND ROCHFORD",19980,69094.52,0,0
2022-08-01,01F,"NHS HALTON",21521,59150.18,0,0
2022-08-01,99G,"NHS SOUTHEND",21742,69883.92,0,0
2022-08-01,02Q,"NHS BASSETLAW",21866,52903.44,0,0
2022-08-01,00Q,"NHS BLACKBURN WITH DARWEN",22781,56383.21,0,0
2022-08-01,00X,"NHS CHORLEY AND SOUTH RIBBLE",24967,74146.3,0,0
2022-08-01,03H,"NHS NORTH EAST LINCOLNSHIRE",25296,59212.22,0,0
2022-08-01,00V,"NHS BURY",26008,83559.3,0,0
2022-08-01,01T,"NHS SOUTH SEFTON",26201,71742.3,0,0
2022-08-01,05Q,"NHS SOUTH EAST STAFFORDSHIRE AND SEISDON PENINSULA",26787,76115.44,0,0
2022-08-01,02E,"NHS WARRINGTON",27245,91026.39,0,0
2022-08-01,10R,"NHS PORTSMOUTH",28117,89222.78,0,0
2022-08-01,01E,"NHS GREATER PRESTON",29057,70918.83,0,0
2022-08-01,01J,"NHS KNOWSLEY",29384,74695.9,0,0
2022-08-01,03K,"NHS NORTH LINCOLNSHIRE",29494,76317.47,0,0
2022-08-01,99E,"NHS BASILDON AND BRENTWOOD",29699,100257.76,0,0
2022-08-01,03Q,"NHS VALE OF YORK",30344,79622.85,0,0
2022-08-01,02M,"NHS FYLDE AND WYRE",30583,77555.04,0,0
2022-08-01,02T,"NHS CALDERDALE",30827,80444.13,0,0
2022-08-01,U2G6B,"NHS THAMES VALLEY ICB - U2G6B",30999,106980.95,0,0
2022-08-01,05G,"NHS NORTH STAFFORDSHIRE",31233,86970.97,0,0
2022-08-01,00N,"NHS SOUTH TYNESIDE",32040,73715.39,0,0
2022-08-01,02A,"NHS TRAFFORD",32326,87691.2,0,0
2022-08-01,01D,"NHS HEYWOOD, MIDDLETON AND ROCHDALE",32944,91787.47,0,0
2022-08-01,00Y,"NHS OLDHAM",33461,91848.12,0,0
2022-08-01,01Y,"NHS TAMESIDE AND GLOSSOP",34032,80442.06,0,0
2022-08-01,00R,"NHS BLACKPOOL",34941,83186.65,0,0
2022-08-01,07H,"NHS WEST ESSEX",36179,103562.77,0,0
2022-08-01,01X,"NHS ST HELENS",36653,97395.29,0,0
2022-08-01,04C,"NHS LEICESTER CITY",38959,104738.56,0,0
2022-08-01,09D,"NHS BRIGHTON AND HOVE",39649,119711.7,0,0
2022-08-01,03W,"NHS EAST LEICESTERSHIRE AND RUTLAND",39954,128759.61,0,0
2022-08-01,99C,"NHS NORTH TYNESIDE",41268,98939.92,0,0
2022-08-01,00T,"NHS BOLTON",41955,112288.92,0,0
2022-08-01,05W,"NHS STOKE ON TRENT",43923,115774.73,0,0
2022-08-01,03L,"NHS ROTHERHAM",44041,111959.51,0,0
2022-08-01,02Y,"NHS EAST RIDING OF YORKSHIRE",44655,119620.79,0,0
2022-08-01,07K,"NHS WEST SUFFOLK",45744,114463.62,0,0
2022-08-01,14Y,"NHS BUCKINGHAMSHIRE",46165,171143.56,0,0
2022-08-01,01W,"NHS STOCKPORT",46324,126842.69,0,0
2022-08-01,01G,"NHS SALFORD",47419,107325.25,0,0
2022-08-01,03F,"NHS HULL",48195,106953.61,0,0
2022-08-01,01K,"NHS MORECAMBE BAY",49556,139837.66,0,0
2022-08-01,15A,"NHS BERKSHIRE WEST",49847,174760.42,0,0
2022-08-01,02H,"NHS WIGAN BOROUGH",50505,148458.22,0,0
2022-08-01,01H,"NHS NORTH CUMBRIA",51466,131844.85,0,0
2022-08-01,02X,"NHS DONCASTER",51847,133840.04,0,0
2022-08-01,02P,"NHS BARNSLEY",53427,110739.23,0,0
2022-08-01,01A,"NHS EAST LANCASHIRE",53493,135795.17,0,0
2022-08-01,04V,"NHS WEST LEICESTERSHIRE",53941,160681.87,0,0
2022-08-01,06N,"NHS HERTS VALLEYS",54998,165077.44,0,0
2022-08-01,12F,"NHS WIRRAL",55749,148227.97,0,0
2022-08-01,06Q,"NHS MID ESSEX",55875,150785.16,0,0
2022-08-01,X2C4Y,"NHS KIRKLEES",57228,162912.71,0,0
2022-08-01,03R,"NHS WAKEFIELD",57288,162706.64,0,0
2022-08-01,06T,"NHS NORTH EAST ESSEX",60050,170029.23,0,0
2022-08-01,M2L0M,"NHS SHROPSHIRE, TELFORD AND WREKIN",60261,191192.48,0,0
2022-08-01,00L,"NHS NORTHUMBERLAND",61978,165683.41,0,0
2022-08-01,06L,"NHS IPSWICH AND EAST SUFFOLK",62281,176158.71,0,0
2022-08-01,00P,"NHS SUNDERLAND",68172,139298.75,0,0
2022-08-01,06K,"NHS EAST AND NORTH HERTFORDSHIRE",69315,204934.63,0,0
2022-08-01,11X,"NHS SOMERSET",71383,223459.84,0,0
2022-08-01,97R,"NHS EAST SUSSEX",72595,251345.05,0,0
2022-08-01,42D,"NHS NORTH YORKSHIRE",73685,195989.89,0,0
2022-08-01,10Q,"NHS OXFORDSHIRE",77445,265217.75,0,0
2022-08-01,36J,"NHS BRADFORD DISTRICT AND CRAVEN",78370,206735.39,0,0
2022-08-01,99A,"NHS LIVERPOOL",86423,230205.1,0,0
2022-08-01,14L,"NHS MANCHESTER",86913,220582.6,0,0
2022-08-01,03N,"NHS SHEFFIELD",89184,222999.02,0,0
2022-08-01,11M,"NHS GLOUCESTERSHIRE",90969,263878.13,0,0
2022-08-01,11N,"NHS CORNWALL AND THE ISLES OF SCILLY",91944,258936.61,0,0
2022-08-01,M1J4Y,"NHS BEDFORDSHIRE, LUTON AND MILTON KEYNES",94783,262526.5,0,0
2022-08-01,70F,"NHS WEST SUSSEX",98046,352429.82,0,0
2022-08-01,92A,"NHS SURREY HEARTLANDS",98169,391911.29,0,0
2022-08-01,13T,"NHS NEWCASTLE GATESHEAD",101110,229243.41,0,0
2022-08-01,18C,"NHS HEREFORDSHIRE AND WORCESTERSHIRE",101240,300661.58,0,0
2022-08-01,15F,"NHS LEEDS",101336,275982.35,0,0
2022-08-01,11J,"NHS DORSET",101494,335217.51,0,0
2022-08-01,27D,"NHS CHESHIRE",107542,272997.46,0,0
2022-08-01,78H,"NHS NORTHAMPTONSHIRE",109946,276033.13,0,0
2022-08-01,15C,"NHS BRISTOL, NORTH SOMERSET AND SOUTH GLOUCESTERSHIRE",110249,324797.89,0,0
2022-08-01,93C,"NHS NORTH CENTRAL LONDON",111793,341165.15,0,0
2022-08-01,B2M3M,"NHS COVENTRY AND WARWICKSHIRE",119073,338899.16,0,0
2022-08-01,92G,"NHS BATH AND NORTH EAST SOMERSET, SWINDON AND WILTSHIRE",119850,335909.34,0,0
2022-08-01,36L,"NHS SOUTH WEST LONDON",120341,346971.92,0,0
2022-08-01,84H,"NHS COUNTY DURHAM",122910,278736.61,0,0
2022-08-01,06H,"NHS CAMBRIDGESHIRE AND PETERBOROUGH",124620,318493.56,0,0
2022-08-01,72Q,"NHS SOUTH EAST LONDON",130528,412856.26,0,0
2022-08-01,16C,"NHS TEES VALLEY",131936,330336.11,0,0
2022-08-01,15E,"NHS BIRMINGHAM AND SOLIHULL",131986,384464.49,0,0
2022-08-01,52R,"NHS NOTTINGHAM AND NOTTINGHAMSHIRE",138648,394499.96,0,0
2022-08-01,D2P2L,"NHS BLACK COUNTRY",139081,411513.93,0,0
2022-08-01,71E,"NHS LINCOLNSHIRE",139580,390894.2,0,0
2022-08-01,15M,"NHS DERBY AND DERBYSHIRE",143947,411518.55,0,0
2022-08-01,W2U3Z,"NHS NORTH WEST LONDON",148353,412051.17,0,0
2022-08-01,A3A8R,"NHS NORTH EAST LONDON",152516,428553.02,0,0
2022-08-01,15N,"NHS DEVON",170255,517412.24,0,0
2022-08-01,26A,"NHS NORFOLK AND WAVENEY",184442,505351.01,0,0
2022-08-01,D9Y0V,"NHS HAMPSHIRE, SOUTHAMPTON AND ISLE OF WIGHT",215347,735616.07,0,0
2022-08-01,91Q,"NHS KENT AND MEDWAY",217280,722431.66,0,0
2022-09-01,09W,"NHS MEDWAY",0,0,0,0
2022-09-01,D4U1Y,"NHS FRIMLEY",4861,16139.86,0,0
2022-09-01,02G,"NHS WEST LANCASHIRE",14648,40661.26,0,0
2022-09-01,05D,"NHS EAST STAFFORDSHIRE",16373,49036.56,0,0
2022-09-01,04Y,"NHS CANNOCK CHASE",17646,50442.29,0,0
2022-09-01,01V,"NHS SOUTHPORT AND FORMBY",18048,53058.89,0,0
2022-09-01,05V,"NHS STAFFORD AND SURROUNDS",18213,55491.23,0,0
2022-09-01,07G,"NHS THURROCK",18418,49240.82,0,0
2022-09-01,99F,"NHS CASTLE POINT AND ROCHFORD",20259,69238.02,0,0
2022-09-01,02Q,"NHS BASSETLAW",20773,49055.46,0,0
2022-09-01,01F,"NHS HALTON",21304,58621.38,0,0
2022-09-01,00Q,"NHS BLACKBURN WITH DARWEN",23050,55501.7,0,0
2022-09-01,99G,"NHS SOUTHEND",23270,75617.09,0,0
2022-09-01,00X,"NHS CHORLEY AND SOUTH RIBBLE",24754,72630.68,0,0
2022-09-01,03H,"NHS NORTH EAST LINCOLNSHIRE",24818,56994.96,0,0
2022-09-01,05Q,"NHS SOUTH EAST STAFFORDSHIRE AND SEISDON PENINSULA",26059,75965.36,0,0
2022-09-01,00V,"NHS BURY",26159,84350.96,0,0
2022-09-01,01T,"NHS SOUTH SEFTON",26330,71314.52,0,0
2022-09-01,02E,"NHS WARRINGTON",27391,90729.65,0,0
2022-09-01,10R,"NHS PORTSMOUTH",27644,82730.6,0,0
2022-09-01,03Q,"NHS VALE OF YORK",27755,71991.03,0,0
2022-09-01,01E,"NHS GREATER PRESTON",28092,69182.06,0,0
2022-09-01,03K,"NHS NORTH LINCOLNSHIRE",28398,72308.8,0,0
2022-09-01,99E,"NHS BASILDON AND BRENTWOOD",29020,96727.96,0,0
2022-09-01,01J,"NHS KNOWSLEY",29127,74370.41,0,0
2022-09-01,02M,"NHS FYLDE AND WYRE",29413,72449.72,0,0
2022-09-01,U2G6B,"NHS THAMES VALLEY ICB - U2G6B",30178,98697.71,0,0
2022-09-01,05G,"NHS NORTH STAFFORDSHIRE",31733,86949.43,0,0
2022-09-01,02T,"NHS CALDERDALE",31973,80113.8,0,0
2022-09-01,02A,"NHS TRAFFORD",32423,92445.28,0,0
2022-09-01,00Y,"NHS OLDHAM",33034,87658.56,0,0
2022-09-01,01D,"NHS HEYWOOD, MIDDLETON AND ROCHDALE",33185,92272.11,0,0
2022-09-01,00N,"NHS SOUTH TYNESIDE",33341,75497.95,0,0
2022-09-01,01Y,"NHS TAMESIDE AND GLOSSOP",34737,82541.8,0,0
2022-09-01,00R,"NHS BLACKPOOL",35039,83197.21,0,0
2022-09-01,01X,"NHS ST HELENS",35561,94660.22,0,0
2022-09-01,07H,"NHS WEST ESSEX",36253,102839.9,0,0
2022-09-01,09D,"NHS BRIGHTON AND HOVE",36534,122070.46,0,0
2022-09-01,03W,"NHS EAST LEICESTERSHIRE AND RUTLAND",39063,127254.24,0,0
2022-09-01,04C,"NHS LEICESTER CITY",39353,105214.42,0,0
2022-09-01,99C,"NHS NORTH TYNESIDE",40883,100418.16,0,0
2022-09-01,00T,"NHS BOLTON",42133,115766.77,0,0
2022-09-01,03L,"NHS ROTHERHAM",42726,111030.74,0,0
2022-09-01,05W,"NHS STOKE ON TRENT",43519,113903.04,0,0
2022-09-01,07K,"NHS WEST SUFFOLK",44454,109746.92,0,0
2022-09-01,14Y,"NHS BUCKINGHAMSHIRE",45103,157473.02,0,0
2022-09-01,02Y,"NHS EAST RIDING OF YORKSHIRE",45210,119836.31,0,0
2022-09-01,01W,"NHS STOCKPORT",46500,125627.06,0,0
2022-09-01,01G,"NHS SALFORD",46631,106491.04,0,0
2022-09-01,03F,"NHS HULL",47566,107046.34,0,0
2022-09-01,01K,"NHS MORECAMBE BAY",48995,143427.46,0,0
2022-09-01,15A,"NHS BERKSHIRE WEST",50194,185149.8,0,0
2022-09-01,02X,"NHS DONCASTER",50831,129964.22,0,0
2022-09-01,01H,"NHS NORTH CUMBRIA",51007,128780.5,0,0
2022-09-01,02H,"NHS WIGAN BOROUGH",52664,155093.09,0,0
2022-09-01,01A,"NHS EAST LANCASHIRE",53516,133511.54,0,0
2022-09-01,02P,"NHS BARNSLEY",54244,110504.3,0,0
2022-09-01,06N,"NHS HERTS VALLEYS",54345,158186.74,0,0
2022-09-01,04V,"NHS WEST LEICESTERSHIRE",54381,157398.31,0,0
2022-09-01,12F,"NHS WIRRAL",55396,147632.71,0,0
2022-09-01,06Q,"NHS MID ESSEX",56379,149807.69,0,0
2022-09-01,X2C4Y,"NHS KIRKLEES",56877,160229.64,0,0
2022-09-01,03R,"NHS WAKEFIELD",57366,161281.5,0,0
2022-09-01,M2L0M,"NHS SHROPSHIRE, TELFORD AND WREKIN",59272,189063.93,0,0
2022-09-01,06T,"NHS NORTH EAST ESSEX",60878,171483.22,0,0
2022-09-01,00L,"NHS NORTHUMBERLAND",61461,161636.95,0,0
2022-09-01,06L,"NHS IPSWICH AND EAST SUFFOLK",62446,172349.52,0,0
2022-09-01,06K,"NHS EAST AND NORTH HERTFORDSHIRE",68682,198801.95,0,0
2022-09-01,00P,"NHS SUNDERLAND",68851,142723.24,0,0
2022-09-01,11X,"NHS SOMERSET",69367,218899.89,0,0
2022-09-01,42D,"NHS NORTH YORKSHIRE",71967,192115.32,0,0
2022-09-01,97R,"NHS EAST SUSSEX",73930,262224.16,0,0
2022-09-01,10Q,"NHS OXFORDSHIRE",76384,248873.08,0,0
2022-09-01,36J,"NHS BRADFORD DISTRICT AND CRAVEN",78145,206424.02,0,0
2022-09-01,99A,"NHS LIVERPOOL",85804,230729.09,0,0
2022-09-01,14L,"NHS MANCHESTER",86319,219461.5,0,0
2022-09-01,03N,"NHS SHEFFIELD",87427,210502.47,0,0
2022-09-01,11M,"NHS GLOUCESTERSHIRE",90464,272642.96,0,0
2022-09-01,11N,"NHS CORNWALL AND THE ISLES OF SCILLY",92355,256246.27,0,0
2022-09-01,M1J4Y,"NHS BEDFORDSHIRE, LUTON AND MILTON KEYNES",94415,254605.04,0,0
2022-09-01,70F,"NHS WEST SUSSEX",97670,335399.85,0,0
2022-09-01,92A,"NHS SURREY HEARTLANDS",98329,386830.84,0,0
2022-09-01,15F,"NHS LEEDS",98798,265089.82,0,0
2022-09-01,18C,"NHS HEREFORDSHIRE AND WORCESTERSHIRE",99296,292742.76,0,0
2022-09-01,13T,"NHS NEWCASTLE GATESHEAD",99637,229229.5,0,0
2022-09-01,11J,"NHS DORSET",102014,334862.94,0,0
2022-09-01,15C,"NHS BRISTOL, NORTH SOMERSET AND SOUTH GLOUCESTERSHIRE",107912,321958.18,0,0
2022-09-01,27D,"NHS CHESHIRE",108084,270414.03,0,0
2022-09-01,78H,"NHS NORTHAMPTONSHIRE",109831,273126.14,0,0
2022-09-01,93C,"NHS NORTH CENTRAL LONDON",113121,354792.24,0,0
2022-09-01,B2M3M,"NHS COVENTRY AND WARWICKSHIRE",117038,341570.52,0,0
2022-09-01,92G,"NHS BATH AND NORTH EAST SOMERSET, SWINDON AND WILTSHIRE",118324,325245.47,0,0
2022-09-01,84H,"NHS COUNTY DURHAM",121839,274634.33,0,0
2022-09-01,36L,"NHS SOUTH WEST LONDON",122053,364170.17,0,0
2022-09-01,06H,"NHS CAMBRIDGESHIRE AND PETERBOROUGH",126189,315880.15,0,0
2022-09-01,72Q,"NHS SOUTH EAST LONDON",129063,402926.08,0,0
2022-09-01,16C,"NHS TEES VALLEY",131204,327752.74,0,0
2022-09-01,15E,"NHS BIRMINGHAM AND SOLIHULL",132515,385474.97,0,0
2022-09-01,52R,"NHS NOTTINGHAM AND NOTTINGHAMSHIRE",137860,395742.47,0,0
2022-09-01,71E,"NHS LINCOLNSHIRE",139358,383631.21,0,0
2022-09-01,D2P2L,"NHS BLACK COUNTRY",139840,403081.68,0,0
2022-09-01,15M,"NHS DERBY AND DERBYSHIRE",143664,414678.54,0,0
2022-09-01,W2U3Z,"NHS NORTH WEST LONDON",148666,428694.47,0,0
2022-09-01,A3A8R,"NHS NORTH EAST LONDON",154445,416666.35,0,0
2022-09-01,15N,"NHS DEVON",168989,510707.88,0,0
2022-09-01,26A,"NHS NORFOLK AND WAVENEY",182356,502903.13,0,0
2022-09-01,91Q,"NHS KENT AND MEDWAY",214077,697545.4,0,0
2022-09-01,D9Y0V,"NHS HAMPSHIRE, SOUTHAMPTON AND ISLE OF WIGHT",216154,753171.37,0,0
2022-10-01,09W,"NHS MEDWAY",0,0,0,0
2022-10-01,D4U1Y,"NHS FRIMLEY",4058,12637.14,0,0
2022-10-01,02G,"NHS WEST LANCASHIRE",14398,40044.39,0,0
2022-10-01,05D,"NHS EAST STAFFORDSHIRE",15899,40531.05,0,0
2022-10-01,05V,"NHS STAFFORD AND SURROUNDS",17768,47637.67,0,0
2022-10-01,01V,"NHS SOUTHPORT AND FORMBY",17812,50030.56,0,0
2022-10-01,04Y,"NHS CANNOCK CHASE",17865,48349.72,0,0
2022-10-01,07G,"NHS THURROCK",18046,44548.99,0,0
2022-10-01,99F,"NHS CASTLE POINT AND ROCHFORD",19070,59655.56,0,0
2022-10-01,02Q,"NHS BASSETLAW",19983,44432.46,0,0
2022-10-01,01F,"NHS HALTON",20226,53416.28,0,0
2022-10-01,00Q,"NHS BLACKBURN WITH DARWEN",21650,48419.5,0,0
2022-10-01,99G,"NHS SOUTHEND",21866,64834.99,0,0
2022-10-01,03H,"NHS NORTH EAST LINCOLNSHIRE",24035,51673.28,0,0
2022-10-01,00X,"NHS CHORLEY AND SOUTH RIBBLE",24807,69227.38,0,0
2022-10-01,05Q,"NHS SOUTH EAST STAFFORDSHIRE AND SEISDON PENINSULA",25238,64192.5,0,0
2022-10-01,01T,"NHS SOUTH SEFTON",25424,65034.34,0,0
2022-10-01,02E,"NHS WARRINGTON",26273,80948.52,0,0
2022-10-01,00V,"NHS BURY",26385,81381.83,0,0
2022-10-01,02M,"NHS FYLDE AND WYRE",27405,64262.8,0,0
2022-10-01,10R,"NHS PORTSMOUTH",27724,76128.98,0,0
2022-10-01,01J,"NHS KNOWSLEY",28377,68161.9,0,0
2022-10-01,03Q,"NHS VALE OF YORK",28390,66884.53,0,0
2022-10-01,01E,"NHS GREATER PRESTON",28452,65179.43,0,0
2022-10-01,99E,"NHS BASILDON AND BRENTWOOD",29409,89478.81,0,0
2022-10-01,03K,"NHS NORTH LINCOLNSHIRE",29763,71221.89,0,0
2022-10-01,05G,"NHS NORTH STAFFORDSHIRE",30640,80039.43,0,0
2022-10-01,U2G6B,"NHS THAMES VALLEY ICB - U2G6B",30839,99427.11,0,0
2022-10-01,02T,"NHS CALDERDALE",30893,73851.29,0,0
2022-10-01,02A,"NHS TRAFFORD",31376,80707.76,0,0
2022-10-01,00N,"NHS SOUTH TYNESIDE",31478,66218.66,0,0
2022-10-01,01D,"NHS HEYWOOD, MIDDLETON AND ROCHDALE",32139,81233.14,0,0
2022-10-01,00Y,"NHS OLDHAM",32526,79508.48,0,0
2022-10-01,01Y,"NHS TAMESIDE AND GLOSSOP",33352,79077.48,0,0
2022-10-01,00R,"NHS BLACKPOOL",34136,76358.69,0,0
2022-10-01,07H,"NHS WEST ESSEX",35272,89957.74,0,0
2022-10-01,01X,"NHS ST HELENS",35408,89263.79,0,0
2022-10-01,04C,"NHS LEICESTER CITY",38147,95265.73,0,0
2022-10-01,09D,"NHS BRIGHTON AND HOVE",38800,116488.68,0,0
2022-10-01,03W,"NHS EAST LEICESTERSHIRE AND RUTLAND",39764,118346.59,0,0
2022-10-01,99C,"NHS NORTH TYNESIDE",41078,92822.46,0,0
2022-10-01,00T,"NHS BOLTON",41194,100501.81,0,0
2022-10-01,05W,"NHS STOKE ON TRENT",42023,105223.57,0,0
2022-10-01,03L,"NHS ROTHERHAM",43367,101424.51,0,0
2022-10-01,07K,"NHS WEST SUFFOLK",44235,100547.74,0,0
2022-10-01,02Y,"NHS EAST RIDING OF YORKSHIRE",44597,112578.27,0,0
2022-10-01,01W,"NHS STOCKPORT",45520,112762.2,0,0
2022-10-01,01G,"NHS SALFORD",45881,95668.02,0,0
2022-10-01,14Y,"NHS BUCKINGHAMSHIRE",47533,161959.66,0,0
2022-10-01,03F,"NHS HULL",47647,95085.29,0,0
2022-10-01,01K,"NHS MORECAMBE BAY",49122,132234.82,0,0
2022-10-01,15A,"NHS BERKSHIRE WEST",49563,179246.66,0,0
2022-10-01,02H,"NHS WIGAN BOROUGH",50314,136051.99,0,0
2022-10-01,02X,"NHS DONCASTER",50568,117716.71,0,0
2022-10-01,01H,"NHS NORTH CUMBRIA",51000,125009.77,0,0
2022-10-01,02P,"NHS BARNSLEY",51851,101998.03,0,0
2022-10-01,04V,"NHS WEST LEICESTERSHIRE",52366,140619.97,0,0
2022-10-01,01A,"NHS EAST LANCASHIRE",52545,123829.95,0,0
2022-10-01,06N,"NHS HERTS VALLEYS",53828,152204.49,0,0
2022-10-01,06Q,"NHS MID ESSEX",55475,132866.16,0,0
2022-10-01,12F,"NHS WIRRAL",56105,139122.82,0,0
2022-10-01,03R,"NHS WAKEFIELD",56245,148996.8,0,0
2022-10-01,X2C4Y,"NHS KIRKLEES",57083,152961.57,0,0
2022-10-01,06T,"NHS NORTH EAST ESSEX",59741,154423.89,0,0
2022-10-01,M2L0M,"NHS SHROPSHIRE, TELFORD AND WREKIN",59929,175498.75,0,0
2022-10-01,00L,"NHS NORTHUMBERLAND",60397,147806.57,0,0
2022-10-01,06L,"NHS IPSWICH AND EAST SUFFOLK",61699,161522.72,0,0
2022-10-01,00P,"NHS SUNDERLAND",67199,126569.61,0,0
2022-10-01,06K,"NHS EAST AND NORTH HERTFORDSHIRE",68388,187527.94,0,0
2022-10-01,11X,"NHS SOMERSET",70487,208726.87,0,0
2022-10-01,97R,"NHS EAST SUSSEX",71622,237240.09,0,0
2022-10-01,42D,"NHS NORTH YORKSHIRE",73409,182869,0,0
2022-10-01,10Q,"NHS OXFORDSHIRE",76398,246884.13,0,0
2022-10-01,36J,"NHS BRADFORD DISTRICT AND CRAVEN",76528,184457.35,0,0
2022-10-01,99A,"NHS LIVERPOOL",84739,215797.93,0,0
2022-10-01,14L,"NHS MANCHESTER",86603,212169.99,0,0
2022-10-01,11N,"NHS CORNWALL AND THE ISLES OF SCILLY",88711,234364.83,0,0
2022-10-01,03N,"NHS SHEFFIELD",89658,199488.09,0,0
2022-10-01,11M,"NHS GLOUCESTERSHIRE",90671,246111.42,0,0
2022-10-01,M1J4Y,"NHS BEDFORDSHIRE, LUTON AND MILTON KEYNES",93779,241187.54,0,0
2022-10-01,13T,"NHS NEWCASTLE GATESHEAD",97516,209130.92,0,0
2022-10-01,15F,"NHS LEEDS",98263,250389.57,0,0
2022-10-01,92A,"NHS SURREY HEARTLANDS",98269,374092.92,0,0
2022-10-01,70F,"NHS WEST SUSSEX",98447,326913.21,0,0
2022-10-01,18C,"NHS HEREFORDSHIRE AND WORCESTERSHIRE",100282,281081.99,0,0
2022-10-01,11J,"NHS DORSET",100532,311322.14,0,0
2022-10-01,27D,"NHS CHESHIRE",105753,247195.36,0,0
2022-10-01,78H,"NHS NORTHAMPTONSHIRE",106480,241290.51,0,0
2022-10-01,15C,"NHS BRISTOL, NORTH SOMERSET AND SOUTH GLOUCESTERSHIRE",109610,298531.8,0,0
2022-10-01,93C,"NHS NORTH CENTRAL LONDON",113241,326901.09,0,0
2022-10-01,B2M3M,"NHS COVENTRY AND WARWICKSHIRE",117276,322335.08,0,0
2022-10-01,92G,"NHS BATH AND NORTH EAST SOMERSET, SWINDON AND WILTSHIRE",118215,310030.48,0,0
2022-10-01,84H,"NHS COUNTY DURHAM",120241,256388.03,0,0
2022-10-01,36L,"NHS SOUTH WEST LONDON",120377,345159.74,0,0
2022-10-01,06H,"NHS CAMBRIDGESHIRE AND PETERBOROUGH",123678,289706.17,0,0
2022-10-01,15E,"NHS BIRMINGHAM AND SOLIHULL",128362,347011.16,0,0
2022-10-01,72Q,"NHS SOUTH EAST LONDON",130947,392882.07,0,0
2022-10-01,16C,"NHS TEES VALLEY",134363,317896.5,0,0
2022-10-01,52R,"NHS NOTTINGHAM AND NOTTINGHAMSHIRE",136887,360299.01,0,0
2022-10-01,D2P2L,"NHS BLACK COUNTRY",136915,377212.08,0,0
2022-10-01,71E,"NHS LINCOLNSHIRE",137126,354770.84,0,0
2022-10-01,15M,"NHS DERBY AND DERBYSHIRE",140401,371207.13,0,0
2022-10-01,W2U3Z,"NHS NORTH WEST LONDON",148936,390497.77,0,0
2022-10-01,A3A8R,"NHS NORTH EAST LONDON",152703,385510.46,0,0
2022-10-01,15N,"NHS DEVON",168585,484557.62,0,0
2022-10-01,26A,"NHS NORFOLK AND WAVENEY",177747,453595.9,0,0
2022-10-01,91Q,"NHS KENT AND MEDWAY",213072,641735.37,0,0
2022-10-01,D9Y0V,"NHS HAMPSHIRE, SOUTHAMPTON AND ISLE OF WIGHT",214030,691487.78,0,0
2022-11-01,09W,"NHS MEDWAY",0,0,0,0
2022-11-01,D4U1Y,"NHS FRIMLEY",3963,11227.65,0,0
2022-11-01,02G,"NHS WEST LANCASHIRE",14711,37795.01,0,0
2022-11-01,05D,"NHS EAST STAFFORDSHIRE",17537,46931.59,0,0
2022-11-01,05V,"NHS STAFFORD AND SURROUNDS",18140,46373.39,0,0
2022-11-01,01V,"NHS SOUTHPORT AND FORMBY",18174,48613.8,0,0
2022-11-01,04Y,"NHS CANNOCK CHASE",18587,47788.97,0,0
2022-11-01,07G,"NHS THURROCK",18949,47687.7,0,0
2022-11-01,99F,"NHS CASTLE POINT AND ROCHFORD",20449,65569.08,0,0
2022-11-01,02Q,"NHS BASSETLAW",20804,44595.82,0,0
2022-11-01,01F,"NHS HALTON",21510,54087.03,0,0
2022-11-01,99G,"NHS SOUTHEND",22473,63420.01,0,0
2022-11-01,00Q,"NHS BLACKBURN WITH DARWEN",23610,50387.82,0,0
2022-11-01,00X,"NHS CHORLEY AND SOUTH RIBBLE",24810,65664.02,0,0
2022-11-01,03H,"NHS NORTH EAST LINCOLNSHIRE",24982,50437.79,0,0
2022-11-01,01T,"NHS SOUTH SEFTON",26105,62999.67,0,0
2022-11-01,00V,"NHS BURY",26338,76394.19,0,0
2022-11-01,05Q,"NHS SOUTH EAST STAFFORDSHIRE AND SEISDON PENINSULA",26616,68494.37,0,0
2022-11-01,02E,"NHS WARRINGTON",27371,79621.85,0,0
2022-11-01,99E,"NHS BASILDON AND BRENTWOOD",28625,82916.57,0,0
2022-11-01,10R,"NHS PORTSMOUTH",28635,78308.97,0,0
2022-11-01,01J,"NHS KNOWSLEY",28886,66536.68,0,0
2022-11-01,03Q,"NHS VALE OF YORK",29142,67658.78,0,0
2022-11-01,03K,"NHS NORTH LINCOLNSHIRE",29164,67625.9,0,0
2022-11-01,01E,"NHS GREATER PRESTON",29439,66019.67,0,0
2022-11-01,U2G6B,"NHS THAMES VALLEY ICB - U2G6B",31133,95208.4,0,0
2022-11-01,02T,"NHS CALDERDALE",31342,71915.25,0,0
2022-11-01,02M,"NHS FYLDE AND WYRE",31501,71901.46,0,0
2022-11-01,05G,"NHS NORTH STAFFORDSHIRE",31831,78429.39,0,0
2022-11-01,02A,"NHS TRAFFORD",32167,86234.97,0,0
2022-11-01,01D,"NHS HEYWOOD, MIDDLETON AND ROCHDALE",32453,80117.5,0,0
2022-11-01,00Y,"NHS OLDHAM",32865,78674.04,0,0
2022-11-01,00N,"NHS SOUTH TYNESIDE",34707,69306.78,0,0
2022-11-01,01Y,"NHS TAMESIDE AND GLOSSOP",35500,75348.57,0,0
2022-11-01,01X,"NHS ST HELENS",35652,85866.53,0,0
2022-11-01,00R,"NHS BLACKPOOL",36081,78377.17,0,0
2022-11-01,07H,"NHS WEST ESSEX",37247,93949.21,0,0
2022-11-01,04C,"NHS LEICESTER CITY",38901,93274.12,0,0
2022-11-01,09D,"NHS BRIGHTON AND HOVE",39420,117240.87,0,0
2022-11-01,03W,"NHS EAST LEICESTERSHIRE AND RUTLAND",40451,115569.82,0,0
2022-11-01,99C,"NHS NORTH TYNESIDE",41161,88393.82,0,0
2022-11-01,00T,"NHS BOLTON",41449,99721.61,0,0
2022-11-01,03L,"NHS ROTHERHAM",43529,98395.42,0,0
2022-11-01,05W,"NHS STOKE ON TRENT",45578,108421.49,0,0
2022-11-01,14Y,"NHS BUCKINGHAMSHIRE",45592,143357.57,0,0
2022-11-01,02Y,"NHS EAST RIDING OF YORKSHIRE",45756,109568.02,0,0
2022-11-01,07K,"NHS WEST SUFFOLK",46061,100527.63,0,0
2022-11-01,01W,"NHS STOCKPORT",46383,110539.01,0,0
2022-11-01,01G,"NHS SALFORD",48120,96935.77,0,0
2022-11-01,03F,"NHS HULL",49252,98348.4,0,0
2022-11-01,15A,"NHS BERKSHIRE WEST",49577,153356.57,0,0
2022-11-01,01K,"NHS MORECAMBE BAY",49747,126510.84,0,0
2022-11-01,01H,"NHS NORTH CUMBRIA",50875,116216.59,0,0
2022-11-01,02X,"NHS DONCASTER",51618,114140.28,0,0
2022-11-01,02H,"NHS WIGAN BOROUGH",51644,134852.61,0,0
2022-11-01,02P,"NHS BARNSLEY",52999,99958.8,0,0
2022-11-01,01A,"NHS EAST LANCASHIRE",54208,122907.55,0,0
2022-11-01,04V,"NHS WEST LEICESTERSHIRE",54627,141431.77,0,0
2022-11-01,06N,"NHS HERTS VALLEYS",55669,142841.12,0,0
2022-11-01,06Q,"NHS MID ESSEX",55930,132087.51,0,0
2022-11-01,03R,"NHS WAKEFIELD",57119,145756.69,0,0
2022-11-01,12F,"NHS WIRRAL",57825,137151.39,0,0
2022-11-01,M2L0M,"NHS SHROPSHIRE, TELFORD AND WREKIN",59384,170354.11,0,0
2022-11-01,X2C4Y,"NHS KIRKLEES",59824,150783.94,0,0
2022-11-01,06T,"NHS NORTH EAST ESSEX",61456,150631.29,0,0
2022-11-01,00L,"NHS NORTHUMBERLAND",61798,139393.88,0,0
2022-11-01,06L,"NHS IPSWICH AND EAST SUFFOLK",62941,160219.3,0,0
2022-11-01,00P,"NHS SUNDERLAND",68958,126909.46,0,0
2022-11-01,06K,"NHS EAST AND NORTH HERTFORDSHIRE",69138,184834.37,0,0
2022-11-01,11X,"NHS SOMERSET",71026,196493.34,0,0
2022-11-01,42D,"NHS NORTH YORKSHIRE",73325,176739.82,0,0
2022-11-01,97R,"NHS EAST SUSSEX",74078,239844.61,0,0
2022-11-01,36J,"NHS BRADFORD DISTRICT AND CRAVEN",78161,188305.87,0,0
2022-11-01,10Q,"NHS OXFORDSHIRE",79170,229627.29,0,0
2022-11-01,99A,"NHS LIVERPOOL",86120,211697.1,0,0
2022-11-01,14L,"NHS MANCHESTER",86293,201463.44,0,0
2022-11-01,03N,"NHS SHEFFIELD",92156,200619.29,0,0
2022-11-01,11N,"NHS CORNWALL AND THE ISLES OF SCILLY",92664,233619.45,0,0
2022-11-01,11M,"NHS GLOUCESTERSHIRE",92866,255281.65,0,0
2022-11-01,M1J4Y,"NHS BEDFORDSHIRE, LUTON AND MILTON KEYNES",96426,236802.29,0,0
2022-11-01,70F,"NHS WEST SUSSEX",99762,314625.76,0,0
2022-11-01,92A,"NHS SURREY HEARTLANDS",100168,356516.07,0,0
2022-11-01,13T,"NHS NEWCASTLE GATESHEAD",100483,203039.6,0,0
2022-11-01,15F,"NHS LEEDS",101645,244950.41,0,0
2022-11-01,18C,"NHS HEREFORDSHIRE AND WORCESTERSHIRE",103478,278481,0,0
2022-11-01,11J,"NHS DORSET",103681,307311.74,0,0
2022-11-01,27D,"NHS CHESHIRE",108156,239983.24,0,0
2022-11-01,15C,"NHS BRISTOL, NORTH SOMERSET AND SOUTH GLOUCESTERSHIRE",110806,288511.95,0,0
2022-11-01,78H,"NHS NORTHAMPTONSHIRE",111283,247357.8,0,0
2022-11-01,93C,"NHS NORTH CENTRAL LONDON",115568,321218.68,0,0
2022-11-01,B2M3M,"NHS COVENTRY AND WARWICKSHIRE",120371,314657.52,0,0
2022-11-01,92G,"NHS BATH AND NORTH EAST SOMERSET, SWINDON AND WILTSHIRE",121722,309959.77,0,0
2022-11-01,36L,"NHS SOUTH WEST LONDON",122062,337863.89,0,0
2022-11-01,84H,"NHS COUNTY DURHAM",125433,258012.52,0,0
2022-11-01,06H,"NHS CAMBRIDGESHIRE AND PETERBOROUGH",126347,290147.05,0,0
2022-11-01,72Q,"NHS SOUTH EAST LONDON",132300,370222.84,0,0
2022-11-01,15E,"NHS BIRMINGHAM AND SOLIHULL",133240,350246.25,0,0
2022-11-01,16C,"NHS TEES VALLEY",134386,293936.28,0,0
2022-11-01,52R,"NHS NOTTINGHAM AND NOTTINGHAMSHIRE",139571,353622,0,0
2022-11-01,71E,"NHS LINCOLNSHIRE",141019,350570.53,0,0
2022-11-01,D2P2L,"NHS BLACK COUNTRY",142884,377248.14,0,0
2022-11-01,15M,"NHS DERBY AND DERBYSHIRE",146792,371210.17,0,0
2022-11-01,W2U3Z,"NHS NORTH WEST LONDON",152224,397389.59,0,0
2022-11-01,A3A8R,"NHS NORTH EAST LONDON",152596,377927.25,0,0
2022-11-01,15N,"NHS DEVON",174448,484792.18,0,0
2022-11-01,26A,"NHS NORFOLK AND WAVENEY",185146,450735.02,0,0
2022-11-01,91Q,"NHS KENT AND MEDWAY",218190,642444.3,0,0
2022-11-01,D9Y0V,"NHS HAMPSHIRE, SOUTHAMPTON AND ISLE OF WIGHT",220350,692424.7,0,0
2022-12-01,09W,"NHS MEDWAY",0,0,0,0
2022-12-01,D4U1Y,"NHS FRIMLEY",4028,12877.96,0,0
2022-12-01,02G,"NHS WEST LANCASHIRE",15108,40268.64,0,0
2022-12-01,05D,"NHS EAST STAFFORDSHIRE",17074,47350.15,0,0
2022-12-01,07G,"NHS THURROCK",18192,43225.52,0,0
2022-12-01,04Y,"NHS CANNOCK CHASE",18484,49887.03,0,0
2022-12-01,05V,"NHS STAFFORD AND SURROUNDS",18524,47909.44,0,0
2022-12-01,01V,"NHS SOUTHPORT AND FORMBY",18750,52775.4,0,0
2022-12-01,99F,"NHS CASTLE POINT AND ROCHFORD",20266,62598.41,0,0
2022-12-01,01F,"NHS HALTON",21279,56519.43,0,0
2022-12-01,02Q,"NHS BASSETLAW",21427,47610.42,0,0
2022-12-01,99G,"NHS SOUTHEND",23058,69675.48,0,0
2022-12-01,00Q,"NHS BLACKBURN WITH DARWEN",23082,51525.78,0,0
2022-12-01,00X,"NHS CHORLEY AND SOUTH RIBBLE",25359,69410.57,0,0
2022-12-01,03H,"NHS NORTH EAST LINCOLNSHIRE",26235,54596.44,0,0
2022-12-01,00V,"NHS BURY",26348,80784.51,0,0
2022-12-01,01T,"NHS SOUTH SEFTON",26539,73254.07,0,0
2022-12-01,05Q,"NHS SOUTH EAST STAFFORDSHIRE AND SEISDON PENINSULA",26957,70245.35,0,0
2022-12-01,10R,"NHS PORTSMOUTH",27492,75225.62,0,0
2022-12-01,02E,"NHS WARRINGTON",28185,87247.37,0,0
2022-12-01,01E,"NHS GREATER PRESTON",28235,63516.28,0,0
2022-12-01,99E,"NHS BASILDON AND BRENTWOOD",28491,86636.2,0,0
2022-12-01,01J,"NHS KNOWSLEY",28881,68101.32,0,0
2022-12-01,03Q,"NHS VALE OF YORK",29249,71495.59,0,0
2022-12-01,03K,"NHS NORTH LINCOLNSHIRE",30215,70646.84,0,0
2022-12-01,02M,"NHS FYLDE AND WYRE",30916,72953.84,0,0
2022-12-01,02T,"NHS CALDERDALE",31387,76226.8,0,0
2022-12-01,05G,"NHS NORTH STAFFORDSHIRE",31861,82645.74,0,0
2022-12-01,U2G6B,"NHS THAMES VALLEY ICB - U2G6B",31954,107782.39,0,0
2022-12-01,02A,"NHS TRAFFORD",31958,85023.37,0,0
2022-12-01,01D,"NHS HEYWOOD, MIDDLETON AND ROCHDALE",32908,88546.49,0,0
2022-12-01,00Y,"NHS OLDHAM",33032,82451.96,0,0
2022-12-01,00N,"NHS SOUTH TYNESIDE",33410,70225.25,0,0
2022-12-01,01Y,"NHS TAMESIDE AND GLOSSOP",34166,71076.43,0,0
2022-12-01,00R,"NHS BLACKPOOL",35831,82225.11,0,0
2022-12-01,07H,"NHS WEST ESSEX",35944,93327.84,0,0
2022-12-01,01X,"NHS ST HELENS",37942,95427.73,0,0
2022-12-01,09D,"NHS BRIGHTON AND HOVE",38828,116978.12,0,0
2022-12-01,04C,"NHS LEICESTER CITY",40049,95300.66,0,0
2022-12-01,03W,"NHS EAST LEICESTERSHIRE AND RUTLAND",40513,116680.52,0,0
2022-12-01,99C,"NHS NORTH TYNESIDE",41086,94379.46,0,0
2022-12-01,00T,"NHS BOLTON",41857,107624.68,0,0
2022-12-01,05W,"NHS STOKE ON TRENT",43684,104869.41,0,0
2022-12-01,03L,"NHS ROTHERHAM",44175,103843.15,0,0
2022-12-01,07K,"NHS WEST SUFFOLK",45516,102243.03,0,0
2022-12-01,02Y,"NHS EAST RIDING OF YORKSHIRE",46106,110076.24,0,0
2022-12-01,01W,"NHS STOCKPORT",46784,114660,0,0
2022-12-01,14Y,"NHS BUCKINGHAMSHIRE",47063,158428.54,0,0
2022-12-01,01G,"NHS SALFORD",47652,101862.88,0,0
2022-12-01,03F,"NHS HULL",48316,96439.98,0,0
2022-12-01,01K,"NHS MORECAMBE BAY",51078,137924.8,0,0
2022-12-01,15A,"NHS BERKSHIRE WEST",51289,177230.7,0,0
2022-12-01,01H,"NHS NORTH CUMBRIA",51502,123222.41,0,0
2022-12-01,02H,"NHS WIGAN BOROUGH",52033,145699.13,0,0
2022-12-01,02X,"NHS DONCASTER",52602,125981.27,0,0
2022-12-01,01A,"NHS EAST LANCASHIRE",54071,124108.29,0,0
2022-12-01,02P,"NHS BARNSLEY",54244,104921.13,0,0
2022-12-01,04V,"NHS WEST LEICESTERSHIRE",55183,148699.6,0,0
2022-12-01,06N,"NHS HERTS VALLEYS",55245,153729.29,0,0
2022-12-01,06Q,"NHS MID ESSEX",56568,132734.4,0,0
2022-12-01,03R,"NHS WAKEFIELD",56601,151656.1,0,0
2022-12-01,12F,"NHS WIRRAL",57634,140830.56,0,0
2022-12-01,X2C4Y,"NHS KIRKLEES",58259,151852.73,0,0
2022-12-01,06T,"NHS NORTH EAST ESSEX",61570,156067.7,0,0
2022-12-01,00L,"NHS NORTHUMBERLAND",62233,149377.76,0,0
2022-12-01,M2L0M,"NHS SHROPSHIRE, TELFORD AND WREKIN",62738,181708.34,0,0
2022-12-01,06L,"NHS IPSWICH AND EAST SUFFOLK",63491,162615.08,0,0
2022-12-01,06K,"NHS EAST AND NORTH HERTFORDSHIRE",68240,188335.93,0,0
2022-12-01,00P,"NHS SUNDERLAND",69048,134849.66,0,0
2022-12-01,11X,"NHS SOMERSET",70091,205719,0,0
2022-12-01,97R,"NHS EAST SUSSEX",73336,236082.63,0,0
2022-12-01,42D,"NHS NORTH YORKSHIRE",74223,181402.42,0,0
2022-12-01,10Q,"NHS OXFORDSHIRE",77099,246132.4,0,0
2022-12-01,36J,"NHS BRADFORD DISTRICT AND CRAVEN",79774,196396.94,0,0
2022-12-01,99A,"NHS LIVERPOOL",87073,216738.73,0,0
2022-12-01,14L,"NHS MANCHESTER",87232,210719.32,0,0
2022-12-01,11M,"NHS GLOUCESTERSHIRE",90289,248458.54,0,0
2022-12-01,03N,"NHS SHEFFIELD",90536,207055.49,0,0
2022-12-01,11N,"NHS CORNWALL AND THE ISLES OF SCILLY",93211,238622.72,0,0
2022-12-01,M1J4Y,"NHS BEDFORDSHIRE, LUTON AND MILTON KEYNES",94874,246187.51,0,0
2022-12-01,70F,"NHS WEST SUSSEX",98020,327272.82,0,0
2022-12-01,15F,"NHS LEEDS",99013,247112.56,0,0
2022-12-01,92A,"NHS SURREY HEARTLANDS",99824,365417.89,0,0
2022-12-01,18C,"NHS HEREFORDSHIRE AND WORCESTERSHIRE",102150,277389.28,0,0
2022-12-01,13T,"NHS NEWCASTLE GATESHEAD",102335,226011.98,0,0
2022-12-01,11J,"NHS DORSET",103368,320054.3,0,0
2022-12-01,15C,"NHS BRISTOL, NORTH SOMERSET AND SOUTH GLOUCESTERSHIRE",107540,296051.13,0,0
2022-12-01,78H,"NHS NORTHAMPTONSHIRE",109375,247369.62,0,0
2022-12-01,27D,"NHS CHESHIRE",109545,253783.3,0,0
2022-12-01,93C,"NHS NORTH CENTRAL LONDON",114087,330427.24,0,0
2022-12-01,B2M3M,"NHS COVENTRY AND WARWICKSHIRE",119297,318191.36,0,0
2022-12-01,92G,"NHS BATH AND NORTH EAST SOMERSET, SWINDON AND WILTSHIRE",119572,308466.16,0,0
2022-12-01,36L,"NHS SOUTH WEST LONDON",121929,347393.18,0,0
2022-12-01,84H,"NHS COUNTY DURHAM",124682,274646.55,0,0
2022-12-01,06H,"NHS CAMBRIDGESHIRE AND PETERBOROUGH",125168,292749.19,0,0
2022-12-01,15E,"NHS BIRMINGHAM AND SOLIHULL",130664,346980.63,0,0
2022-12-01,72Q,"NHS SOUTH EAST LONDON",130817,381985.8,0,0
2022-12-01,16C,"NHS TEES VALLEY",132661,315167.81,0,0
2022-12-01,D2P2L,"NHS BLACK COUNTRY",140336,378899.51,0,0
2022-12-01,71E,"NHS LINCOLNSHIRE",140484,365528.43,0,0
2022-12-01,52R,"NHS NOTTINGHAM AND NOTTINGHAMSHIRE",141355,376994.85,0,0
2022-12-01,15M,"NHS DERBY AND DERBYSHIRE",146061,384070.93,0,0
2022-12-01,W2U3Z,"NHS NORTH WEST LONDON",152093,408782.41,0,0
2022-12-01,A3A8R,"NHS NORTH EAST LONDON",153612,381697.26,0,0
2022-12-01,15N,"NHS DEVON",172150,475018.62,0,0
2022-12-01,26A,"NHS NORFOLK AND WAVENEY",185743,467980.02,0,0
2022-12-01,91Q,"NHS KENT AND MEDWAY",218383,643090.04,0,0
2022-12-01,D9Y0V,"NHS HAMPSHIRE, SOUTHAMPTON AND ISLE OF WIGHT",220280,719170.34,0,0
2023-01-01,09W,"NHS MEDWAY",0,0,0,0
2023-01-01,D4U1Y,"NHS FRIMLEY",3957,12155.02,0,0
2023-01-01,02G,"NHS WEST LANCASHIRE",14510,40300.17,0,0
2023-01-01,05D,"NHS EAST STAFFORDSHIRE",16686,41732.36,0,0
2023-01-01,01V,"NHS SOUTHPORT AND FORMBY",18039,50599.66,0,0
2023-01-01,05V,"NHS STAFFORD AND SURROUNDS",18515,49499.06,0,0
2023-01-01,04Y,"NHS CANNOCK CHASE",18553,51008.9,0,0
2023-01-01,07G,"NHS THURROCK",18849,47833.94,0,0
2023-01-01,99F,"NHS CASTLE POINT AND ROCHFORD",20553,66706.27,0,0
2023-01-01,02Q,"NHS BASSETLAW",20928,47118.77,0,0
2023-01-01,01F,"NHS HALTON",21335,56514.78,0,0
2023-01-01,99G,"NHS SOUTHEND",22760,67859.85,0,0
2023-01-01,00Q,"NHS BLACKBURN WITH DARWEN",23288,53930.7,0,0
2023-01-01,00X,"NHS CHORLEY AND SOUTH RIBBLE",25091,68627.07,0,0
2023-01-01,01T,"NHS SOUTH SEFTON",25719,67241.48,0,0
2023-01-01,03H,"NHS NORTH EAST LINCOLNSHIRE",25960,54010.38,0,0
2023-01-01,05Q,"NHS SOUTH EAST STAFFORDSHIRE AND SEISDON PENINSULA",26454,69074.27,0,0
2023-01-01,00V,"NHS BURY",26556,81544.3,0,0
2023-01-01,02E,"NHS WARRINGTON",28157,89844.47,0,0
2023-01-01,03Q,"NHS VALE OF YORK",28678,69240.12,0,0
2023-01-01,10R,"NHS PORTSMOUTH",28984,84783.04,0,0
2023-01-01,99E,"NHS BASILDON AND BRENTWOOD",29141,88683.65,0,0
2023-01-01,03K,"NHS NORTH LINCOLNSHIRE",29530,71801.71,0,0
2023-01-01,01J,"NHS KNOWSLEY",29657,71807.76,0,0
2023-01-01,01E,"NHS GREATER PRESTON",29863,68528.6,0,0
2023-01-01,02M,"NHS FYLDE AND WYRE",30098,71018.48,0,0
2023-01-01,U2G6B,"NHS THAMES VALLEY ICB - U2G6B",31297,96205.24,0,0
2023-01-01,05G,"NHS NORTH STAFFORDSHIRE",31683,81239.44,0,0
2023-01-01,02A,"NHS TRAFFORD",32397,90235.36,0,0
2023-01-01,02T,"NHS CALDERDALE",32403,76541.25,0,0
2023-01-01,00N,"NHS SOUTH TYNESIDE",33174,71561.8,0,0
2023-01-01,00Y,"NHS OLDHAM",33359,79189.98,0,0
2023-01-01,01D,"NHS HEYWOOD, MIDDLETON AND ROCHDALE",33599,85835.81,0,0
2023-01-01,00R,"NHS BLACKPOOL",35794,80161.17,0,0
2023-01-01,01X,"NHS ST HELENS",36029,89984.66,0,0
2023-01-01,01Y,"NHS TAMESIDE AND GLOSSOP",36211,82941,0,0
2023-01-01,07H,"NHS WEST ESSEX",36474,99708.7,0,0
2023-01-01,09D,"NHS BRIGHTON AND HOVE",38997,122633.58,0,0
2023-01-01,04C,"NHS LEICESTER CITY",39398,97944.15,0,0
2023-01-01,03W,"NHS EAST LEICESTERSHIRE AND RUTLAND",40181,120634.47,0,0
2023-01-01,00T,"NHS BOLTON",42091,101091.21,0,0
2023-01-01,99C,"NHS NORTH TYNESIDE",43843,96628.73,0,0
2023-01-01,03L,"NHS ROTHERHAM",44698,106248.32,0,0
2023-01-01,05W,"NHS STOKE ON TRENT",44949,109134.23,0,0
2023-01-01,02Y,"NHS EAST RIDING OF YORKSHIRE",45544,110310.56,0,0
2023-01-01,14Y,"NHS BUCKINGHAMSHIRE",46275,157646.07,0,0
2023-01-01,07K,"NHS WEST SUFFOLK",46555,109934.29,0,0
2023-01-01,01W,"NHS STOCKPORT",47037,118152.78,0,0
2023-01-01,01G,"NHS SALFORD",48062,101699.88,0,0
2023-01-01,03F,"NHS HULL",48229,99079.26,0,0
2023-01-01,01K,"NHS MORECAMBE BAY",49811,138645.13,0,0
2023-01-01,15A,"NHS BERKSHIRE WEST",51123,181657.44,0,0
2023-01-01,02X,"NHS DONCASTER",51989,119310.58,0,0
2023-01-01,01H,"NHS NORTH CUMBRIA",52103,130456.61,0,0
2023-01-01,02H,"NHS WIGAN BOROUGH",52635,141403.36,0,0
2023-01-01,04V,"NHS WEST LEICESTERSHIRE",53787,145421.75,0,0
2023-01-01,01A,"NHS EAST LANCASHIRE",53796,126416.5,0,0
2023-01-01,02P,"NHS BARNSLEY",54377,109402.88,0,0
2023-01-01,06N,"NHS HERTS VALLEYS",55428,147238.95,0,0
2023-01-01,12F,"NHS WIRRAL",55751,143201.23,0,0
2023-01-01,06Q,"NHS MID ESSEX",57090,137394.82,0,0
2023-01-01,03R,"NHS WAKEFIELD",57760,156663.78,0,0
2023-01-01,X2C4Y,"NHS KIRKLEES",58119,152696.23,0,0
2023-01-01,M2L0M,"NHS SHROPSHIRE, TELFORD AND WREKIN",61261,180903.04,0,0
2023-01-01,06T,"NHS NORTH EAST ESSEX",61438,155494.09,0,0
2023-01-01,00L,"NHS NORTHUMBERLAND",62029,154010.54,0,0
2023-01-01,06L,"NHS IPSWICH AND EAST SUFFOLK",64665,167493.06,0,0
2023-01-01,00P,"NHS SUNDERLAND",70079,132367.86,0,0
2023-01-01,06K,"NHS EAST AND NORTH HERTFORDSHIRE",70308,192037.33,0,0
2023-01-01,11X,"NHS SOMERSET",71550,210202.89,0,0
2023-01-01,97R,"NHS EAST SUSSEX",73487,240216.99,0,0
2023-01-01,42D,"NHS NORTH YORKSHIRE",74032,186035.72,0,0
2023-01-01,10Q,"NHS OXFORDSHIRE",79022,247388.98,0,0
2023-01-01,36J,"NHS BRADFORD DISTRICT AND CRAVEN",79421,198561.83,0,0
2023-01-01,99A,"NHS LIVERPOOL",87178,224148.16,0,0
2023-01-01,14L,"NHS MANCHESTER",88736,214436.87,0,0
2023-01-01,03N,"NHS SHEFFIELD",91609,203428.2,0,0
2023-01-01,11M,"NHS GLOUCESTERSHIRE",91996,256928.15,0,0
2023-01-01,11N,"NHS CORNWALL AND THE ISLES OF SCILLY",93298,247196.93,0,0
2023-01-01,M1J4Y,"NHS BEDFORDSHIRE, LUTON AND MILTON KEYNES",97185,255709.04,0,0
2023-01-01,13T,"NHS NEWCASTLE GATESHEAD",100333,215910.36,0,0
2023-01-01,70F,"NHS WEST SUSSEX",101475,338938.25,0,0
2023-01-01,92A,"NHS SURREY HEARTLANDS",101485,385083.71,0,0
2023-01-01,18C,"NHS HEREFORDSHIRE AND WORCESTERSHIRE",102052,284995.19,0,0
2023-01-01,11J,"NHS DORSET",103518,325680.46,0,0
2023-01-01,15F,"NHS LEEDS",103655,276280.88,0,0
2023-01-01,27D,"NHS CHESHIRE",109278,256258.17,0,0
2023-01-01,15C,"NHS BRISTOL, NORTH SOMERSET AND SOUTH GLOUCESTERSHIRE",109775,302955.21,0,0
2023-01-01,78H,"NHS NORTHAMPTONSHIRE",110942,255626.16,0,0
2023-01-01,93C,"NHS NORTH CENTRAL LONDON",115697,345108.32,0,0
2023-01-01,B2M3M,"NHS COVENTRY AND WARWICKSHIRE",119712,322878.46,0,0
2023-01-01,36L,"NHS SOUTH WEST LONDON",120523,349929.33,0,0
2023-01-01,92G,"NHS BATH AND NORTH EAST SOMERSET, SWINDON AND WILTSHIRE",120621,313649.88,0,0
2023-01-01,84H,"NHS COUNTY DURHAM",122814,266951.57,0,0
2023-01-01,06H,"NHS CAMBRIDGESHIRE AND PETERBOROUGH",127973,307061.23,0,0
2023-01-01,72Q,"NHS SOUTH EAST LONDON",133585,394170.9,0,0
2023-01-01,15E,"NHS BIRMINGHAM AND SOLIHULL",136281,371346.22,0,0
2023-01-01,16C,"NHS TEES VALLEY",136812,322365.66,0,0
2023-01-01,71E,"NHS LINCOLNSHIRE",141287,362694.7,0,0
2023-01-01,52R,"NHS NOTTINGHAM AND NOTTINGHAMSHIRE",142586,373907.58,0,0
2023-01-01,D2P2L,"NHS BLACK COUNTRY",143223,389005.17,0,0
2023-01-01,15M,"NHS DERBY AND DERBYSHIRE",146648,392349.15,0,0
2023-01-01,W2U3Z,"NHS NORTH WEST LONDON",152972,411969.19,0,0
2023-01-01,A3A8R,"NHS NORTH EAST LONDON",158231,411906.84,0,0
2023-01-01,15N,"NHS DEVON",172646,487851.43,0,0
2023-01-01,26A,"NHS NORFOLK AND WAVENEY",182901,467392.28,0,0
2023-01-01,91Q,"NHS KENT AND MEDWAY",218065,661994.59,0,0
2023-01-01,D9Y0V,"NHS HAMPSHIRE, SOUTHAMPTON AND ISLE OF WIGHT",222179,728243.2,0,0
2023-02-01,09W,"NHS MEDWAY",0,0,0,0
2023-02-01,D4U1Y,"NHS FRIMLEY",3823,11762.62,0,0
2023-02-01,02G,"NHS WEST LANCASHIRE",13745,36981.51,0,0
2023-02-01,05D,"NHS EAST STAFFORDSHIRE",15850,43221.9,0,0
2023-02-01,01V,"NHS SOUTHPORT AND FORMBY",16894,45248.27,0,0
2023-02-01,05V,"NHS STAFFORD AND SURROUNDS",17137,44071.82,0,0
2023-02-01,04Y,"NHS CANNOCK CHASE",17210,44136,0,0
2023-02-01,07G,"NHS THURROCK",17303,41902.12,0,0
2023-02-01,99F,"NHS CASTLE POINT AND ROCHFORD",19136,59581.07,0,0
2023-02-01,02Q,"NHS BASSETLAW",19224,39466.04,0,0
2023-02-01,01F,"NHS HALTON",20159,52073.78,0,0
2023-02-01,00Q,"NHS BLACKBURN WITH DARWEN",20869,46421.66,0,0
2023-02-01,99G,"NHS SOUTHEND",21088,61218.45,0,0
2023-02-01,03H,"NHS NORTH EAST LINCOLNSHIRE",23197,47974.06,0,0
2023-02-01,00X,"NHS CHORLEY AND SOUTH RIBBLE",23214,62309.83,0,0
2023-02-01,05Q,"NHS SOUTH EAST STAFFORDSHIRE AND SEISDON PENINSULA",24094,61139.41,0,0
2023-02-01,00V,"NHS BURY",24337,75462.99,0,0
2023-02-01,01T,"NHS SOUTH SEFTON",24621,60871.09,0,0
2023-02-01,02E,"NHS WARRINGTON",25387,75089.03,0,0
2023-02-01,03Q,"NHS VALE OF YORK",26415,62909.64,0,0
2023-02-01,10R,"NHS PORTSMOUTH",26496,72174.6,0,0
2023-02-01,01E,"NHS GREATER PRESTON",27134,59724.26,0,0
2023-02-01,03K,"NHS NORTH LINCOLNSHIRE",27185,64942.44,0,0
2023-02-01,01J,"NHS KNOWSLEY",27236,64377.45,0,0
2023-02-01,99E,"NHS BASILDON AND BRENTWOOD",27560,82840.56,0,0
2023-02-01,02M,"NHS FYLDE AND WYRE",28782,65391.4,0,0
2023-02-01,05G,"NHS NORTH STAFFORDSHIRE",29293,72499.97,0,0
2023-02-01,02T,"NHS CALDERDALE",29425,65323.67,0,0
2023-02-01,U2G6B,"NHS THAMES VALLEY ICB - U2G6B",29561,96561.38,0,0
2023-02-01,00Y,"NHS OLDHAM",30022,72018.82,0,0
2023-02-01,02A,"NHS TRAFFORD",30111,83503.31,0,0
2023-02-01,00N,"NHS SOUTH TYNESIDE",30406,61954.09,0,0
2023-02-01,01D,"NHS HEYWOOD, MIDDLETON AND ROCHDALE",31120,77972.43,0,0
2023-02-01,01Y,"NHS TAMESIDE AND GLOSSOP",32141,68102.55,0,0
2023-02-01,00R,"NHS BLACKPOOL",32647,74567.58,0,0
2023-02-01,01X,"NHS ST HELENS",33542,83464.95,0,0
2023-02-01,07H,"NHS WEST ESSEX",33971,87925.79,0,0
2023-02-01,09D,"NHS BRIGHTON AND HOVE",36540,112757.53,0,0
2023-02-01,04C,"NHS LEICESTER CITY",36836,87130.93,0,0
2023-02-01,03W,"NHS EAST LEICESTERSHIRE AND RUTLAND",38139,110007.97,0,0
2023-02-01,99C,"NHS NORTH TYNESIDE",38760,84455.22,0,0
2023-02-01,00T,"NHS BOLTON",38975,94290.32,0,0
2023-02-01,03L,"NHS ROTHERHAM",40663,90900.32,0,0
2023-02-01,05W,"NHS STOKE ON TRENT",41477,97169.39,0,0
2023-02-01,02Y,"NHS EAST RIDING OF YORKSHIRE",42486,102381.68,0,0
2023-02-01,14Y,"NHS BUCKINGHAMSHIRE",42527,137214.48,0,0
2023-02-01,07K,"NHS WEST SUFFOLK",42704,98049.94,0,0
2023-02-01,01W,"NHS STOCKPORT",43215,104976.75,0,0
2023-02-01,01G,"NHS SALFORD",44620,91595.15,0,0
2023-02-01,03F,"NHS HULL",45439,89044.65,0,0
2023-02-01,01K,"NHS MORECAMBE BAY",45893,119999.78,0,0
2023-02-01,15A,"NHS BERKSHIRE WEST",46417,152540.21,0,0
2023-02-01,01H,"NHS NORTH CUMBRIA",47199,110002.04,0,0
2023-02-01,02X,"NHS DONCASTER",47815,111830.5,0,0
2023-02-01,02H,"NHS WIGAN BOROUGH",48084,128629.1,0,0
2023-02-01,01A,"NHS EAST LANCASHIRE",49255,113147.15,0,0
2023-02-01,04V,"NHS WEST LEICESTERSHIRE",50062,130070.13,0,0
2023-02-01,02P,"NHS BARNSLEY",50550,96637.2,0,0
2023-02-01,06N,"NHS HERTS VALLEYS",51724,142048.28,0,0
2023-02-01,06Q,"NHS MID ESSEX",52439,123581.34,0,0
2023-02-01,12F,"NHS WIRRAL",53127,128623.69,0,0
2023-02-01,03R,"NHS WAKEFIELD",53472,141253.86,0,0
2023-02-01,X2C4Y,"NHS KIRKLEES",54589,138428.8,0,0
2023-02-01,M2L0M,"NHS SHROPSHIRE, TELFORD AND WREKIN",56186,161928.87,0,0
2023-02-01,06T,"NHS NORTH EAST ESSEX",56734,146676.93,0,0
2023-02-01,00L,"NHS NORTHUMBERLAND",57627,133395.23,0,0
2023-02-01,06L,"NHS IPSWICH AND EAST SUFFOLK",58128,144419.19,0,0
2023-02-01,00P,"NHS SUNDERLAND",63150,118473.43,0,0
2023-02-01,11X,"NHS SOMERSET",65693,183035.67,0,0
2023-02-01,06K,"NHS EAST AND NORTH HERTFORDSHIRE",65743,177167.27,0,0
2023-02-01,42D,"NHS NORTH YORKSHIRE",68509,166599.45,0,0
2023-02-01,97R,"NHS EAST SUSSEX",68608,217956.76,0,0
2023-02-01,36J,"NHS BRADFORD DISTRICT AND CRAVEN",72349,175712.36,0,0
2023-02-01,10Q,"NHS OXFORDSHIRE",72422,226184.16,0,0
2023-02-01,99A,"NHS LIVERPOOL",80361,192982.8,0,0
2023-02-01,14L,"NHS MANCHESTER",80882,194302.18,0,0
2023-02-01,11N,"NHS CORNWALL AND THE ISLES OF SCILLY",84677,217832.25,0,0
2023-02-01,03N,"NHS SHEFFIELD",85434,185611.61,0,0
2023-02-01,11M,"NHS GLOUCESTERSHIRE",86032,227389.13,0,0
2023-02-01,M1J4Y,"NHS BEDFORDSHIRE, LUTON AND MILTON KEYNES",88633,220682.82,0,0
2023-02-01,92A,"NHS SURREY HEARTLANDS",92018,349481.17,0,0
2023-02-01,70F,"NHS WEST SUSSEX",92362,303932.2,0,0
2023-02-01,15F,"NHS LEEDS",93438,237279.36,0,0
2023-02-01,18C,"NHS HEREFORDSHIRE AND WORCESTERSHIRE",93547,257580.85,0,0
2023-02-01,13T,"NHS NEWCASTLE GATESHEAD",93589,192713.85,0,0
2023-02-01,11J,"NHS DORSET",94837,291677.04,0,0
2023-02-01,27D,"NHS CHESHIRE",101400,232517.79,0,0
2023-02-01,15C,"NHS BRISTOL, NORTH SOMERSET AND SOUTH GLOUCESTERSHIRE",101925,276600.14,0,0
2023-02-01,78H,"NHS NORTHAMPTONSHIRE",102401,226234.02,0,0
2023-02-01,93C,"NHS NORTH CENTRAL LONDON",108786,310014.87,0,0
2023-02-01,B2M3M,"NHS COVENTRY AND WARWICKSHIRE",111125,294362.48,0,0
2023-02-01,92G,"NHS BATH AND NORTH EAST SOMERSET, SWINDON AND WILTSHIRE",111744,278543.93,0,0
2023-02-01,36L,"NHS SOUTH WEST LONDON",113005,323216.7,0,0
2023-02-01,84H,"NHS COUNTY DURHAM",113199,239802.18,0,0
2023-02-01,06H,"NHS CAMBRIDGESHIRE AND PETERBOROUGH",116939,275156.58,0,0
2023-02-01,72Q,"NHS SOUTH EAST LONDON",122460,350638.48,0,0
2023-02-01,15E,"NHS BIRMINGHAM AND SOLIHULL",124391,335101.26,0,0
2023-02-01,16C,"NHS TEES VALLEY",125496,289726.06,0,0
2023-02-01,71E,"NHS LINCOLNSHIRE",128874,322037.78,0,0
2023-02-01,52R,"NHS NOTTINGHAM AND NOTTINGHAMSHIRE",131346,347199.61,0,0
2023-02-01,D2P2L,"NHS BLACK COUNTRY",131541,351173.18,0,0
2023-02-01,15M,"NHS DERBY AND DERBYSHIRE",135479,350421.04,0,0
2023-02-01,W2U3Z,"NHS NORTH WEST LONDON",142021,360583.12,0,0
2023-02-01,A3A8R,"NHS NORTH EAST LONDON",145638,355192.66,0,0
2023-02-01,15N,"NHS DEVON",161023,441781.5,0,0
2023-02-01,26A,"NHS NORFOLK AND WAVENEY",168879,421013.94,0,0
2023-02-01,91Q,"NHS KENT AND MEDWAY",200943,584023.37,0,0
2023-02-01,D9Y0V,"NHS HAMPSHIRE, SOUTHAMPTON AND ISLE OF WIGHT",201172,637058.95,0,0
2023-03-01,09W,"NHS MEDWAY",0,0,0,0
2023-03-01,D4U1Y,"NHS FRIMLEY",4278,13620.72,0,0
2023-03-01,02G,"NHS WEST LANCASHIRE",15383,39936.43,0,0
2023-03-01,05D,"NHS EAST STAFFORDSHIRE",18147,46642.33,0,0
2023-03-01,05V,"NHS STAFFORD AND SURROUNDS",19341,48374.59,0,0
2023-03-01,01V,"NHS SOUTHPORT AND FORMBY",19574,52069.27,0,0
2023-03-01,04Y,"NHS CANNOCK CHASE",19605,51390.55,0,0
2023-03-01,07G,"NHS THURROCK",19822,47839.18,0,0
2023-03-01,99F,"NHS CASTLE POINT AND ROCHFORD",21428,65201.37,0,0
2023-03-01,02Q,"NHS BASSETLAW",21768,46222.81,0,0
2023-03-01,01F,"NHS HALTON",22528,57733.7,0,0
2023-03-01,00Q,"NHS BLACKBURN WITH DARWEN",24737,52498.78,0,0
2023-03-01,99G,"NHS SOUTHEND",24888,72189.84,0,0
2023-03-01,00X,"NHS CHORLEY AND SOUTH RIBBLE",26959,71169.88,0,0
2023-03-01,03H,"NHS NORTH EAST LINCOLNSHIRE",27237,53497.17,0,0
2023-03-01,05Q,"NHS SOUTH EAST STAFFORDSHIRE AND SEISDON PENINSULA",27898,72127.07,0,0
2023-03-01,01T,"NHS SOUTH SEFTON",28123,70557.19,0,0
2023-03-01,00V,"NHS BURY",28240,80949.04,0,0
2023-03-01,10R,"NHS PORTSMOUTH",29607,81864.77,0,0
2023-03-01,02E,"NHS WARRINGTON",29676,87540.4,0,0
2023-03-01,03Q,"NHS VALE OF YORK",30454,72354.2,0,0
2023-03-01,01E,"NHS GREATER PRESTON",31305,68761.44,0,0
2023-03-01,01J,"NHS KNOWSLEY",31363,72108.73,0,0
2023-03-01,03K,"NHS NORTH LINCOLNSHIRE",31525,76703.05,0,0
2023-03-01,99E,"NHS BASILDON AND BRENTWOOD",32603,96868.44,0,0
2023-03-01,02T,"NHS CALDERDALE",32905,73873.19,0,0
2023-03-01,U2G6B,"NHS THAMES VALLEY ICB - U2G6B",33070,101965.22,0,0
2023-03-01,05G,"NHS NORTH STAFFORDSHIRE",33454,82662.36,0,0
2023-03-01,00N,"NHS SOUTH TYNESIDE",33465,67214.18,0,0
2023-03-01,02M,"NHS FYLDE AND WYRE",33723,74305.67,0,0
2023-03-01,02A,"NHS TRAFFORD",34050,86884.11,0,0
2023-03-01,01D,"NHS HEYWOOD, MIDDLETON AND ROCHDALE",35040,87324.42,0,0
2023-03-01,00Y,"NHS OLDHAM",35073,82839.66,0,0
2023-03-01,00R,"NHS BLACKPOOL",37602,80556.66,0,0
2023-03-01,01Y,"NHS TAMESIDE AND GLOSSOP",37900,81604.12,0,0
2023-03-01,01X,"NHS ST HELENS",38612,92593.32,0,0
2023-03-01,07H,"NHS WEST ESSEX",38652,98563.63,0,0
2023-03-01,09D,"NHS BRIGHTON AND HOVE",40733,120661.48,0,0
2023-03-01,04C,"NHS LEICESTER CITY",41595,97641.36,0,0
2023-03-01,03W,"NHS EAST LEICESTERSHIRE AND RUTLAND",41980,117974.02,0,0
2023-03-01,00T,"NHS BOLTON",43741,104444.04,0,0
2023-03-01,99C,"NHS NORTH TYNESIDE",45025,94874.23,0,0
2023-03-01,03L,"NHS ROTHERHAM",46611,101866.27,0,0
2023-03-01,05W,"NHS STOKE ON TRENT",46963,109028.8,0,0
2023-03-01,02Y,"NHS EAST RIDING OF YORKSHIRE",47783,109898.72,0,0
2023-03-01,07K,"NHS WEST SUFFOLK",48161,107131.09,0,0
2023-03-01,14Y,"NHS BUCKINGHAMSHIRE",48225,158436.49,0,0
2023-03-01,01W,"NHS STOCKPORT",49970,122500.14,0,0
2023-03-01,01G,"NHS SALFORD",51090,104035.12,0,0
2023-03-01,03F,"NHS HULL",51266,99340.6,0,0
2023-03-01,15A,"NHS BERKSHIRE WEST",52032,172691.53,0,0
2023-03-01,01K,"NHS MORECAMBE BAY",52974,137062.17,0,0
2023-03-01,01H,"NHS NORTH CUMBRIA",54007,124046.49,0,0
2023-03-01,02X,"NHS DONCASTER",55005,120787.05,0,0
2023-03-01,02H,"NHS WIGAN BOROUGH",55754,143726.63,0,0
2023-03-01,02P,"NHS BARNSLEY",57524,105691.36,0,0
2023-03-01,01A,"NHS EAST LANCASHIRE",57942,129695.66,0,0
2023-03-01,04V,"NHS WEST LEICESTERSHIRE",58404,149522.36,0,0
2023-03-01,06N,"NHS HERTS VALLEYS",58658,153158.77,0,0
2023-03-01,12F,"NHS WIRRAL",60766,147480.48,0,0
2023-03-01,06Q,"NHS MID ESSEX",61075,140334.79,0,0
2023-03-01,03R,"NHS WAKEFIELD",61521,157992.82,0,0
2023-03-01,X2C4Y,"NHS KIRKLEES",62664,160055.62,0,0
2023-03-01,M2L0M,"NHS SHROPSHIRE, TELFORD AND WREKIN",64004,182435.87,0,0
2023-03-01,06T,"NHS NORTH EAST ESSEX",64392,157364.43,0,0
2023-03-01,00L,"NHS NORTHUMBERLAND",64559,143402.1,0,0
2023-03-01,06L,"NHS IPSWICH AND EAST SUFFOLK",67230,175360.15,0,0
2023-03-01,06K,"NHS EAST AND NORTH HERTFORDSHIRE",72764,193261.11,0,0
2023-03-01,00P,"NHS SUNDERLAND",74423,132871.26,0,0
2023-03-01,11X,"NHS SOMERSET",75371,209717.19,0,0
2023-03-01,42D,"NHS NORTH YORKSHIRE",76576,186528.82,0,0
2023-03-01,97R,"NHS EAST SUSSEX",78007,239954.62,0,0
2023-03-01,10Q,"NHS OXFORDSHIRE",82139,235610.89,0,0
2023-03-01,36J,"NHS BRADFORD DISTRICT AND CRAVEN",82472,198360.06,0,0
2023-03-01,99A,"NHS LIVERPOOL",92332,226637.26,0,0
2023-03-01,14L,"NHS MANCHESTER",94351,216590.96,0,0
2023-03-01,03N,"NHS SHEFFIELD",96118,202777.11,0,0
2023-03-01,11M,"NHS GLOUCESTERSHIRE",96795,248833.41,0,0
2023-03-01,11N,"NHS CORNWALL AND THE ISLES OF SCILLY",97335,253761.32,0,0
2023-03-01,M1J4Y,"NHS BEDFORDSHIRE, LUTON AND MILTON KEYNES",101847,260906.84,0,0
2023-03-01,70F,"NHS WEST SUSSEX",104772,336652.73,0,0
2023-03-01,92A,"NHS SURREY HEARTLANDS",105226,378778.97,0,0
2023-03-01,18C,"NHS HEREFORDSHIRE AND WORCESTERSHIRE",106775,284920.76,0,0
2023-03-01,15F,"NHS LEEDS",107497,281249.92,0,0
2023-03-01,13T,"NHS NEWCASTLE GATESHEAD",107650,224076.86,0,0
2023-03-01,11J,"NHS DORSET",108597,319972.37,0,0
2023-03-01,27D,"NHS CHESHIRE",116224,259650.92,0,0
2023-03-01,15C,"NHS BRISTOL, NORTH SOMERSET AND SOUTH GLOUCESTERSHIRE",116571,311155.18,0,0
2023-03-01,78H,"NHS NORTHAMPTONSHIRE",118028,266431.28,0,0
2023-03-01,93C,"NHS NORTH CENTRAL LONDON",123539,338379.77,0,0
2023-03-01,92G,"NHS BATH AND NORTH EAST SOMERSET, SWINDON AND WILTSHIRE",126870,309988.42,0,0
2023-03-01,36L,"NHS SOUTH WEST LONDON",127940,361113.5,0,0
2023-03-01,B2M3M,"NHS COVENTRY AND WARWICKSHIRE",128212,336412.92,0,0
2023-03-01,84H,"NHS COUNTY DURHAM",132184,269602.95,0,0
2023-03-01,06H,"NHS CAMBRIDGESHIRE AND PETERBOROUGH",135038,309269.74,0,0
2023-03-01,72Q,"NHS SOUTH EAST LONDON",139538,402135.2,0,0
2023-03-01,15E,"NHS BIRMINGHAM AND SOLIHULL",142154,377665.31,0,0
2023-03-01,16C,"NHS TEES VALLEY",143078,319633.53,0,0
2023-03-01,71E,"NHS LINCOLNSHIRE",147920,353509.62,0,0
2023-03-01,52R,"NHS NOTTINGHAM AND NOTTINGHAMSHIRE",149271,381288.18,0,0
2023-03-01,D2P2L,"NHS BLACK COUNTRY",150339,391679.11,0,0
2023-03-01,15M,"NHS DERBY AND DERBYSHIRE",153836,384285.81,0,0
2023-03-01,W2U3Z,"NHS NORTH WEST LONDON",161241,416876.33,0,0
2023-03-01,A3A8R,"NHS NORTH EAST LONDON",164592,408215.35,0,0
2023-03-01,15N,"NHS DEVON",185042,494534.72,0,0
2023-03-01,26A,"NHS NORFOLK AND WAVENEY",192396,477821.74,0,0
2023-03-01,D9Y0V,"NHS HAMPSHIRE, SOUTHAMPTON AND ISLE OF WIGHT",232849,730927.08,0,0
2023-03-01,91Q,"NHS KENT AND MEDWAY",233278,667357.16,0,0
2023-04-01,09W,"NHS MEDWAY",0,0,0,0
2023-04-01,D4U1Y,"NHS FRIMLEY",2958,7686.21,0,0
2023-04-01,02G,"NHS WEST LANCASHIRE",13977,38391.68,0,0
2023-04-01,05D,"NHS EAST STAFFORDSHIRE",16103,43222.32,0,0
2023-04-01,01V,"NHS SOUTHPORT AND FORMBY",17018,46190.73,0,0
2023-04-01,05V,"NHS STAFFORD AND SURROUNDS",17312,46960.06,0,0
2023-04-01,04Y,"NHS CANNOCK CHASE",17775,46838.05,0,0
2023-04-01,07G,"NHS THURROCK",17887,42457.01,0,0
2023-04-01,99F,"NHS CASTLE POINT AND ROCHFORD",19138,61654.31,0,0
2023-04-01,02Q,"NHS BASSETLAW",20277,43222.39,0,0
2023-04-01,01F,"NHS HALTON",20278,51843.55,0,0
2023-04-01,99G,"NHS SOUTHEND",21634,66651.01,0,0
2023-04-01,00Q,"NHS BLACKBURN WITH DARWEN",22048,48321.66,0,0
2023-04-01,03H,"NHS NORTH EAST LINCOLNSHIRE",23942,48302.84,0,0
2023-04-01,05Q,"NHS SOUTH EAST STAFFORDSHIRE AND SEISDON PENINSULA",24465,64635.43,0,0
2023-04-01,00X,"NHS CHORLEY AND SOUTH RIBBLE",24623,64916.86,0,0
2023-04-01,01T,"NHS SOUTH SEFTON",25058,62868.32,0,0
2023-04-01,00V,"NHS BURY",25344,75313.24,0,0
2023-04-01,02E,"NHS WARRINGTON",26086,76702.02,0,0
2023-04-01,10R,"NHS PORTSMOUTH",26425,72878.2,0,0
2023-04-01,01J,"NHS KNOWSLEY",27092,63411.71,0,0
2023-04-01,99E,"NHS BASILDON AND BRENTWOOD",27319,78660.05,0,0
2023-04-01,03Q,"NHS VALE OF YORK",27352,65097.23,0,0
2023-04-01,03K,"NHS NORTH LINCOLNSHIRE",27605,58900.41,0,0
2023-04-01,01E,"NHS GREATER PRESTON",27808,61920.93,0,0
2023-04-01,02T,"NHS CALDERDALE",29537,69715.28,0,0
2023-04-01,U2G6B,"NHS THAMES VALLEY ICB - U2G6B",29628,96918.46,0,0
2023-04-01,02M,"NHS FYLDE AND WYRE",29759,67506.63,0,0
2023-04-01,05G,"NHS NORTH STAFFORDSHIRE",29998,73918.85,0,0
2023-04-01,02A,"NHS TRAFFORD",30783,78745.21,0,0
2023-04-01,00Y,"NHS OLDHAM",31399,76019.25,0,0
2023-04-01,01D,"NHS HEYWOOD, MIDDLETON AND ROCHDALE",31639,78678.29,0,0
2023-04-01,01Y,"NHS TAMESIDE AND GLOSSOP",32780,72961.31,0,0
2023-04-01,00N,"NHS SOUTH TYNESIDE",32931,66400.46,0,0
2023-04-01,00R,"NHS BLACKPOOL",33630,75400.04,0,0
2023-04-01,01X,"NHS ST HELENS",34078,84298.45,0,0
2023-04-01,07H,"NHS WEST ESSEX",34410,87560.41,0,0
2023-04-01,09D,"NHS BRIGHTON AND HOVE",37783,115818.41,0,0
2023-04-01,04C,"NHS LEICESTER CITY",38065,92393.19,0,0
2023-04-01,03W,"NHS EAST LEICESTERSHIRE AND RUTLAND",38545,114047.79,0,0
2023-04-01,00T,"NHS BOLTON",40111,95233.72,0,0
2023-04-01,99C,"NHS NORTH TYNESIDE",40408,86449.99,0,0
2023-04-01,05W,"NHS STOKE ON TRENT",42052,97956.7,0,0
2023-04-01,03L,"NHS ROTHERHAM",42060,94550.83,0,0
2023-04-01,14Y,"NHS BUCKINGHAMSHIRE",42820,144330.22,0,0
2023-04-01,07K,"NHS WEST SUFFOLK",43032,95046.33,0,0
2023-04-01,01W,"NHS STOCKPORT",44262,108990.03,0,0
2023-04-01,02Y,"NHS EAST RIDING OF YORKSHIRE",44297,104149.37,0,0
2023-04-01,01G,"NHS SALFORD",45127,93987.68,0,0
2023-04-01,03F,"NHS HULL",46508,90382.18,0,0
2023-04-01,01K,"NHS MORECAMBE BAY",47254,123684.26,0,0
2023-04-01,15A,"NHS BERKSHIRE WEST",48632,165058.99,0,0
2023-04-01,01H,"NHS NORTH CUMBRIA",49139,115819.29,0,0
2023-04-01,02H,"NHS WIGAN BOROUGH",49266,127582.19,0,0
2023-04-01,02X,"NHS DONCASTER",49822,108905.75,0,0
2023-04-01,02P,"NHS BARNSLEY",50930,98403.97,0,0
2023-04-01,01A,"NHS EAST LANCASHIRE",51385,115844.01,0,0
2023-04-01,04V,"NHS WEST LEICESTERSHIRE",51974,133826.63,0,0
2023-04-01,06N,"NHS HERTS VALLEYS",51974,142135.56,0,0
2023-04-01,03R,"NHS WAKEFIELD",53479,138047.02,0,0
2023-04-01,12F,"NHS WIRRAL",53980,133338.99,0,0
2023-04-01,06Q,"NHS MID ESSEX",54371,124179.77,0,0
2023-04-01,X2C4Y,"NHS KIRKLEES",54842,137772.68,0,0
2023-04-01,M2L0M,"NHS SHROPSHIRE, TELFORD AND WREKIN",58278,164892.7,0,0
2023-04-01,06T,"NHS NORTH EAST ESSEX",58545,146294.48,0,0
2023-04-01,00L,"NHS NORTHUMBERLAND",59033,135556.36,0,0
2023-04-01,06L,"NHS IPSWICH AND EAST SUFFOLK",60082,155226.57,0,0
2023-04-01,00P,"NHS SUNDERLAND",65813,120759.8,0,0
2023-04-01,06K,"NHS EAST AND NORTH HERTFORDSHIRE",66523,182845.72,0,0
2023-04-01,11X,"NHS SOMERSET",68119,194642.11,0,0
2023-04-01,42D,"NHS NORTH YORKSHIRE",68944,165280.93,0,0
2023-04-01,97R,"NHS EAST SUSSEX",71422,225796.91,0,0
2023-04-01,36J,"NHS BRADFORD DISTRICT AND CRAVEN",73173,178411.86,0,0
2023-04-01,10Q,"NHS OXFORDSHIRE",76174,238016.86,0,0
2023-04-01,99A,"NHS LIVERPOOL",82296,199605.27,0,0
2023-04-01,14L,"NHS MANCHESTER",82458,193767.65,0,0
2023-04-01,03N,"NHS SHEFFIELD",86136,188176.33,0,0
2023-04-01,11M,"NHS GLOUCESTERSHIRE",86617,237115.43,0,0
2023-04-01,11N,"NHS CORNWALL AND THE ISLES OF SCILLY",87753,225770.43,0,0
2023-04-01,M1J4Y,"NHS BEDFORDSHIRE, LUTON AND MILTON KEYNES",90749,229036.11,0,0
2023-04-01,92A,"NHS SURREY HEARTLANDS",94468,344187.06,0,0
2023-04-01,18C,"NHS HEREFORDSHIRE AND WORCESTERSHIRE",94600,251658.31,0,0
2023-04-01,70F,"NHS WEST SUSSEX",94834,309961.85,0,0
2023-04-01,15F,"NHS LEEDS",95479,234162.69,0,0
2023-04-01,13T,"NHS NEWCASTLE GATESHEAD",97125,197807.61,0,0
2023-04-01,11J,"NHS DORSET",98806,296367.23,0,0
2023-04-01,15C,"NHS BRISTOL, NORTH SOMERSET AND SOUTH GLOUCESTERSHIRE",102664,286776.98,0,0
2023-04-01,27D,"NHS CHESHIRE",103021,236394.78,0,0
2023-04-01,78H,"NHS NORTHAMPTONSHIRE",103267,232327.74,0,0
2023-04-01,93C,"NHS NORTH CENTRAL LONDON",111706,316587.1,0,0
2023-04-01,B2M3M,"NHS COVENTRY AND WARWICKSHIRE",111989,301518.84,0,0
2023-04-01,92G,"NHS BATH AND NORTH EAST SOMERSET, SWINDON AND WILTSHIRE",114153,289399.38,0,0
2023-04-01,36L,"NHS SOUTH WEST LONDON",116693,339961.77,0,0
2023-04-01,84H,"NHS COUNTY DURHAM",117443,243707.49,0,0
2023-04-01,06H,"NHS CAMBRIDGESHIRE AND PETERBOROUGH",119622,283552.26,0,0
2023-04-01,72Q,"NHS SOUTH EAST LONDON",126388,355128.75,0,0
2023-04-01,15E,"NHS BIRMINGHAM AND SOLIHULL",127818,345854.16,0,0
2023-04-01,16C,"NHS TEES VALLEY",128124,292092.96,0,0
2023-04-01,71E,"NHS LINCOLNSHIRE",131866,329453.47,0,0
2023-04-01,52R,"NHS NOTTINGHAM AND NOTTINGHAMSHIRE",132340,344101.77,0,0
2023-04-01,D2P2L,"NHS BLACK COUNTRY",132649,353574.66,0,0
2023-04-01,15M,"NHS DERBY AND DERBYSHIRE",136102,348014.62,0,0
2023-04-01,W2U3Z,"NHS NORTH WEST LONDON",145135,369219.95,0,0
2023-04-01,A3A8R,"NHS NORTH EAST LONDON",148088,364697.84,0,0
2023-04-01,15N,"NHS DEVON",164763,452899.05,0,0
2023-04-01,26A,"NHS NORFOLK AND WAVENEY",175088,442943.47,0,0
2023-04-01,D9Y0V,"NHS HAMPSHIRE, SOUTHAMPTON AND ISLE OF WIGHT",208915,661902.96,0,0
2023-04-01,91Q,"NHS KENT AND MEDWAY",208961,601140.2,0,0
2023-05-01,09W,"NHS MEDWAY",0,0,0,0
2023-05-01,D4U1Y,"NHS FRIMLEY",3332,8953.93,0,0
2023-05-01,02G,"NHS WEST LANCASHIRE",15339,43936.42,0,0
2023-05-01,05D,"NHS EAST STAFFORDSHIRE",17353,45055.48,0,0
2023-05-01,04Y,"NHS CANNOCK CHASE",18525,47521.28,0,0
2023-05-01,05V,"NHS STAFFORD AND SURROUNDS",18911,50400.39,0,0
2023-05-01,07G,"NHS THURROCK",18984,46267.83,0,0
2023-05-01,01V,"NHS SOUTHPORT AND FORMBY",19109,53305.14,0,0
2023-05-01,99F,"NHS CASTLE POINT AND ROCHFORD",20762,64462.65,0,0
2023-05-01,01F,"NHS HALTON",21297,55976.91,0,0
2023-05-01,02Q,"NHS BASSETLAW",21461,47044.95,0,0
2023-05-01,99G,"NHS SOUTHEND",23202,68750.52,0,0
2023-05-01,00Q,"NHS BLACKBURN WITH DARWEN",23895,53199.45,0,0
2023-05-01,03H,"NHS NORTH EAST LINCOLNSHIRE",25542,51106.03,0,0
2023-05-01,00X,"NHS CHORLEY AND SOUTH RIBBLE",25716,70066.26,0,0
2023-05-01,01T,"NHS SOUTH SEFTON",26666,67960.32,0,0
2023-05-01,00V,"NHS BURY",26953,78073.7,0,0
2023-05-01,05Q,"NHS SOUTH EAST STAFFORDSHIRE AND SEISDON PENINSULA",26962,68482.93,0,0
2023-05-01,02E,"NHS WARRINGTON",27642,81323.23,0,0
2023-05-01,10R,"NHS PORTSMOUTH",28359,80447.94,0,0
2023-05-01,03Q,"NHS VALE OF YORK",28465,67434.13,0,0
2023-05-01,01E,"NHS GREATER PRESTON",29581,65510.18,0,0
2023-05-01,99E,"NHS BASILDON AND BRENTWOOD",30303,90899.49,0,0
2023-05-01,01J,"NHS KNOWSLEY",30504,72699.53,0,0
2023-05-01,03K,"NHS NORTH LINCOLNSHIRE",30577,72447.97,0,0
2023-05-01,02M,"NHS FYLDE AND WYRE",30828,69293.86,0,0
2023-05-01,02T,"NHS CALDERDALE",31902,72281.67,0,0
2023-05-01,U2G6B,"NHS THAMES VALLEY ICB - U2G6B",32134,102072.53,0,0
2023-05-01,02A,"NHS TRAFFORD",32623,86355.09,0,0
2023-05-01,05G,"NHS NORTH STAFFORDSHIRE",32929,85711.23,0,0
2023-05-01,01D,"NHS HEYWOOD, MIDDLETON AND ROCHDALE",33073,82451.3,0,0
2023-05-01,00Y,"NHS OLDHAM",33323,81725.44,0,0
2023-05-01,00N,"NHS SOUTH TYNESIDE",34178,68338.4,0,0
2023-05-01,01Y,"NHS TAMESIDE AND GLOSSOP",34824,74780.43,0,0
2023-05-01,00R,"NHS BLACKPOOL",36009,79333.94,0,0
2023-05-01,07H,"NHS WEST ESSEX",36327,95967.68,0,0
2023-05-01,01X,"NHS ST HELENS",36524,89941.67,0,0
2023-05-01,09D,"NHS BRIGHTON AND HOVE",39454,122147.7,0,0
2023-05-01,04C,"NHS LEICESTER CITY",39628,94294.06,0,0
2023-05-01,99C,"NHS NORTH TYNESIDE",41529,90326.37,0,0
2023-05-01,03W,"NHS EAST LEICESTERSHIRE AND RUTLAND",41812,122804.48,0,0
2023-05-01,00T,"NHS BOLTON",41948,102914.55,0,0
2023-05-01,05W,"NHS STOKE ON TRENT",44216,103606.25,0,0
2023-05-01,03L,"NHS ROTHERHAM",44992,98813.71,0,0
2023-05-01,07K,"NHS WEST SUFFOLK",46010,102818.74,0,0
2023-05-01,02Y,"NHS EAST RIDING OF YORKSHIRE",46169,108923.42,0,0
2023-05-01,01W,"NHS STOCKPORT",46784,115539.12,0,0
2023-05-01,14Y,"NHS BUCKINGHAMSHIRE",47426,158057.31,0,0
2023-05-01,01G,"NHS SALFORD",48081,99084.54,0,0
2023-05-01,03F,"NHS HULL",48830,93261.09,0,0
2023-05-01,01K,"NHS MORECAMBE BAY",50473,130097.42,0,0
2023-05-01,01H,"NHS NORTH CUMBRIA",51169,122108.67,0,0
2023-05-01,15A,"NHS BERKSHIRE WEST",51359,169827.62,0,0
2023-05-01,02H,"NHS WIGAN BOROUGH",53120,140206.51,0,0
2023-05-01,02X,"NHS DONCASTER",53215,117449.93,0,0
2023-05-01,02P,"NHS BARNSLEY",54260,104014.41,0,0
2023-05-01,01A,"NHS EAST LANCASHIRE",54643,123491.98,0,0
2023-05-01,04V,"NHS WEST LEICESTERSHIRE",55256,144964.64,0,0
2023-05-01,12F,"NHS WIRRAL",56065,136180.56,0,0
2023-05-01,06N,"NHS HERTS VALLEYS",56276,145810.95,0,0
2023-05-01,06Q,"NHS MID ESSEX",57090,132716.94,0,0
2023-05-01,03R,"NHS WAKEFIELD",58647,156744.23,0,0
2023-05-01,X2C4Y,"NHS KIRKLEES",59933,151272.97,0,0
2023-05-01,00L,"NHS NORTHUMBERLAND",61367,140058.21,0,0
2023-05-01,06T,"NHS NORTH EAST ESSEX",61434,149828.9,0,0
2023-05-01,M2L0M,"NHS SHROPSHIRE, TELFORD AND WREKIN",61857,177863.49,0,0
2023-05-01,06L,"NHS IPSWICH AND EAST SUFFOLK",64775,167816.41,0,0
2023-05-01,00P,"NHS SUNDERLAND",70091,125989.09,0,0
2023-05-01,06K,"NHS EAST AND NORTH HERTFORDSHIRE",70478,196268.91,0,0
2023-05-01,11X,"NHS SOMERSET",72066,200164.96,0,0
2023-05-01,42D,"NHS NORTH YORKSHIRE",74628,183367.19,0,0
2023-05-01,97R,"NHS EAST SUSSEX",75066,249339.1,0,0
2023-05-01,10Q,"NHS OXFORDSHIRE",78645,243303.84,0,0
2023-05-01,36J,"NHS BRADFORD DISTRICT AND CRAVEN",80626,195793.25,0,0
2023-05-01,99A,"NHS LIVERPOOL",86324,213319.03,0,0
2023-05-01,14L,"NHS MANCHESTER",90167,212059.66,0,0
2023-05-01,11N,"NHS CORNWALL AND THE ISLES OF SCILLY",91063,238077.28,0,0
2023-05-01,03N,"NHS SHEFFIELD",92571,199025.67,0,0
2023-05-01,11M,"NHS GLOUCESTERSHIRE",94342,250741.83,0,0
2023-05-01,M1J4Y,"NHS BEDFORDSHIRE, LUTON AND MILTON KEYNES",98869,255706.76,0,0
2023-05-01,18C,"NHS HEREFORDSHIRE AND WORCESTERSHIRE",99801,277427.36,0,0
2023-05-01,15F,"NHS LEEDS",100800,258465.26,0,0
2023-05-01,70F,"NHS WEST SUSSEX",101355,335036.59,0,0
2023-05-01,13T,"NHS NEWCASTLE GATESHEAD",102084,210622.39,0,0
2023-05-01,92A,"NHS SURREY HEARTLANDS",103439,374056.84,0,0
2023-05-01,11J,"NHS DORSET",104021,319055.09,0,0
2023-05-01,15C,"NHS BRISTOL, NORTH SOMERSET AND SOUTH GLOUCESTERSHIRE",108016,291634.71,0,0
2023-05-01,27D,"NHS CHESHIRE",109364,251105.32,0,0
2023-05-01,78H,"NHS NORTHAMPTONSHIRE",112124,254020.55,0,0
2023-05-01,93C,"NHS NORTH CENTRAL LONDON",118614,335887.19,0,0
2023-05-01,92G,"NHS BATH AND NORTH EAST SOMERSET, SWINDON AND WILTSHIRE",121664,303267.79,0,0
2023-05-01,B2M3M,"NHS COVENTRY AND WARWICKSHIRE",123478,326790.7,0,0
2023-05-01,36L,"NHS SOUTH WEST LONDON",124412,353346.87,0,0
2023-05-01,84H,"NHS COUNTY DURHAM",125169,255326.37,0,0
2023-05-01,06H,"NHS CAMBRIDGESHIRE AND PETERBOROUGH",129849,306843.18,0,0
2023-05-01,72Q,"NHS SOUTH EAST LONDON",135282,397747.22,0,0
2023-05-01,15E,"NHS BIRMINGHAM AND SOLIHULL",137853,367601.68,0,0
2023-05-01,16C,"NHS TEES VALLEY",138409,307607.15,0,0
2023-05-01,71E,"NHS LINCOLNSHIRE",142021,358110.45,0,0
2023-05-01,52R,"NHS NOTTINGHAM AND NOTTINGHAMSHIRE",142930,367693.35,0,0
2023-05-01,D2P2L,"NHS BLACK COUNTRY",145781,392312.46,0,0
2023-05-01,15M,"NHS DERBY AND DERBYSHIRE",148112,377938.29,0,0
2023-05-01,W2U3Z,"NHS NORTH WEST LONDON",154667,398841.8,0,0
2023-05-01,A3A8R,"NHS NORTH EAST LONDON",159122,393935.9,0,0
2023-05-01,15N,"NHS DEVON",172075,462198.78,0,0
2023-05-01,26A,"NHS NORFOLK AND WAVENEY",184819,468182.35,0,0
2023-05-01,D9Y0V,"NHS HAMPSHIRE, SOUTHAMPTON AND ISLE OF WIGHT",221701,704653.32,0,0
2023-05-01,91Q,"NHS KENT AND MEDWAY",222569,650076.48,0,0
2023-06-01,09W,"NHS MEDWAY",0,0,0,0
2023-06-01,D4U1Y,"NHS FRIMLEY",3158,8256.64,0,0
2023-06-01,02G,"NHS WEST LANCASHIRE",15355,41437.88,0,0
2023-06-01,05D,"NHS EAST STAFFORDSHIRE",17227,45278.41,0,0
2023-06-01,01V,"NHS SOUTHPORT AND FORMBY",18813,51905.13,0,0
2023-06-01,04Y,"NHS CANNOCK CHASE",18922,50533,0,0
2023-06-01,07G,"NHS THURROCK",19368,47094.47,0,0
2023-06-01,05V,"NHS STAFFORD AND SURROUNDS",19559,51991.4,0,0
2023-06-01,99F,"NHS CASTLE POINT AND ROCHFORD",20648,67445.42,0,0
2023-06-01,02Q,"NHS BASSETLAW",21643,49489.32,0,0
2023-06-01,01F,"NHS HALTON",22137,58639.36,0,0
2023-06-01,99G,"NHS SOUTHEND",23701,70884.37,0,0
2023-06-01,00Q,"NHS BLACKBURN WITH DARWEN",24025,52593.22,0,0
2023-06-01,00X,"NHS CHORLEY AND SOUTH RIBBLE",26343,70754.23,0,0
2023-06-01,01T,"NHS SOUTH SEFTON",26626,66878.64,0,0
2023-06-01,03H,"NHS NORTH EAST LINCOLNSHIRE",26819,52834.75,0,0
2023-06-01,05Q,"NHS SOUTH EAST STAFFORDSHIRE AND SEISDON PENINSULA",27003,73272.33,0,0
2023-06-01,00V,"NHS BURY",27645,82733.25,0,0
2023-06-01,02E,"NHS WARRINGTON",28628,82002.68,0,0
2023-06-01,03Q,"NHS VALE OF YORK",29083,70303.79,0,0
2023-06-01,10R,"NHS PORTSMOUTH",29239,79956.32,0,0
2023-06-01,99E,"NHS BASILDON AND BRENTWOOD",29935,89389.52,0,0
2023-06-01,01J,"NHS KNOWSLEY",30113,72444.81,0,0
2023-06-01,01E,"NHS GREATER PRESTON",30139,68066.13,0,0
2023-06-01,03K,"NHS NORTH LINCOLNSHIRE",30370,64398.73,0,0
2023-06-01,02M,"NHS FYLDE AND WYRE",30964,71503.43,0,0
2023-06-01,U2G6B,"NHS THAMES VALLEY ICB - U2G6B",32285,98303.48,0,0
2023-06-01,02A,"NHS TRAFFORD",32821,85137.53,0,0
2023-06-01,02T,"NHS CALDERDALE",32933,73943.91,0,0
2023-06-01,00Y,"NHS OLDHAM",33883,81779.86,0,0
2023-06-01,01D,"NHS HEYWOOD, MIDDLETON AND ROCHDALE",34016,83101.23,0,0
2023-06-01,05G,"NHS NORTH STAFFORDSHIRE",34091,85179.26,0,0
2023-06-01,00N,"NHS SOUTH TYNESIDE",34339,68493.77,0,0
2023-06-01,00R,"NHS BLACKPOOL",36091,78940.77,0,0
2023-06-01,01Y,"NHS TAMESIDE AND GLOSSOP",36337,79694.62,0,0
2023-06-01,01X,"NHS ST HELENS",37325,91845.19,0,0
2023-06-01,07H,"NHS WEST ESSEX",37847,99188.55,0,0
2023-06-01,09D,"NHS BRIGHTON AND HOVE",40039,121247.17,0,0
2023-06-01,04C,"NHS LEICESTER CITY",40308,94830.37,0,0
2023-06-01,03W,"NHS EAST LEICESTERSHIRE AND RUTLAND",41700,120663.71,0,0
2023-06-01,00T,"NHS BOLTON",42836,105569.85,0,0
2023-06-01,05W,"NHS STOKE ON TRENT",43343,102855.74,0,0
2023-06-01,99C,"NHS NORTH TYNESIDE",43877,91333.47,0,0
2023-06-01,03L,"NHS ROTHERHAM",45869,101986.01,0,0
2023-06-01,02Y,"NHS EAST RIDING OF YORKSHIRE",46367,108469.22,0,0
2023-06-01,14Y,"NHS BUCKINGHAMSHIRE",47227,147886.33,0,0
2023-06-01,07K,"NHS WEST SUFFOLK",47800,106929.3,0,0
2023-06-01,01W,"NHS STOCKPORT",48046,119835.84,0,0
2023-06-01,01G,"NHS SALFORD",48690,98872.08,0,0
2023-06-01,03F,"NHS HULL",49788,98799.05,0,0
2023-06-01,01K,"NHS MORECAMBE BAY",50894,129647,0,0
2023-06-01,15A,"NHS BERKSHIRE WEST",51849,184642,0,0
2023-06-01,02H,"NHS WIGAN BOROUGH",52825,139979.63,0,0
2023-06-01,01H,"NHS NORTH CUMBRIA",53405,125021.49,0,0
2023-06-01,02X,"NHS DONCASTER",54237,119869.72,0,0
2023-06-01,06N,"NHS HERTS VALLEYS",55950,156052.38,0,0
2023-06-01,02P,"NHS BARNSLEY",56414,107080.99,0,0
2023-06-01,01A,"NHS EAST LANCASHIRE",56436,125381.98,0,0
2023-06-01,04V,"NHS WEST LEICESTERSHIRE",57093,145663.15,0,0
2023-06-01,06Q,"NHS MID ESSEX",58547,135906.87,0,0
2023-06-01,12F,"NHS WIRRAL",58807,143493.9,0,0
2023-06-01,03R,"NHS WAKEFIELD",60316,158424.03,0,0
2023-06-01,X2C4Y,"NHS KIRKLEES",60612,153307.82,0,0
2023-06-01,06T,"NHS NORTH EAST ESSEX",62178,151776.18,0,0
2023-06-01,M2L0M,"NHS SHROPSHIRE, TELFORD AND WREKIN",62226,181839.12,0,0
2023-06-01,06L,"NHS IPSWICH AND EAST SUFFOLK",64838,167786.37,0,0
2023-06-01,00L,"NHS NORTHUMBERLAND",64939,146874.62,0,0
2023-06-01,06K,"NHS EAST AND NORTH HERTFORDSHIRE",71174,189851.41,0,0
2023-06-01,00P,"NHS SUNDERLAND",72335,130176.69,0,0
2023-06-01,11X,"NHS SOMERSET",72382,202787.13,0,0
2023-06-01,97R,"NHS EAST SUSSEX",75260,246481.34,0,0
2023-06-01,42D,"NHS NORTH YORKSHIRE",75846,182561.98,0,0
2023-06-01,10Q,"NHS OXFORDSHIRE",81919,244091.71,0,0
2023-06-01,36J,"NHS BRADFORD DISTRICT AND CRAVEN",82138,192320.09,0,0
2023-06-01,14L,"NHS MANCHESTER",89664,214634.71,0,0
2023-06-01,99A,"NHS LIVERPOOL",89675,220351.25,0,0
2023-06-01,03N,"NHS SHEFFIELD",92506,191661.81,0,0
2023-06-01,11N,"NHS CORNWALL AND THE ISLES OF SCILLY",93542,245301.66,0,0
2023-06-01,11M,"NHS GLOUCESTERSHIRE",94235,243961.47,0,0
2023-06-01,M1J4Y,"NHS BEDFORDSHIRE, LUTON AND MILTON KEYNES",98921,252031.73,0,0
2023-06-01,92A,"NHS SURREY HEARTLANDS",101824,373315.85,0,0
2023-06-01,70F,"NHS WEST SUSSEX",102625,336668.61,0,0
2023-06-01,13T,"NHS NEWCASTLE GATESHEAD",103413,216812.65,0,0
2023-06-01,15F,"NHS LEEDS",104562,264333.19,0,0
2023-06-01,18C,"NHS HEREFORDSHIRE AND WORCESTERSHIRE",105713,289481.87,0,0
2023-06-01,11J,"NHS DORSET",106543,317687.69,0,0
2023-06-01,15C,"NHS BRISTOL, NORTH SOMERSET AND SOUTH GLOUCESTERSHIRE",111018,309809.41,0,0
2023-06-01,27D,"NHS CHESHIRE",111251,253457.39,0,0
2023-06-01,78H,"NHS NORTHAMPTONSHIRE",114986,254519.36,0,0
2023-06-01,93C,"NHS NORTH CENTRAL LONDON",120783,347841.52,0,0
2023-06-01,92G,"NHS BATH AND NORTH EAST SOMERSET, SWINDON AND WILTSHIRE",123808,311960.58,0,0
2023-06-01,B2M3M,"NHS COVENTRY AND WARWICKSHIRE",123854,329714.92,0,0
2023-06-01,36L,"NHS SOUTH WEST LONDON",125258,357003.65,0,0
2023-06-01,84H,"NHS COUNTY DURHAM",129314,260525.96,0,0
2023-06-01,06H,"NHS CAMBRIDGESHIRE AND PETERBOROUGH",131564,311808.43,0,0
2023-06-01,72Q,"NHS SOUTH EAST LONDON",136024,391796.73,0,0
2023-06-01,15E,"NHS BIRMINGHAM AND SOLIHULL",138588,372786.94,0,0
2023-06-01,16C,"NHS TEES VALLEY",139178,317768.34,0,0
2023-06-01,71E,"NHS LINCOLNSHIRE",144856,354726.46,0,0
2023-06-01,52R,"NHS NOTTINGHAM AND NOTTINGHAMSHIRE",145932,371297.03,0,0
2023-06-01,D2P2L,"NHS BLACK COUNTRY",146282,384078.28,0,0
2023-06-01,15M,"NHS DERBY AND DERBYSHIRE",149343,380219.55,0,0
2023-06-01,W2U3Z,"NHS NORTH WEST LONDON",156227,408897.8,0,0
2023-06-01,A3A8R,"NHS NORTH EAST LONDON",161129,392960.98,0,0
2023-06-01,15N,"NHS DEVON",175129,480469.32,0,0
2023-06-01,26A,"NHS NORFOLK AND WAVENEY",187608,471961.4,0,0
2023-06-01,91Q,"NHS KENT AND MEDWAY",223009,647941.42,0,0
2023-06-01,D9Y0V,"NHS HAMPSHIRE, SOUTHAMPTON AND ISLE OF WIGHT",227057,722528.89,0,0
2023-07-01,09W,"NHS MEDWAY",0,0,0,0
2023-07-01,D4U1Y,"NHS FRIMLEY",889,1589.92,0,0
2023-07-01,02G,"NHS WEST LANCASHIRE",14880,36242.53,0,0
2023-07-01,05D,"NHS EAST STAFFORDSHIRE",17067,41342.98,0,0
2023-07-01,05V,"NHS STAFFORD AND SURROUNDS",18297,44351.48,0,0
2023-07-01,01V,"NHS SOUTHPORT AND FORMBY",18335,45632.37,0,0
2023-07-01,04Y,"NHS CANNOCK CHASE",18573,42702.14,0,0
2023-07-01,07G,"NHS THURROCK",18757,40952.63,0,0
2023-07-01,02Q,"NHS BASSETLAW",20186,41159.56,0,0
2023-07-01,99F,"NHS CASTLE POINT AND ROCHFORD",20460,59409.32,0,0
2023-07-01,01F,"NHS HALTON",21538,51970.82,0,0
2023-07-01,00Q,"NHS BLACKBURN WITH DARWEN",23298,47258.64,0,0
2023-07-01,99G,"NHS SOUTHEND",23400,62785.91,0,0
2023-07-01,03H,"NHS NORTH EAST LINCOLNSHIRE",24964,45515.34,0,0
2023-07-01,00X,"NHS CHORLEY AND SOUTH RIBBLE",25747,65851.68,0,0
2023-07-01,00V,"NHS BURY",26258,67571.23,0,0
2023-07-01,01T,"NHS SOUTH SEFTON",26661,61322.9,0,0
2023-07-01,05Q,"NHS SOUTH EAST STAFFORDSHIRE AND SEISDON PENINSULA",26723,61286.57,0,0
2023-07-01,10R,"NHS PORTSMOUTH",27764,69578.1,0,0
2023-07-01,02E,"NHS WARRINGTON",27967,75857.58,0,0
2023-07-01,03Q,"NHS VALE OF YORK",28462,62543.25,0,0
2023-07-01,99E,"NHS BASILDON AND BRENTWOOD",28605,78979.8,0,0
2023-07-01,01E,"NHS GREATER PRESTON",29237,60995.57,0,0
2023-07-01,01J,"NHS KNOWSLEY",29729,64773.81,0,0
2023-07-01,03K,"NHS NORTH LINCOLNSHIRE",30316,58559.41,0,0
2023-07-01,02M,"NHS FYLDE AND WYRE",30691,63163.26,0,0
2023-07-01,02T,"NHS CALDERDALE",31231,63706.71,0,0
2023-07-01,02A,"NHS TRAFFORD",32304,77680.13,0,0
2023-07-01,00N,"NHS SOUTH TYNESIDE",32646,59801.53,0,0
2023-07-01,00Y,"NHS OLDHAM",32741,72039.23,0,0
2023-07-01,01D,"NHS HEYWOOD, MIDDLETON AND ROCHDALE",33115,74959.19,0,0
2023-07-01,05G,"NHS NORTH STAFFORDSHIRE",33485,76665.73,0,0
2023-07-01,U2G6B,"NHS THAMES VALLEY ICB - U2G6B",33771,101566.2,0,0
2023-07-01,00R,"NHS BLACKPOOL",35635,72522.29,0,0
2023-07-01,01X,"NHS ST HELENS",35663,80046.31,0,0
2023-07-01,01Y,"NHS TAMESIDE AND GLOSSOP",36265,71202.96,0,0
2023-07-01,07H,"NHS WEST ESSEX",36367,91265,0,0
2023-07-01,09D,"NHS BRIGHTON AND HOVE",38173,101092.11,0,0
2023-07-01,04C,"NHS LEICESTER CITY",39394,86896.94,0,0
2023-07-01,03W,"NHS EAST LEICESTERSHIRE AND RUTLAND",40409,109718.93,0,0
2023-07-01,05W,"NHS STOKE ON TRENT",42190,92220.21,0,0
2023-07-01,00T,"NHS BOLTON",42582,89277.93,0,0
2023-07-01,99C,"NHS NORTH TYNESIDE",43352,84001.87,0,0
2023-07-01,07K,"NHS WEST SUFFOLK",44615,90618.32,0,0
2023-07-01,03L,"NHS ROTHERHAM",45062,92477.2,0,0
2023-07-01,02Y,"NHS EAST RIDING OF YORKSHIRE",45759,100030.77,0,0
2023-07-01,14Y,"NHS BUCKINGHAMSHIRE",45890,145933.77,0,0
2023-07-01,01W,"NHS STOCKPORT",46661,104427.38,0,0
2023-07-01,01G,"NHS SALFORD",47886,88012.34,0,0
2023-07-01,03F,"NHS HULL",48895,88182.24,0,0
2023-07-01,01K,"NHS MORECAMBE BAY",49474,119501.46,0,0
2023-07-01,15A,"NHS BERKSHIRE WEST",50479,165307.48,0,0
2023-07-01,02X,"NHS DONCASTER",51915,103054.44,0,0
2023-07-01,01H,"NHS NORTH CUMBRIA",51951,109412.42,0,0
2023-07-01,02H,"NHS WIGAN BOROUGH",52738,130478.08,0,0
2023-07-01,02P,"NHS BARNSLEY",53899,96504.24,0,0
2023-07-01,01A,"NHS EAST LANCASHIRE",54175,110329.21,0,0
2023-07-01,04V,"NHS WEST LEICESTERSHIRE",54501,127903.38,0,0
2023-07-01,06Q,"NHS MID ESSEX",56296,123400.9,0,0
2023-07-01,06N,"NHS HERTS VALLEYS",56521,137855.04,0,0
2023-07-01,12F,"NHS WIRRAL",56981,128311.72,0,0
2023-07-01,03R,"NHS WAKEFIELD",57614,140352.64,0,0
2023-07-01,X2C4Y,"NHS KIRKLEES",58866,138965.48,0,0
2023-07-01,M2L0M,"NHS SHROPSHIRE, TELFORD AND WREKIN",60293,157805.44,0,0
2023-07-01,00L,"NHS NORTHUMBERLAND",62029,130172.91,0,0
2023-07-01,06T,"NHS NORTH EAST ESSEX",62962,142297.01,0,0
2023-07-01,06L,"NHS IPSWICH AND EAST SUFFOLK",63382,150216.58,0,0
2023-07-01,00P,"NHS SUNDERLAND",68714,116356.97,0,0
2023-07-01,06K,"NHS EAST AND NORTH HERTFORDSHIRE",69300,172210.35,0,0
2023-07-01,11X,"NHS SOMERSET",70350,184544.37,0,0
2023-07-01,97R,"NHS EAST SUSSEX",73261,221425.5,0,0
2023-07-01,42D,"NHS NORTH YORKSHIRE",73301,165264.88,0,0
2023-07-01,36J,"NHS BRADFORD DISTRICT AND CRAVEN",78171,173872.97,0,0
2023-07-01,10Q,"NHS OXFORDSHIRE",79867,217449.26,0,0
2023-07-01,99A,"NHS LIVERPOOL",86019,194558.38,0,0
2023-07-01,14L,"NHS MANCHESTER",88571,190882.35,0,0
2023-07-01,11M,"NHS GLOUCESTERSHIRE",92746,223630.13,0,0
2023-07-01,11N,"NHS CORNWALL AND THE ISLES OF SCILLY",92754,220254.71,0,0
2023-07-01,03N,"NHS SHEFFIELD",92812,180840.7,0,0
2023-07-01,M1J4Y,"NHS BEDFORDSHIRE, LUTON AND MILTON KEYNES",97183,225969.61,0,0
2023-07-01,70F,"NHS WEST SUSSEX",99012,303467.31,0,0
2023-07-01,18C,"NHS HEREFORDSHIRE AND WORCESTERSHIRE",100057,251686.41,0,0
2023-07-01,13T,"NHS NEWCASTLE GATESHEAD",101088,190881.44,0,0
2023-07-01,15F,"NHS LEEDS",101455,242561.55,0,0
2023-07-01,92A,"NHS SURREY HEARTLANDS",101481,336719.43,0,0
2023-07-01,11J,"NHS DORSET",102532,271159.5,0,0
2023-07-01,15C,"NHS BRISTOL, NORTH SOMERSET AND SOUTH GLOUCESTERSHIRE",107892,271081.12,0,0
2023-07-01,27D,"NHS CHESHIRE",109671,232794.76,0,0
2023-07-01,78H,"NHS NORTHAMPTONSHIRE",112479,233323.44,0,0
2023-07-01,93C,"NHS NORTH CENTRAL LONDON",118876,310745.36,0,0
2023-07-01,92G,"NHS BATH AND NORTH EAST SOMERSET, SWINDON AND WILTSHIRE",119259,272588.45,0,0
2023-07-01,B2M3M,"NHS COVENTRY AND WARWICKSHIRE",121464,296385.64,0,0
2023-07-01,36L,"NHS SOUTH WEST LONDON",123991,321578.21,0,0
2023-07-01,84H,"NHS COUNTY DURHAM",124743,232724.17,0,0
2023-07-01,06H,"NHS CAMBRIDGESHIRE AND PETERBOROUGH",127654,274048.57,0,0
2023-07-01,72Q,"NHS SOUTH EAST LONDON",135682,360905.76,0,0
2023-07-01,16C,"NHS TEES VALLEY",136259,276605.61,0,0
2023-07-01,15E,"NHS BIRMINGHAM AND SOLIHULL",137424,335512.77,0,0
2023-07-01,52R,"NHS NOTTINGHAM AND NOTTINGHAMSHIRE",138097,326379.07,0,0
2023-07-01,71E,"NHS LINCOLNSHIRE",140392,322226.26,0,0
2023-07-01,D2P2L,"NHS BLACK COUNTRY",144132,354159.94,0,0
2023-07-01,15M,"NHS DERBY AND DERBYSHIRE",145554,336011.4,0,0
2023-07-01,W2U3Z,"NHS NORTH WEST LONDON",156299,369962.94,0,0
2023-07-01,A3A8R,"NHS NORTH EAST LONDON",159709,369857.57,0,0
2023-07-01,15N,"NHS DEVON",171494,420388.99,0,0
2023-07-01,26A,"NHS NORFOLK AND WAVENEY",182800,428404.2,0,0
2023-07-01,91Q,"NHS KENT AND MEDWAY",218608,564787.9,0,0
2023-07-01,D9Y0V,"NHS HAMPSHIRE, SOUTHAMPTON AND ISLE OF WIGHT",222372,635859,0,0
2023-08-01,09W,"NHS MEDWAY",0,0,0,0
2023-08-01,D4U1Y,"NHS FRIMLEY",802,1552.02,0,0
2023-08-01,02G,"NHS WEST LANCASHIRE",15297,39002.83,0,0
2023-08-01,05D,"NHS EAST STAFFORDSHIRE",17124,41000.45,0,0
2023-08-01,05V,"NHS STAFFORD AND SURROUNDS",18562,45111.06,0,0
2023-08-01,01V,"NHS SOUTHPORT AND FORMBY",18796,47873.91,0,0
2023-08-01,07G,"NHS THURROCK",19172,42267.94,0,0
2023-08-01,04Y,"NHS CANNOCK CHASE",19652,48131.76,0,0
2023-08-01,99F,"NHS CASTLE POINT AND ROCHFORD",20940,59691.87,0,0
2023-08-01,01F,"NHS HALTON",21532,51378.5,0,0
2023-08-01,02Q,"NHS BASSETLAW",22991,46245.46,0,0
2023-08-01,99G,"NHS SOUTHEND",23813,63483.87,0,0
2023-08-01,00Q,"NHS BLACKBURN WITH DARWEN",23958,49512.85,0,0
2023-08-01,03H,"NHS NORTH EAST LINCOLNSHIRE",25970,46948.85,0,0
2023-08-01,00X,"NHS CHORLEY AND SOUTH RIBBLE",26300,65533.5,0,0
2023-08-01,05Q,"NHS SOUTH EAST STAFFORDSHIRE AND SEISDON PENINSULA",26689,63283.47,0,0
2023-08-01,00V,"NHS BURY",27041,69747.48,0,0
2023-08-01,01T,"NHS SOUTH SEFTON",27356,63100.45,0,0
2023-08-01,10R,"NHS PORTSMOUTH",28468,70299.89,0,0
2023-08-01,02E,"NHS WARRINGTON",28554,73849.08,0,0
2023-08-01,99E,"NHS BASILDON AND BRENTWOOD",29425,78771.45,0,0
2023-08-01,03Q,"NHS VALE OF YORK",29431,67262.69,0,0
2023-08-01,01E,"NHS GREATER PRESTON",29611,61097.19,0,0
2023-08-01,03K,"NHS NORTH LINCOLNSHIRE",30352,58060.84,0,0
2023-08-01,01J,"NHS KNOWSLEY",30564,66490.04,0,0
2023-08-01,02M,"NHS FYLDE AND WYRE",32620,67475.82,0,0
2023-08-01,02A,"NHS TRAFFORD",32748,78542.9,0,0
2023-08-01,05G,"NHS NORTH STAFFORDSHIRE",33791,77201.05,0,0
2023-08-01,02T,"NHS CALDERDALE",33841,69538.55,0,0
2023-08-01,01D,"NHS HEYWOOD, MIDDLETON AND ROCHDALE",33936,75181.55,0,0
2023-08-01,00Y,"NHS OLDHAM",34309,73019.7,0,0
2023-08-01,U2G6B,"NHS THAMES VALLEY ICB - U2G6B",34375,98050.47,0,0
2023-08-01,00N,"NHS SOUTH TYNESIDE",35085,60958.58,0,0
2023-08-01,01Y,"NHS TAMESIDE AND GLOSSOP",36044,73019.67,0,0
2023-08-01,00R,"NHS BLACKPOOL",36162,71542.5,0,0
2023-08-01,01X,"NHS ST HELENS",36739,81341.11,0,0
2023-08-01,07H,"NHS WEST ESSEX",37842,90715.69,0,0
2023-08-01,09D,"NHS BRIGHTON AND HOVE",39587,110740.13,0,0
2023-08-01,04C,"NHS LEICESTER CITY",40676,88841.35,0,0
2023-08-01,03W,"NHS EAST LEICESTERSHIRE AND RUTLAND",41827,110943.58,0,0
2023-08-01,99C,"NHS NORTH TYNESIDE",42429,82324.45,0,0
2023-08-01,00T,"NHS BOLTON",43694,92876.48,0,0
2023-08-01,05W,"NHS STOKE ON TRENT",44156,97476.41,0,0
2023-08-01,03L,"NHS ROTHERHAM",45752,92222.31,0,0
2023-08-01,14Y,"NHS BUCKINGHAMSHIRE",45982,139464.24,0,0
2023-08-01,07K,"NHS WEST SUFFOLK",47280,95928.27,0,0
2023-08-01,02Y,"NHS EAST RIDING OF YORKSHIRE",48019,103597.16,0,0
2023-08-01,01W,"NHS STOCKPORT",48077,107110.28,0,0
2023-08-01,01G,"NHS SALFORD",49673,91537.43,0,0
2023-08-01,03F,"NHS HULL",49931,89932.75,0,0
2023-08-01,01K,"NHS MORECAMBE BAY",50934,120262.13,0,0
2023-08-01,15A,"NHS BERKSHIRE WEST",51063,156754.63,0,0
2023-08-01,01H,"NHS NORTH CUMBRIA",52836,111045.54,0,0
2023-08-01,02X,"NHS DONCASTER",53051,100959.17,0,0
2023-08-01,02H,"NHS WIGAN BOROUGH",53452,129680.88,0,0
2023-08-01,01A,"NHS EAST LANCASHIRE",55658,110945.37,0,0
2023-08-01,02P,"NHS BARNSLEY",55679,96959.16,0,0
2023-08-01,04V,"NHS WEST LEICESTERSHIRE",56745,132503.45,0,0
2023-08-01,06N,"NHS HERTS VALLEYS",57034,142716.71,0,0
2023-08-01,12F,"NHS WIRRAL",58326,131197.04,0,0
2023-08-01,06Q,"NHS MID ESSEX",58337,123834.62,0,0
2023-08-01,03R,"NHS WAKEFIELD",59829,143938.57,0,0
2023-08-01,X2C4Y,"NHS KIRKLEES",61365,143374.27,0,0
2023-08-01,M2L0M,"NHS SHROPSHIRE, TELFORD AND WREKIN",62240,164960.66,0,0
2023-08-01,06T,"NHS NORTH EAST ESSEX",63095,139840.73,0,0
2023-08-01,00L,"NHS NORTHUMBERLAND",63269,129237.62,0,0
2023-08-01,06L,"NHS IPSWICH AND EAST SUFFOLK",64380,150324.71,0,0
2023-08-01,06K,"NHS EAST AND NORTH HERTFORDSHIRE",71144,184750.41,0,0
2023-08-01,00P,"NHS SUNDERLAND",72470,117785.21,0,0
2023-08-01,11X,"NHS SOMERSET",72611,182419.09,0,0
2023-08-01,42D,"NHS NORTH YORKSHIRE",76239,168242.46,0,0
2023-08-01,97R,"NHS EAST SUSSEX",76993,235996.7,0,0
2023-08-01,10Q,"NHS OXFORDSHIRE",79347,223201.95,0,0
2023-08-01,36J,"NHS BRADFORD DISTRICT AND CRAVEN",81136,177359.71,0,0
2023-08-01,99A,"NHS LIVERPOOL",89079,203688.04,0,0
2023-08-01,14L,"NHS MANCHESTER",91274,192368.51,0,0
2023-08-01,11N,"NHS CORNWALL AND THE ISLES OF SCILLY",93713,224161.47,0,0
2023-08-01,03N,"NHS SHEFFIELD",94769,184839.92,0,0
2023-08-01,11M,"NHS GLOUCESTERSHIRE",95530,234179.05,0,0
2023-08-01,M1J4Y,"NHS BEDFORDSHIRE, LUTON AND MILTON KEYNES",99210,239309.85,0,0
2023-08-01,70F,"NHS WEST SUSSEX",101985,309577.23,0,0
2023-08-01,92A,"NHS SURREY HEARTLANDS",102178,350270.83,0,0
2023-08-01,18C,"NHS HEREFORDSHIRE AND WORCESTERSHIRE",103566,260879.35,0,0
2023-08-01,13T,"NHS NEWCASTLE GATESHEAD",103968,192812.24,0,0
2023-08-01,15F,"NHS LEEDS",104160,247150.9,0,0
2023-08-01,11J,"NHS DORSET",105291,275019.09,0,0
2023-08-01,15C,"NHS BRISTOL, NORTH SOMERSET AND SOUTH GLOUCESTERSHIRE",110651,284941.17,0,0
2023-08-01,27D,"NHS CHESHIRE",112761,237597.78,0,0
2023-08-01,78H,"NHS NORTHAMPTONSHIRE",113594,237584.59,0,0
2023-08-01,93C,"NHS NORTH CENTRAL LONDON",119288,314296.56,0,0
2023-08-01,92G,"NHS BATH AND NORTH EAST SOMERSET, SWINDON AND WILTSHIRE",123513,284796.16,0,0
2023-08-01,B2M3M,"NHS COVENTRY AND WARWICKSHIRE",124031,304314.38,0,0
2023-08-01,36L,"NHS SOUTH WEST LONDON",124237,340172.85,0,0
2023-08-01,84H,"NHS COUNTY DURHAM",127420,237933.31,0,0
2023-08-01,06H,"NHS CAMBRIDGESHIRE AND PETERBOROUGH",128562,276691.77,0,0
2023-08-01,72Q,"NHS SOUTH EAST LONDON",135817,358209.98,0,0
2023-08-01,16C,"NHS TEES VALLEY",137715,281915.29,0,0
2023-08-01,15E,"NHS BIRMINGHAM AND SOLIHULL",138296,337111.65,0,0
2023-08-01,71E,"NHS LINCOLNSHIRE",143987,326404.65,0,0
2023-08-01,52R,"NHS NOTTINGHAM AND NOTTINGHAMSHIRE",145211,342189.25,0,0
2023-08-01,D2P2L,"NHS BLACK COUNTRY",146544,360700.86,0,0
2023-08-01,15M,"NHS DERBY AND DERBYSHIRE",149616,344746.95,0,0
2023-08-01,W2U3Z,"NHS NORTH WEST LONDON",156652,362081.17,0,0
2023-08-01,A3A8R,"NHS NORTH EAST LONDON",160539,360905.64,0,0
2023-08-01,15N,"NHS DEVON",175076,431472.9,0,0
2023-08-01,26A,"NHS NORFOLK AND WAVENEY",186416,431410.93,0,0
2023-08-01,91Q,"NHS KENT AND MEDWAY",223853,586663.7,0,0
2023-08-01,D9Y0V,"NHS HAMPSHIRE, SOUTHAMPTON AND ISLE OF WIGHT",225305,650059.7,0,0
2023-09-01,09W,"NHS MEDWAY",0,0,0,0
2023-09-01,D4U1Y,"NHS FRIMLEY",772,1625.92,0,0
2023-09-01,02G,"NHS WEST LANCASHIRE",14843,35935.97,0,0
2023-09-01,05D,"NHS EAST STAFFORDSHIRE",17142,44837.42,0,0
2023-09-01,01V,"NHS SOUTHPORT AND FORMBY",17981,44926.96,0,0
2023-09-01,07G,"NHS THURROCK",18796,42599.2,0,0
2023-09-01,05V,"NHS STAFFORD AND SURROUNDS",18928,44073.12,0,0
2023-09-01,04Y,"NHS CANNOCK CHASE",19385,45349.69,0,0
2023-09-01,99F,"NHS CASTLE POINT AND ROCHFORD",20488,61013.79,0,0
2023-09-01,02Q,"NHS BASSETLAW",21112,43902.57,0,0
2023-09-01,01F,"NHS HALTON",21655,53086.27,0,0
2023-09-01,00Q,"NHS BLACKBURN WITH DARWEN",23351,47914.88,0,0
2023-09-01,99G,"NHS SOUTHEND",23352,65024.09,0,0
2023-09-01,00X,"NHS CHORLEY AND SOUTH RIBBLE",25353,64171.47,0,0
2023-09-01,01T,"NHS SOUTH SEFTON",26034,56960.94,0,0
2023-09-01,03H,"NHS NORTH EAST LINCOLNSHIRE",26303,48033.6,0,0
2023-09-01,05Q,"NHS SOUTH EAST STAFFORDSHIRE AND SEISDON PENINSULA",26585,62662.48,0,0
2023-09-01,00V,"NHS BURY",26663,73331.74,0,0
2023-09-01,03Q,"NHS VALE OF YORK",27278,62302.61,0,0
2023-09-01,02E,"NHS WARRINGTON",27807,73667.9,0,0
2023-09-01,10R,"NHS PORTSMOUTH",28048,67275.32,0,0
2023-09-01,99E,"NHS BASILDON AND BRENTWOOD",28365,77186.35,0,0
2023-09-01,01J,"NHS KNOWSLEY",29307,64321.98,0,0
2023-09-01,01E,"NHS GREATER PRESTON",29592,60913.49,0,0
2023-09-01,03K,"NHS NORTH LINCOLNSHIRE",30386,57730.74,0,0
2023-09-01,02M,"NHS FYLDE AND WYRE",31208,64267.46,0,0
2023-09-01,02T,"NHS CALDERDALE",32078,63839.42,0,0
2023-09-01,02A,"NHS TRAFFORD",32339,78310.72,0,0
2023-09-01,00Y,"NHS OLDHAM",32953,70290.61,0,0
2023-09-01,05G,"NHS NORTH STAFFORDSHIRE",33026,75509.67,0,0
2023-09-01,01D,"NHS HEYWOOD, MIDDLETON AND ROCHDALE",33398,75340.56,0,0
2023-09-01,00N,"NHS SOUTH TYNESIDE",34020,60921.26,0,0
2023-09-01,U2G6B,"NHS THAMES VALLEY ICB - U2G6B",34416,105356.21,0,0
2023-09-01,01X,"NHS ST HELENS",35730,79562.05,0,0
2023-09-01,01Y,"NHS TAMESIDE AND GLOSSOP",35940,71333.54,0,0
2023-09-01,07H,"NHS WEST ESSEX",36414,89335.59,0,0
2023-09-01,00R,"NHS BLACKPOOL",36431,74319.1,0,0
2023-09-01,09D,"NHS BRIGHTON AND HOVE",38696,105543.96,0,0
2023-09-01,04C,"NHS LEICESTER CITY",39723,85393.35,0,0
2023-09-01,03W,"NHS EAST LEICESTERSHIRE AND RUTLAND",40469,107356.16,0,0
2023-09-01,00T,"NHS BOLTON",41620,88503.34,0,0
2023-09-01,05W,"NHS STOKE ON TRENT",42332,92338.73,0,0
2023-09-01,99C,"NHS NORTH TYNESIDE",43403,82051.94,0,0
2023-09-01,03L,"NHS ROTHERHAM",44587,90686.01,0,0
2023-09-01,14Y,"NHS BUCKINGHAMSHIRE",45107,133688.48,0,0
2023-09-01,01W,"NHS STOCKPORT",46228,104364.85,0,0
2023-09-01,02Y,"NHS EAST RIDING OF YORKSHIRE",46380,103178.53,0,0
2023-09-01,07K,"NHS WEST SUFFOLK",46553,93216.77,0,0
2023-09-01,01G,"NHS SALFORD",47347,86753.75,0,0
2023-09-01,03F,"NHS HULL",48752,87893.3,0,0
2023-09-01,01K,"NHS MORECAMBE BAY",49077,115798.2,0,0
2023-09-01,15A,"NHS BERKSHIRE WEST",49576,157508.56,0,0
2023-09-01,01H,"NHS NORTH CUMBRIA",51851,108504.95,0,0
2023-09-01,02H,"NHS WIGAN BOROUGH",52944,127551.5,0,0
2023-09-01,02X,"NHS DONCASTER",53907,106698.03,0,0
2023-09-01,01A,"NHS EAST LANCASHIRE",54008,111160.76,0,0
2023-09-01,02P,"NHS BARNSLEY",54634,97886.38,0,0
2023-09-01,04V,"NHS WEST LEICESTERSHIRE",54955,128923.92,0,0
2023-09-01,06N,"NHS HERTS VALLEYS",55860,139750.92,0,0
2023-09-01,12F,"NHS WIRRAL",57112,129143.76,0,0
2023-09-01,06Q,"NHS MID ESSEX",58002,124044.58,0,0
2023-09-01,03R,"NHS WAKEFIELD",58354,140485.41,0,0
2023-09-01,X2C4Y,"NHS KIRKLEES",59875,135606.59,0,0
2023-09-01,M2L0M,"NHS SHROPSHIRE, TELFORD AND WREKIN",60947,161689.66,0,0
2023-09-01,06T,"NHS NORTH EAST ESSEX",61791,138798.94,0,0
2023-09-01,00L,"NHS NORTHUMBERLAND",62812,129667.64,0,0
2023-09-01,06L,"NHS IPSWICH AND EAST SUFFOLK",63496,154265.73,0,0
2023-09-01,06K,"NHS EAST AND NORTH HERTFORDSHIRE",68939,173525.89,0,0
2023-09-01,00P,"NHS SUNDERLAND",69403,115221.58,0,0
2023-09-01,11X,"NHS SOMERSET",72644,185269.82,0,0
2023-09-01,42D,"NHS NORTH YORKSHIRE",73959,168976.68,0,0
2023-09-01,97R,"NHS EAST SUSSEX",75354,215942.59,0,0
2023-09-01,10Q,"NHS OXFORDSHIRE",78507,219149.68,0,0
2023-09-01,36J,"NHS BRADFORD DISTRICT AND CRAVEN",78769,174349.58,0,0
2023-09-01,99A,"NHS LIVERPOOL",86866,197228.44,0,0
2023-09-01,14L,"NHS MANCHESTER",88080,193247.67,0,0
2023-09-01,03N,"NHS SHEFFIELD",89962,174180.06,0,0
2023-09-01,11M,"NHS GLOUCESTERSHIRE",92424,218151.27,0,0
2023-09-01,11N,"NHS CORNWALL AND THE ISLES OF SCILLY",92799,219748.12,0,0
2023-09-01,M1J4Y,"NHS BEDFORDSHIRE, LUTON AND MILTON KEYNES",98286,231333.64,0,0
2023-09-01,92A,"NHS SURREY HEARTLANDS",99291,333550.51,0,0
2023-09-01,15F,"NHS LEEDS",100119,231245.67,0,0
2023-09-01,70F,"NHS WEST SUSSEX",101052,302634.39,0,0
2023-09-01,13T,"NHS NEWCASTLE GATESHEAD",101593,186435.55,0,0
2023-09-01,18C,"NHS HEREFORDSHIRE AND WORCESTERSHIRE",101766,257359.83,0,0
2023-09-01,11J,"NHS DORSET",102856,275255.61,0,0
2023-09-01,15C,"NHS BRISTOL, NORTH SOMERSET AND SOUTH GLOUCESTERSHIRE",106765,276492.68,0,0
2023-09-01,27D,"NHS CHESHIRE",111060,235373.32,0,0
2023-09-01,78H,"NHS NORTHAMPTONSHIRE",111166,227801.51,0,0
2023-09-01,92G,"NHS BATH AND NORTH EAST SOMERSET, SWINDON AND WILTSHIRE",118832,269813.56,0,0
2023-09-01,93C,"NHS NORTH CENTRAL LONDON",119229,314932.93,0,0
2023-09-01,B2M3M,"NHS COVENTRY AND WARWICKSHIRE",121268,295773.52,0,0
2023-09-01,36L,"NHS SOUTH WEST LONDON",124351,318943.43,0,0
2023-09-01,06H,"NHS CAMBRIDGESHIRE AND PETERBOROUGH",127251,274682.61,0,0
2023-09-01,84H,"NHS COUNTY DURHAM",127772,240418.25,0,0
2023-09-01,72Q,"NHS SOUTH EAST LONDON",133379,351800.07,0,0
2023-09-01,15E,"NHS BIRMINGHAM AND SOLIHULL",136529,332822.83,0,0
2023-09-01,16C,"NHS TEES VALLEY",138200,275399.19,0,0
2023-09-01,52R,"NHS NOTTINGHAM AND NOTTINGHAMSHIRE",141015,325723.56,0,0
2023-09-01,71E,"NHS LINCOLNSHIRE",141697,316505.46,0,0
2023-09-01,D2P2L,"NHS BLACK COUNTRY",144203,350819.86,0,0
2023-09-01,15M,"NHS DERBY AND DERBYSHIRE",146808,347400.71,0,0
2023-09-01,W2U3Z,"NHS NORTH WEST LONDON",154618,379943.83,0,0
2023-09-01,A3A8R,"NHS NORTH EAST LONDON",160060,365699.6,0,0
2023-09-01,15N,"NHS DEVON",169514,416146.41,0,0
2023-09-01,26A,"NHS NORFOLK AND WAVENEY",181819,417697.54,0,0
2023-09-01,91Q,"NHS KENT AND MEDWAY",219997,572518.61,0,0
2023-09-01,D9Y0V,"NHS HAMPSHIRE, SOUTHAMPTON AND ISLE OF WIGHT",223804,650437.29,0,0
2023-10-01,09W,"NHS MEDWAY",0,0,0,0
2023-10-01,D4U1Y,"NHS FRIMLEY",738,1601.82,0,0
2023-10-01,02G,"NHS WEST LANCASHIRE",14888,35075.11,0,0
2023-10-01,05D,"NHS EAST STAFFORDSHIRE",17544,42825.05,0,0
2023-10-01,05V,"NHS STAFFORD AND SURROUNDS",18751,41199.18,0,0
2023-10-01,01V,"NHS SOUTHPORT AND FORMBY",19098,46646.1,0,0
2023-10-01,04Y,"NHS CANNOCK CHASE",19519,43774.64,0,0
2023-10-01,07G,"NHS THURROCK",19712,40069.31,0,0
2023-10-01,99F,"NHS CASTLE POINT AND ROCHFORD",21136,56805.45,0,0
2023-10-01,01F,"NHS HALTON",21636,49811.86,0,0
2023-10-01,02Q,"NHS BASSETLAW",21919,42180.94,0,0
2023-10-01,99G,"NHS SOUTHEND",23596,62155.09,0,0
2023-10-01,00Q,"NHS BLACKBURN WITH DARWEN",23848,43918.42,0,0
2023-10-01,03H,"NHS NORTH EAST LINCOLNSHIRE",25977,43774.81,0,0
2023-10-01,00X,"NHS CHORLEY AND SOUTH RIBBLE",26381,64105.6,0,0
2023-10-01,05Q,"NHS SOUTH EAST STAFFORDSHIRE AND SEISDON PENINSULA",26491,60657.61,0,0
2023-10-01,01T,"NHS SOUTH SEFTON",26616,61545.38,0,0
2023-10-01,00V,"NHS BURY",26926,68223.56,0,0
2023-10-01,03Q,"NHS VALE OF YORK",28541,61233.13,0,0
2023-10-01,02E,"NHS WARRINGTON",28547,70251.12,0,0
2023-10-01,10R,"NHS PORTSMOUTH",28826,64943.57,0,0
2023-10-01,01E,"NHS GREATER PRESTON",29690,59145.75,0,0
2023-10-01,01J,"NHS KNOWSLEY",30601,64380.44,0,0
2023-10-01,03K,"NHS NORTH LINCOLNSHIRE",30850,55407.07,0,0
2023-10-01,99E,"NHS BASILDON AND BRENTWOOD",31007,80551.15,0,0
2023-10-01,02M,"NHS FYLDE AND WYRE",31367,62105.49,0,0
2023-10-01,02A,"NHS TRAFFORD",31903,72435.75,0,0
2023-10-01,02T,"NHS CALDERDALE",33168,62925.05,0,0
2023-10-01,00Y,"NHS OLDHAM",33661,68713.3,0,0
2023-10-01,01D,"NHS HEYWOOD, MIDDLETON AND ROCHDALE",34368,72992.68,0,0
2023-10-01,05G,"NHS NORTH STAFFORDSHIRE",34420,73447.74,0,0
2023-10-01,U2G6B,"NHS THAMES VALLEY ICB - U2G6B",34462,89823.87,0,0
2023-10-01,00N,"NHS SOUTH TYNESIDE",34646,58393.5,0,0
2023-10-01,01Y,"NHS TAMESIDE AND GLOSSOP",35045,68269.56,0,0
2023-10-01,00R,"NHS BLACKPOOL",35606,68459.98,0,0
2023-10-01,07H,"NHS WEST ESSEX",36779,87038.85,0,0
2023-10-01,01X,"NHS ST HELENS",37202,78164,0,0
2023-10-01,09D,"NHS BRIGHTON AND HOVE",38817,101605.56,0,0
2023-10-01,04C,"NHS LEICESTER CITY",40647,84130.43,0,0
2023-10-01,03W,"NHS EAST LEICESTERSHIRE AND RUTLAND",41142,104126.27,0,0
2023-10-01,99C,"NHS NORTH TYNESIDE",42714,77790.87,0,0
2023-10-01,00T,"NHS BOLTON",43538,91419.18,0,0
2023-10-01,05W,"NHS STOKE ON TRENT",43551,89923.14,0,0
2023-10-01,03L,"NHS ROTHERHAM",46279,88678.05,0,0
2023-10-01,07K,"NHS WEST SUFFOLK",46851,91325.47,0,0
2023-10-01,14Y,"NHS BUCKINGHAMSHIRE",47205,138071.9,0,0
2023-10-01,01W,"NHS STOCKPORT",47317,100466.31,0,0
2023-10-01,02Y,"NHS EAST RIDING OF YORKSHIRE",47588,93481.96,0,0
2023-10-01,01G,"NHS SALFORD",49120,84779.31,0,0
2023-10-01,03F,"NHS HULL",49675,83109.8,0,0
2023-10-01,01K,"NHS MORECAMBE BAY",50259,109905.56,0,0
2023-10-01,15A,"NHS BERKSHIRE WEST",51902,154215.79,0,0
2023-10-01,02H,"NHS WIGAN BOROUGH",53471,122924.04,0,0
2023-10-01,01H,"NHS NORTH CUMBRIA",53527,106799.17,0,0
2023-10-01,02X,"NHS DONCASTER",54090,100840.09,0,0
2023-10-01,01A,"NHS EAST LANCASHIRE",55046,105113.37,0,0
2023-10-01,04V,"NHS WEST LEICESTERSHIRE",55172,121442.33,0,0
2023-10-01,02P,"NHS BARNSLEY",55947,89925.9,0,0
2023-10-01,06N,"NHS HERTS VALLEYS",56705,138567.33,0,0
2023-10-01,06Q,"NHS MID ESSEX",57630,118528.86,0,0
2023-10-01,12F,"NHS WIRRAL",57825,123078.19,0,0
2023-10-01,03R,"NHS WAKEFIELD",59612,135957.4,0,0
2023-10-01,M2L0M,"NHS SHROPSHIRE, TELFORD AND WREKIN",61508,155032.6,0,0
2023-10-01,X2C4Y,"NHS KIRKLEES",62204,137928.07,0,0
2023-10-01,00L,"NHS NORTHUMBERLAND",63149,128109.26,0,0
2023-10-01,06T,"NHS NORTH EAST ESSEX",63151,133264.31,0,0
2023-10-01,06L,"NHS IPSWICH AND EAST SUFFOLK",65379,146765.05,0,0
2023-10-01,00P,"NHS SUNDERLAND",71780,112431.16,0,0
2023-10-01,06K,"NHS EAST AND NORTH HERTFORDSHIRE",71870,172653.81,0,0
2023-10-01,11X,"NHS SOMERSET",71893,173235.95,0,0
2023-10-01,97R,"NHS EAST SUSSEX",74708,218305.72,0,0
2023-10-01,42D,"NHS NORTH YORKSHIRE",75203,161128.33,0,0
2023-10-01,10Q,"NHS OXFORDSHIRE",79996,211817.76,0,0
2023-10-01,36J,"NHS BRADFORD DISTRICT AND CRAVEN",81386,171059.34,0,0
2023-10-01,99A,"NHS LIVERPOOL",88752,190147.67,0,0
2023-10-01,14L,"NHS MANCHESTER",90083,180371.45,0,0
2023-10-01,11N,"NHS CORNWALL AND THE ISLES OF SCILLY",93366,221932.05,0,0
2023-10-01,03N,"NHS SHEFFIELD",94720,172885.86,0,0
2023-10-01,11M,"NHS GLOUCESTERSHIRE",95237,220228.03,0,0
2023-10-01,M1J4Y,"NHS BEDFORDSHIRE, LUTON AND MILTON KEYNES",98833,223891.69,0,0
2023-10-01,92A,"NHS SURREY HEARTLANDS",101173,333895.95,0,0
2023-10-01,70F,"NHS WEST SUSSEX",102727,293042.12,0,0
2023-10-01,15F,"NHS LEEDS",103028,229647.43,0,0
2023-10-01,13T,"NHS NEWCASTLE GATESHEAD",103116,180949.18,0,0
2023-10-01,18C,"NHS HEREFORDSHIRE AND WORCESTERSHIRE",103203,246614.06,0,0
2023-10-01,11J,"NHS DORSET",105170,271970.17,0,0
2023-10-01,15C,"NHS BRISTOL, NORTH SOMERSET AND SOUTH GLOUCESTERSHIRE",109706,261090.55,0,0
2023-10-01,27D,"NHS CHESHIRE",111862,222123.36,0,0
2023-10-01,78H,"NHS NORTHAMPTONSHIRE",111912,216501.02,0,0
2023-10-01,93C,"NHS NORTH CENTRAL LONDON",121547,305259.22,0,0
2023-10-01,92G,"NHS BATH AND NORTH EAST SOMERSET, SWINDON AND WILTSHIRE",121565,270077.58,0,0
2023-10-01,B2M3M,"NHS COVENTRY AND WARWICKSHIRE",124201,285272.58,0,0
2023-10-01,36L,"NHS SOUTH WEST LONDON",125384,314365.32,0,0
2023-10-01,84H,"NHS COUNTY DURHAM",127222,234863.65,0,0
2023-10-01,06H,"NHS CAMBRIDGESHIRE AND PETERBOROUGH",129688,269602.97,0,0
2023-10-01,72Q,"NHS SOUTH EAST LONDON",135368,343923.6,0,0
2023-10-01,16C,"NHS TEES VALLEY",137445,266837.15,0,0
2023-10-01,15E,"NHS BIRMINGHAM AND SOLIHULL",139604,321984.44,0,0
2023-10-01,52R,"NHS NOTTINGHAM AND NOTTINGHAMSHIRE",142217,315038.21,0,0
2023-10-01,71E,"NHS LINCOLNSHIRE",142328,301384.18,0,0
2023-10-01,D2P2L,"NHS BLACK COUNTRY",147258,340393.79,0,0
2023-10-01,15M,"NHS DERBY AND DERBYSHIRE",148243,322763.93,0,0
2023-10-01,W2U3Z,"NHS NORTH WEST LONDON",158847,361288.19,0,0
2023-10-01,A3A8R,"NHS NORTH EAST LONDON",163646,362177,0,0
2023-10-01,15N,"NHS DEVON",174657,404076.9,0,0
2023-10-01,26A,"NHS NORFOLK AND WAVENEY",185871,405611.84,0,0
2023-10-01,91Q,"NHS KENT AND MEDWAY",222941,564455.11,0,0
2023-10-01,D9Y0V,"NHS HAMPSHIRE, SOUTHAMPTON AND ISLE OF WIGHT",225892,626057.63,0,0
2023-11-01,09W,"NHS MEDWAY",0,0,0,0
2023-11-01,D4U1Y,"NHS FRIMLEY",820,1650.09,0,0
2023-11-01,02G,"NHS WEST LANCASHIRE",15383,36635.37,0,0
2023-11-01,05D,"NHS EAST STAFFORDSHIRE",17671,40835.14,0,0
2023-11-01,01V,"NHS SOUTHPORT AND FORMBY",18515,42683.58,0,0
2023-11-01,05V,"NHS STAFFORD AND SURROUNDS",19174,43708.45,0,0
2023-11-01,07G,"NHS THURROCK",19605,40659.14,0,0
2023-11-01,04Y,"NHS CANNOCK CHASE",19617,45854.32,0,0
2023-11-01,99F,"NHS CASTLE POINT AND ROCHFORD",21109,61883.03,0,0
2023-11-01,02Q,"NHS BASSETLAW",22029,44150.31,0,0
2023-11-01,01F,"NHS HALTON",22410,51803.55,0,0
2023-11-01,99G,"NHS SOUTHEND",23169,60120.27,0,0
2023-11-01,00Q,"NHS BLACKBURN WITH DARWEN",24769,49757.04,0,0
2023-11-01,03H,"NHS NORTH EAST LINCOLNSHIRE",26118,45476.85,0,0
2023-11-01,00X,"NHS CHORLEY AND SOUTH RIBBLE",26439,65435.92,0,0
2023-11-01,01T,"NHS SOUTH SEFTON",27481,59617.17,0,0
2023-11-01,00V,"NHS BURY",27566,68352.9,0,0
2023-11-01,05Q,"NHS SOUTH EAST STAFFORDSHIRE AND SEISDON PENINSULA",27675,60007.55,0,0
2023-11-01,02E,"NHS WARRINGTON",28240,71898.38,0,0
2023-11-01,10R,"NHS PORTSMOUTH",28738,66439.77,0,0
2023-11-01,03Q,"NHS VALE OF YORK",29529,66238.33,0,0
2023-11-01,99E,"NHS BASILDON AND BRENTWOOD",29995,78663.12,0,0
2023-11-01,01J,"NHS KNOWSLEY",30107,62536.63,0,0
2023-11-01,01E,"NHS GREATER PRESTON",30462,62002.66,0,0
2023-11-01,03K,"NHS NORTH LINCOLNSHIRE",31012,55720.27,0,0
2023-11-01,02M,"NHS FYLDE AND WYRE",32269,65028.57,0,0
2023-11-01,02T,"NHS CALDERDALE",32908,63957.42,0,0
2023-11-01,02A,"NHS TRAFFORD",32965,80954.3,0,0
2023-11-01,00Y,"NHS OLDHAM",33398,67043.46,0,0
2023-11-01,01D,"NHS HEYWOOD, MIDDLETON AND ROCHDALE",33859,72795.37,0,0
2023-11-01,05G,"NHS NORTH STAFFORDSHIRE",34164,75833.89,0,0
2023-11-01,00N,"NHS SOUTH TYNESIDE",34170,60453.01,0,0
2023-11-01,U2G6B,"NHS THAMES VALLEY ICB - U2G6B",35407,103529.1,0,0
2023-11-01,01Y,"NHS TAMESIDE AND GLOSSOP",36165,68069.1,0,0
2023-11-01,01X,"NHS ST HELENS",37299,78249.2,0,0
2023-11-01,00R,"NHS BLACKPOOL",37314,70268.33,0,0
2023-11-01,07H,"NHS WEST ESSEX",38457,89894.43,0,0
2023-11-01,09D,"NHS BRIGHTON AND HOVE",40065,108079.71,0,0
2023-11-01,04C,"NHS LEICESTER CITY",41490,89423.27,0,0
2023-11-01,03W,"NHS EAST LEICESTERSHIRE AND RUTLAND",42494,106156.26,0,0
2023-11-01,00T,"NHS BOLTON",42885,91336.37,0,0
2023-11-01,99C,"NHS NORTH TYNESIDE",42998,78214.99,0,0
2023-11-01,05W,"NHS STOKE ON TRENT",43815,89539.76,0,0
2023-11-01,03L,"NHS ROTHERHAM",45846,86671.84,0,0
2023-11-01,14Y,"NHS BUCKINGHAMSHIRE",46690,141887.38,0,0
2023-11-01,07K,"NHS WEST SUFFOLK",46999,89385.97,0,0
2023-11-01,01W,"NHS STOCKPORT",47956,102300.58,0,0
2023-11-01,01G,"NHS SALFORD",49010,83666.43,0,0
2023-11-01,02Y,"NHS EAST RIDING OF YORKSHIRE",49134,101336.09,0,0
2023-11-01,03F,"NHS HULL",50251,86346.48,0,0
2023-11-01,01K,"NHS MORECAMBE BAY",50738,113614.54,0,0
2023-11-01,15A,"NHS BERKSHIRE WEST",51861,162673.05,0,0
2023-11-01,01H,"NHS NORTH CUMBRIA",53389,104906.14,0,0
2023-11-01,02X,"NHS DONCASTER",53607,96404.2,0,0
2023-11-01,02H,"NHS WIGAN BOROUGH",54502,126654.48,0,0
2023-11-01,02P,"NHS BARNSLEY",55491,90991.07,0,0
2023-11-01,01A,"NHS EAST LANCASHIRE",55850,104623.94,0,0
2023-11-01,04V,"NHS WEST LEICESTERSHIRE",56805,127138.65,0,0
2023-11-01,06N,"NHS HERTS VALLEYS",57554,137978.07,0,0
2023-11-01,06Q,"NHS MID ESSEX",58255,118222.39,0,0
2023-11-01,12F,"NHS WIRRAL",58814,126684.41,0,0
2023-11-01,03R,"NHS WAKEFIELD",59858,139221.45,0,0
2023-11-01,X2C4Y,"NHS KIRKLEES",61140,141170.9,0,0
2023-11-01,M2L0M,"NHS SHROPSHIRE, TELFORD AND WREKIN",62581,156319.72,0,0
2023-11-01,06T,"NHS NORTH EAST ESSEX",63180,141200.5,0,0
2023-11-01,00L,"NHS NORTHUMBERLAND",64058,125038.88,0,0
2023-11-01,06L,"NHS IPSWICH AND EAST SUFFOLK",65024,147955.75,0,0
2023-11-01,06K,"NHS EAST AND NORTH HERTFORDSHIRE",72073,172662.2,0,0
2023-11-01,00P,"NHS SUNDERLAND",72788,122653.25,0,0
2023-11-01,11X,"NHS SOMERSET",73615,175734.78,0,0
2023-11-01,97R,"NHS EAST SUSSEX",75370,220930.81,0,0
2023-11-01,42D,"NHS NORTH YORKSHIRE",76142,165856.46,0,0
2023-11-01,36J,"NHS BRADFORD DISTRICT AND CRAVEN",81267,172026.82,0,0
2023-11-01,10Q,"NHS OXFORDSHIRE",81658,205042.34,0,0
2023-11-01,99A,"NHS LIVERPOOL",89154,196059.86,0,0
2023-11-01,14L,"NHS MANCHESTER",91016,194512.26,0,0
2023-11-01,11N,"NHS CORNWALL AND THE ISLES OF SCILLY",94098,222081.49,0,0
2023-11-01,03N,"NHS SHEFFIELD",94763,171889.69,0,0
2023-11-01,11M,"NHS GLOUCESTERSHIRE",96389,227889.09,0,0
2023-11-01,M1J4Y,"NHS BEDFORDSHIRE, LUTON AND MILTON KEYNES",99470,223526.42,0,0
2023-11-01,18C,"NHS HEREFORDSHIRE AND WORCESTERSHIRE",102765,247058.23,0,0
2023-11-01,13T,"NHS NEWCASTLE GATESHEAD",103450,183805.9,0,0
2023-11-01,92A,"NHS SURREY HEARTLANDS",103681,342271.9,0,0
2023-11-01,15F,"NHS LEEDS",104387,228961.2,0,0
2023-11-01,70F,"NHS WEST SUSSEX",105247,298904.25,0,0
2023-11-01,11J,"NHS DORSET",107000,261216.35,0,0
2023-11-01,15C,"NHS BRISTOL, NORTH SOMERSET AND SOUTH GLOUCESTERSHIRE",109775,266803.54,0,0
2023-11-01,78H,"NHS NORTHAMPTONSHIRE",112546,220209.97,0,0
2023-11-01,27D,"NHS CHESHIRE",113626,228200.05,0,0
2023-11-01,93C,"NHS NORTH CENTRAL LONDON",124692,311009.3,0,0
2023-11-01,92G,"NHS BATH AND NORTH EAST SOMERSET, SWINDON AND WILTSHIRE",124970,278964.49,0,0
2023-11-01,B2M3M,"NHS COVENTRY AND WARWICKSHIRE",125698,297871.86,0,0
2023-11-01,36L,"NHS SOUTH WEST LONDON",127131,315473.29,0,0
2023-11-01,06H,"NHS CAMBRIDGESHIRE AND PETERBOROUGH",130179,267654.18,0,0
2023-11-01,84H,"NHS COUNTY DURHAM",130569,233325.65,0,0
2023-11-01,72Q,"NHS SOUTH EAST LONDON",138393,344041.07,0,0
2023-11-01,16C,"NHS TEES VALLEY",139112,270145.71,0,0
2023-11-01,15E,"NHS BIRMINGHAM AND SOLIHULL",139629,327054.61,0,0
2023-11-01,71E,"NHS LINCOLNSHIRE",144115,314465.68,0,0
2023-11-01,52R,"NHS NOTTINGHAM AND NOTTINGHAMSHIRE",146227,312534.21,0,0
2023-11-01,D2P2L,"NHS BLACK COUNTRY",150014,347262.47,0,0
2023-11-01,15M,"NHS DERBY AND DERBYSHIRE",150164,332896.64,0,0
2023-11-01,W2U3Z,"NHS NORTH WEST LONDON",160185,367548.69,0,0
2023-11-01,A3A8R,"NHS NORTH EAST LONDON",165427,365036.95,0,0
2023-11-01,15N,"NHS DEVON",177739,425101.1,0,0
2023-11-01,26A,"NHS NORFOLK AND WAVENEY",186141,411939.71,0,0
2023-11-01,91Q,"NHS KENT AND MEDWAY",223390,563856.66,0,0
2023-11-01,D9Y0V,"NHS HAMPSHIRE, SOUTHAMPTON AND ISLE OF WIGHT",229210,640783.39,0,0
2023-12-01,09W,"NHS MEDWAY",0,0,0,0
2023-12-01,D4U1Y,"NHS FRIMLEY",704,1698.28,0,0
2023-12-01,02G,"NHS WEST LANCASHIRE",15361,35981.86,0,0
2023-12-01,05D,"NHS EAST STAFFORDSHIRE",17853,43137.96,0,0
2023-12-01,01V,"NHS SOUTHPORT AND FORMBY",18958,45010.37,0,0
2023-12-01,07G,"NHS THURROCK",19089,40610.44,0,0
2023-12-01,05V,"NHS STAFFORD AND SURROUNDS",19402,43574.09,0,0
2023-12-01,04Y,"NHS CANNOCK CHASE",20239,46813.41,0,0
2023-12-01,99F,"NHS CASTLE POINT AND ROCHFORD",20544,56954.44,0,0
2023-12-01,01F,"NHS HALTON",21714,49957.83,0,0
2023-12-01,02Q,"NHS BASSETLAW",21889,42628.08,0,0
2023-12-01,00Q,"NHS BLACKBURN WITH DARWEN",23342,46220.86,0,0
2023-12-01,99G,"NHS SOUTHEND",23582,65911.57,0,0
2023-12-01,05Q,"NHS SOUTH EAST STAFFORDSHIRE AND SEISDON PENINSULA",26411,61957.13,0,0
2023-12-01,00V,"NHS BURY",26469,65577.45,0,0
2023-12-01,00X,"NHS CHORLEY AND SOUTH RIBBLE",26485,64984.11,0,0
2023-12-01,03H,"NHS NORTH EAST LINCOLNSHIRE",26833,46642,0,0
2023-12-01,01T,"NHS SOUTH SEFTON",27195,58298.27,0,0
2023-12-01,02E,"NHS WARRINGTON",28402,71931.43,0,0
2023-12-01,10R,"NHS PORTSMOUTH",28467,65363.68,0,0
2023-12-01,99E,"NHS BASILDON AND BRENTWOOD",29045,77247.5,0,0
2023-12-01,03Q,"NHS VALE OF YORK",29639,67492.38,0,0
2023-12-01,01E,"NHS GREATER PRESTON",29832,60889.06,0,0
2023-12-01,01J,"NHS KNOWSLEY",30712,63545.59,0,0
2023-12-01,03K,"NHS NORTH LINCOLNSHIRE",30907,57734.47,0,0
2023-12-01,02M,"NHS FYLDE AND WYRE",31783,64464.34,0,0
2023-12-01,02A,"NHS TRAFFORD",32317,76789.86,0,0
2023-12-01,02T,"NHS CALDERDALE",32342,64877.13,0,0
2023-12-01,01D,"NHS HEYWOOD, MIDDLETON AND ROCHDALE",33438,73791.94,0,0
2023-12-01,00Y,"NHS OLDHAM",33594,69014,0,0
2023-12-01,00N,"NHS SOUTH TYNESIDE",34064,59292.61,0,0
2023-12-01,05G,"NHS NORTH STAFFORDSHIRE",34321,77847.01,0,0
2023-12-01,U2G6B,"NHS THAMES VALLEY ICB - U2G6B",35052,102681.18,0,0
2023-12-01,01Y,"NHS TAMESIDE AND GLOSSOP",35577,68049.5,0,0
2023-12-01,00R,"NHS BLACKPOOL",36273,69269.68,0,0
2023-12-01,01X,"NHS ST HELENS",37415,82792.04,0,0
2023-12-01,07H,"NHS WEST ESSEX",37826,87229.59,0,0
2023-12-01,09D,"NHS BRIGHTON AND HOVE",38890,97477.15,0,0
2023-12-01,04C,"NHS LEICESTER CITY",40490,87383.07,0,0
2023-12-01,03W,"NHS EAST LEICESTERSHIRE AND RUTLAND",42047,111495,0,0
2023-12-01,00T,"NHS BOLTON",42834,90789.33,0,0
2023-12-01,05W,"NHS STOKE ON TRENT",43461,89472.95,0,0
2023-12-01,99C,"NHS NORTH TYNESIDE",44394,81911.66,0,0
2023-12-01,03L,"NHS ROTHERHAM",45389,89665.9,0,0
2023-12-01,07K,"NHS WEST SUFFOLK",47104,93093.36,0,0
2023-12-01,01W,"NHS STOCKPORT",47238,100826.26,0,0
2023-12-01,02Y,"NHS EAST RIDING OF YORKSHIRE",47448,96208.9,0,0
2023-12-01,14Y,"NHS BUCKINGHAMSHIRE",47939,141305.36,0,0
2023-12-01,01G,"NHS SALFORD",48532,82528.47,0,0
2023-12-01,03F,"NHS HULL",49034,82076.53,0,0
2023-12-01,01K,"NHS MORECAMBE BAY",50508,113441.96,0,0
2023-12-01,15A,"NHS BERKSHIRE WEST",51504,161809.34,0,0
2023-12-01,01H,"NHS NORTH CUMBRIA",53224,105199.34,0,0
2023-12-01,02X,"NHS DONCASTER",53625,97098.88,0,0
2023-12-01,02H,"NHS WIGAN BOROUGH",54177,123762.96,0,0
2023-12-01,02P,"NHS BARNSLEY",54382,90459.14,0,0
2023-12-01,01A,"NHS EAST LANCASHIRE",55060,108059.49,0,0
2023-12-01,04V,"NHS WEST LEICESTERSHIRE",56609,129518.09,0,0
2023-12-01,06N,"NHS HERTS VALLEYS",56987,140641.51,0,0
2023-12-01,06Q,"NHS MID ESSEX",58321,121516.95,0,0
2023-12-01,03R,"NHS WAKEFIELD",58532,137999.46,0,0
2023-12-01,12F,"NHS WIRRAL",58665,125922.72,0,0
2023-12-01,X2C4Y,"NHS KIRKLEES",59178,138284.69,0,0
2023-12-01,M2L0M,"NHS SHROPSHIRE, TELFORD AND WREKIN",61734,160955.68,0,0
2023-12-01,06T,"NHS NORTH EAST ESSEX",64090,138114.5,0,0
2023-12-01,00L,"NHS NORTHUMBERLAND",64993,127740.52,0,0
2023-12-01,06L,"NHS IPSWICH AND EAST SUFFOLK",65339,148189.17,0,0
2023-12-01,06K,"NHS EAST AND NORTH HERTFORDSHIRE",70369,169058.74,0,0
2023-12-01,00P,"NHS SUNDERLAND",70948,122487.47,0,0
2023-12-01,11X,"NHS SOMERSET",72522,175948.31,0,0
2023-12-01,42D,"NHS NORTH YORKSHIRE",76575,167939.23,0,0
2023-12-01,97R,"NHS EAST SUSSEX",76836,212995.71,0,0
2023-12-01,36J,"NHS BRADFORD DISTRICT AND CRAVEN",80591,173856.98,0,0
2023-12-01,10Q,"NHS OXFORDSHIRE",81627,221535.47,0,0
2023-12-01,99A,"NHS LIVERPOOL",88267,193559.12,0,0
2023-12-01,14L,"NHS MANCHESTER",89602,181000.5,0,0
2023-12-01,11M,"NHS GLOUCESTERSHIRE",92147,214258.46,0,0
2023-12-01,03N,"NHS SHEFFIELD",92718,174772.65,0,0
2023-12-01,11N,"NHS CORNWALL AND THE ISLES OF SCILLY",94275,222171.13,0,0
2023-12-01,M1J4Y,"NHS BEDFORDSHIRE, LUTON AND MILTON KEYNES",98923,222168.73,0,0
2023-12-01,70F,"NHS WEST SUSSEX",102557,295692.87,0,0
2023-12-01,92A,"NHS SURREY HEARTLANDS",102764,347312.69,0,0
2023-12-01,13T,"NHS NEWCASTLE GATESHEAD",103068,188263.12,0,0
2023-12-01,18C,"NHS HEREFORDSHIRE AND WORCESTERSHIRE",103358,252095.31,0,0
2023-12-01,11J,"NHS DORSET",104505,267650.9,0,0
2023-12-01,15F,"NHS LEEDS",104680,249401.56,0,0
2023-12-01,15C,"NHS BRISTOL, NORTH SOMERSET AND SOUTH GLOUCESTERSHIRE",109528,269211.95,0,0
2023-12-01,27D,"NHS CHESHIRE",112774,229083.28,0,0
2023-12-01,78H,"NHS NORTHAMPTONSHIRE",113057,221822.64,0,0
2023-12-01,93C,"NHS NORTH CENTRAL LONDON",119761,310161.9,0,0
2023-12-01,92G,"NHS BATH AND NORTH EAST SOMERSET, SWINDON AND WILTSHIRE",123505,272013.3,0,0
2023-12-01,36L,"NHS SOUTH WEST LONDON",125087,315436.33,0,0
2023-12-01,B2M3M,"NHS COVENTRY AND WARWICKSHIRE",125387,296946.05,0,0
2023-12-01,84H,"NHS COUNTY DURHAM",126682,227344.22,0,0
2023-12-01,06H,"NHS CAMBRIDGESHIRE AND PETERBOROUGH",129419,271535.09,0,0
2023-12-01,72Q,"NHS SOUTH EAST LONDON",136466,347997.14,0,0
2023-12-01,15E,"NHS BIRMINGHAM AND SOLIHULL",138888,335770.94,0,0
2023-12-01,16C,"NHS TEES VALLEY",139131,273233.06,0,0
2023-12-01,D2P2L,"NHS BLACK COUNTRY",144354,341534.36,0,0
2023-12-01,52R,"NHS NOTTINGHAM AND NOTTINGHAMSHIRE",144458,324392.82,0,0
2023-12-01,71E,"NHS LINCOLNSHIRE",145002,314111.56,0,0
2023-12-01,15M,"NHS DERBY AND DERBYSHIRE",148013,329772.55,0,0
2023-12-01,W2U3Z,"NHS NORTH WEST LONDON",157541,370874.14,0,0
2023-12-01,A3A8R,"NHS NORTH EAST LONDON",162372,360368.65,0,0
2023-12-01,15N,"NHS DEVON",174640,413422.92,0,0
2023-12-01,26A,"NHS NORFOLK AND WAVENEY",187162,416788.62,0,0
2023-12-01,91Q,"NHS KENT AND MEDWAY",224409,568133.74,0,0
2023-12-01,D9Y0V,"NHS HAMPSHIRE, SOUTHAMPTON AND ISLE OF WIGHT",227775,650341.52,0,0
2024-01-01,09W,"NHS MEDWAY",0,0,0,0
2024-01-01,D4U1Y,"NHS FRIMLEY",785,1513.82,0,0
2024-01-01,02G,"NHS WEST LANCASHIRE",15607,37079.6,0,0
2024-01-01,05D,"NHS EAST STAFFORDSHIRE",18399,42280.45,0,0
2024-01-01,01V,"NHS SOUTHPORT AND FORMBY",19052,46097.01,0,0
2024-01-01,05V,"NHS STAFFORD AND SURROUNDS",19529,45084.65,0,0
2024-01-01,04Y,"NHS CANNOCK CHASE",20163,44751.05,0,0
2024-01-01,07G,"NHS THURROCK",20335,42328,0,0
2024-01-01,99F,"NHS CASTLE POINT AND ROCHFORD",22095,63740.5,0,0
2024-01-01,01F,"NHS HALTON",22469,51496.76,0,0
2024-01-01,02Q,"NHS BASSETLAW",22945,44918.02,0,0
2024-01-01,00Q,"NHS BLACKBURN WITH DARWEN",24547,46543.69,0,0
2024-01-01,99G,"NHS SOUTHEND",24773,65592.03,0,0
2024-01-01,00X,"NHS CHORLEY AND SOUTH RIBBLE",26994,63601.37,0,0
2024-01-01,03H,"NHS NORTH EAST LINCOLNSHIRE",27200,46126.29,0,0
2024-01-01,00V,"NHS BURY",27670,67691.58,0,0
2024-01-01,01T,"NHS SOUTH SEFTON",27739,59177.27,0,0
2024-01-01,05Q,"NHS SOUTH EAST STAFFORDSHIRE AND SEISDON PENINSULA",27798,62787.21,0,0
2024-01-01,03Q,"NHS VALE OF YORK",29608,66550.53,0,0
2024-01-01,02E,"NHS WARRINGTON",29794,73829.63,0,0
2024-01-01,10R,"NHS PORTSMOUTH",29840,69381.08,0,0
2024-01-01,01J,"NHS KNOWSLEY",30744,64395.63,0,0
2024-01-01,01E,"NHS GREATER PRESTON",30840,60828.55,0,0
2024-01-01,99E,"NHS BASILDON AND BRENTWOOD",31318,79876.06,0,0
2024-01-01,03K,"NHS NORTH LINCOLNSHIRE",31591,57433.33,0,0
2024-01-01,02M,"NHS FYLDE AND WYRE",31968,62097.71,0,0
2024-01-01,02A,"NHS TRAFFORD",33553,78818.97,0,0
2024-01-01,02T,"NHS CALDERDALE",34113,66199.47,0,0
2024-01-01,05G,"NHS NORTH STAFFORDSHIRE",35346,80915.54,0,0
2024-01-01,01D,"NHS HEYWOOD, MIDDLETON AND ROCHDALE",35611,74076.52,0,0
2024-01-01,00Y,"NHS OLDHAM",35707,74538.63,0,0
2024-01-01,U2G6B,"NHS THAMES VALLEY ICB - U2G6B",35762,102846.71,0,0
2024-01-01,00N,"NHS SOUTH TYNESIDE",35848,59939.96,0,0
2024-01-01,01Y,"NHS TAMESIDE AND GLOSSOP",36868,72958.71,0,0
2024-01-01,00R,"NHS BLACKPOOL",38135,73091.06,0,0
2024-01-01,01X,"NHS ST HELENS",38533,82931.3,0,0
2024-01-01,07H,"NHS WEST ESSEX",38671,84898.77,0,0
2024-01-01,09D,"NHS BRIGHTON AND HOVE",40720,111375.1,0,0
2024-01-01,04C,"NHS LEICESTER CITY",42297,89933.54,0,0
2024-01-01,03W,"NHS EAST LEICESTERSHIRE AND RUTLAND",43162,111142.64,0,0
2024-01-01,00T,"NHS BOLTON",44197,89273.46,0,0
2024-01-01,99C,"NHS NORTH TYNESIDE",44694,82026.73,0,0
2024-01-01,05W,"NHS STOKE ON TRENT",45640,93142.66,0,0
2024-01-01,14Y,"NHS BUCKINGHAMSHIRE",47820,136936.2,0,0
2024-01-01,03L,"NHS ROTHERHAM",48500,95341.67,0,0
2024-01-01,07K,"NHS WEST SUFFOLK",48909,95871.52,0,0
2024-01-01,01W,"NHS STOCKPORT",49504,106183.61,0,0
2024-01-01,02Y,"NHS EAST RIDING OF YORKSHIRE",49562,102472.46,0,0
2024-01-01,01G,"NHS SALFORD",50518,85611.5,0,0
2024-01-01,03F,"NHS HULL",51198,85752.26,0,0
2024-01-01,01K,"NHS MORECAMBE BAY",51718,113799.02,0,0
2024-01-01,15A,"NHS BERKSHIRE WEST",52864,161464.7,0,0
2024-01-01,01H,"NHS NORTH CUMBRIA",54284,107679.16,0,0
2024-01-01,02H,"NHS WIGAN BOROUGH",55464,129485.22,0,0
2024-01-01,02X,"NHS DONCASTER",56334,102297.83,0,0
2024-01-01,01A,"NHS EAST LANCASHIRE",57259,106102.78,0,0
2024-01-01,02P,"NHS BARNSLEY",57493,92485.14,0,0
2024-01-01,04V,"NHS WEST LEICESTERSHIRE",58313,130878.17,0,0
2024-01-01,12F,"NHS WIRRAL",59285,128551.69,0,0
2024-01-01,06N,"NHS HERTS VALLEYS",59770,142161.01,0,0
2024-01-01,06Q,"NHS MID ESSEX",59775,124028.9,0,0
2024-01-01,03R,"NHS WAKEFIELD",61804,136708.29,0,0
2024-01-01,X2C4Y,"NHS KIRKLEES",63082,147663.47,0,0
2024-01-01,M2L0M,"NHS SHROPSHIRE, TELFORD AND WREKIN",63785,163539.44,0,0
2024-01-01,06T,"NHS NORTH EAST ESSEX",64318,138625.39,0,0
2024-01-01,00L,"NHS NORTHUMBERLAND",65334,127958.92,0,0
2024-01-01,06L,"NHS IPSWICH AND EAST SUFFOLK",67771,151247.88,0,0
2024-01-01,06K,"NHS EAST AND NORTH HERTFORDSHIRE",74184,178300.18,0,0
2024-01-01,00P,"NHS SUNDERLAND",74449,124690.73,0,0
2024-01-01,11X,"NHS SOMERSET",74784,176536.77,0,0
2024-01-01,97R,"NHS EAST SUSSEX",77130,222554.68,0,0
2024-01-01,42D,"NHS NORTH YORKSHIRE",77945,166977.55,0,0
2024-01-01,10Q,"NHS OXFORDSHIRE",83536,213469.34,0,0
2024-01-01,36J,"NHS BRADFORD DISTRICT AND CRAVEN",84785,174439.14,0,0
2024-01-01,99A,"NHS LIVERPOOL",90477,201371.9,0,0
2024-01-01,14L,"NHS MANCHESTER",93467,188379.73,0,0
2024-01-01,11N,"NHS CORNWALL AND THE ISLES OF SCILLY",96997,225359.92,0,0
2024-01-01,03N,"NHS SHEFFIELD",98266,176930.34,0,0
2024-01-01,11M,"NHS GLOUCESTERSHIRE",98969,224615.24,0,0
2024-01-01,M1J4Y,"NHS BEDFORDSHIRE, LUTON AND MILTON KEYNES",102580,233747.71,0,0
2024-01-01,92A,"NHS SURREY HEARTLANDS",105125,338843.62,0,0
2024-01-01,13T,"NHS NEWCASTLE GATESHEAD",106663,184783.66,0,0
2024-01-01,15F,"NHS LEEDS",107077,246043.68,0,0
2024-01-01,18C,"NHS HEREFORDSHIRE AND WORCESTERSHIRE",107301,251048.23,0,0
2024-01-01,70F,"NHS WEST SUSSEX",108421,297672.88,0,0
2024-01-01,11J,"NHS DORSET",110490,271430.67,0,0
2024-01-01,15C,"NHS BRISTOL, NORTH SOMERSET AND SOUTH GLOUCESTERSHIRE",111397,274476.52,0,0
2024-01-01,27D,"NHS CHESHIRE",115541,231394.46,0,0
2024-01-01,78H,"NHS NORTHAMPTONSHIRE",116322,227798.7,0,0
2024-01-01,B2M3M,"NHS COVENTRY AND WARWICKSHIRE",126740,298510.88,0,0
2024-01-01,92G,"NHS BATH AND NORTH EAST SOMERSET, SWINDON AND WILTSHIRE",126966,274441.92,0,0
2024-01-01,93C,"NHS NORTH CENTRAL LONDON",127980,325585.08,0,0
2024-01-01,36L,"NHS SOUTH WEST LONDON",129120,319867.61,0,0
2024-01-01,06H,"NHS CAMBRIDGESHIRE AND PETERBOROUGH",133872,278520.39,0,0
2024-01-01,84H,"NHS COUNTY DURHAM",134707,239517.22,0,0
2024-01-01,72Q,"NHS SOUTH EAST LONDON",142925,365719.52,0,0
2024-01-01,15E,"NHS BIRMINGHAM AND SOLIHULL",143548,332270.88,0,0
2024-01-01,16C,"NHS TEES VALLEY",144689,286197.7,0,0
2024-01-01,71E,"NHS LINCOLNSHIRE",148108,317536.24,0,0
2024-01-01,52R,"NHS NOTTINGHAM AND NOTTINGHAMSHIRE",150512,328720.49,0,0
2024-01-01,D2P2L,"NHS BLACK COUNTRY",153547,357369.73,0,0
2024-01-01,15M,"NHS DERBY AND DERBYSHIRE",155263,353027.18,0,0
2024-01-01,W2U3Z,"NHS NORTH WEST LONDON",165388,385985.94,0,0
2024-01-01,A3A8R,"NHS NORTH EAST LONDON",171684,374102.84,0,0
2024-01-01,15N,"NHS DEVON",181343,423361.69,0,0
2024-01-01,26A,"NHS NORFOLK AND WAVENEY",192008,417666.61,0,0
2024-01-01,91Q,"NHS KENT AND MEDWAY",232111,588987.44,0,0
2024-01-01,D9Y0V,"NHS HAMPSHIRE, SOUTHAMPTON AND ISLE OF WIGHT",236464,651792.79,0,0
2024-02-01,09W,"NHS MEDWAY",0,0,0,0
2024-02-01,D4U1Y,"NHS FRIMLEY",763,1221.21,0,0
2024-02-01,02G,"NHS WEST LANCASHIRE",14606,36082.06,0,0
2024-02-01,05D,"NHS EAST STAFFORDSHIRE",16802,38951.56,0,0
2024-02-01,07G,"NHS THURROCK",18102,38074.77,0,0
2024-02-01,05V,"NHS STAFFORD AND SURROUNDS",18115,41662.59,0,0
2024-02-01,01V,"NHS SOUTHPORT AND FORMBY",18195,43813.45,0,0
2024-02-01,04Y,"NHS CANNOCK CHASE",18810,49906.12,0,0
2024-02-01,99F,"NHS CASTLE POINT AND ROCHFORD",20438,57990.15,0,0
2024-02-01,01F,"NHS HALTON",21183,50206.59,0,0
2024-02-01,02Q,"NHS BASSETLAW",21275,42706.99,0,0
2024-02-01,00Q,"NHS BLACKBURN WITH DARWEN",22941,43999.15,0,0
2024-02-01,99G,"NHS SOUTHEND",23360,66582.09,0,0
2024-02-01,03H,"NHS NORTH EAST LINCOLNSHIRE",25539,45141.15,0,0
2024-02-01,00X,"NHS CHORLEY AND SOUTH RIBBLE",25570,62839.93,0,0
2024-02-01,00V,"NHS BURY",25732,65986.41,0,0
2024-02-01,01T,"NHS SOUTH SEFTON",25964,55980.89,0,0
2024-02-01,05Q,"NHS SOUTH EAST STAFFORDSHIRE AND SEISDON PENINSULA",26109,58412.93,0,0
2024-02-01,03Q,"NHS VALE OF YORK",27343,64253.11,0,0
2024-02-01,10R,"NHS PORTSMOUTH",28062,64110.42,0,0
2024-02-01,02E,"NHS WARRINGTON",28156,72274.58,0,0
2024-02-01,99E,"NHS BASILDON AND BRENTWOOD",28447,75825.85,0,0
2024-02-01,01E,"NHS GREATER PRESTON",28890,59781.34,0,0
2024-02-01,01J,"NHS KNOWSLEY",29361,62758.04,0,0
2024-02-01,03K,"NHS NORTH LINCOLNSHIRE",30121,55536.04,0,0
2024-02-01,02M,"NHS FYLDE AND WYRE",31503,61028.37,0,0
2024-02-01,02A,"NHS TRAFFORD",31982,79640.53,0,0
2024-02-01,00Y,"NHS OLDHAM",32821,69081.11,0,0
2024-02-01,05G,"NHS NORTH STAFFORDSHIRE",32902,78111.5,0,0
2024-02-01,01D,"NHS HEYWOOD, MIDDLETON AND ROCHDALE",33108,71329.41,0,0
2024-02-01,02T,"NHS CALDERDALE",33203,66473.28,0,0
2024-02-01,U2G6B,"NHS THAMES VALLEY ICB - U2G6B",33478,95034.44,0,0
2024-02-01,01Y,"NHS TAMESIDE AND GLOSSOP",33747,66288.87,0,0
2024-02-01,00N,"NHS SOUTH TYNESIDE",33857,60557.34,0,0
2024-02-01,00R,"NHS BLACKPOOL",35738,69099.1,0,0
2024-02-01,01X,"NHS ST HELENS",35987,80276.89,0,0
2024-02-01,07H,"NHS WEST ESSEX",36322,85923.28,0,0
2024-02-01,09D,"NHS BRIGHTON AND HOVE",38271,103805.66,0,0
2024-02-01,04C,"NHS LEICESTER CITY",39723,88613.2,0,0
2024-02-01,03W,"NHS EAST LEICESTERSHIRE AND RUTLAND",40029,107251.78,0,0
2024-02-01,00T,"NHS BOLTON",41625,92539.81,0,0
2024-02-01,05W,"NHS STOKE ON TRENT",41988,91069.02,0,0
2024-02-01,99C,"NHS NORTH TYNESIDE",42978,82019.99,0,0
2024-02-01,03L,"NHS ROTHERHAM",44721,89490.6,0,0
2024-02-01,14Y,"NHS BUCKINGHAMSHIRE",44901,138596.47,0,0
2024-02-01,07K,"NHS WEST SUFFOLK",45104,91776.54,0,0
2024-02-01,01W,"NHS STOCKPORT",46236,101380.21,0,0
2024-02-01,02Y,"NHS EAST RIDING OF YORKSHIRE",46911,97647.84,0,0
2024-02-01,01G,"NHS SALFORD",47737,82191.31,0,0
2024-02-01,03F,"NHS HULL",47832,80663.84,0,0
2024-02-01,01K,"NHS MORECAMBE BAY",48823,110930.22,0,0
2024-02-01,15A,"NHS BERKSHIRE WEST",49307,164740.35,0,0
2024-02-01,01H,"NHS NORTH CUMBRIA",50848,101967.89,0,0
2024-02-01,02X,"NHS DONCASTER",52129,98800.8,0,0
2024-02-01,02H,"NHS WIGAN BOROUGH",52782,124211.81,0,0
2024-02-01,02P,"NHS BARNSLEY",53674,86180.76,0,0
2024-02-01,01A,"NHS EAST LANCASHIRE",54096,104639.67,0,0
2024-02-01,04V,"NHS WEST LEICESTERSHIRE",54529,127238.25,0,0
2024-02-01,06N,"NHS HERTS VALLEYS",55743,131766.25,0,0
2024-02-01,06Q,"NHS MID ESSEX",56698,121686.38,0,0
2024-02-01,12F,"NHS WIRRAL",56714,123529.98,0,0
2024-02-01,03R,"NHS WAKEFIELD",57732,136442.1,0,0
2024-02-01,X2C4Y,"NHS KIRKLEES",60050,133291.81,0,0
2024-02-01,06T,"NHS NORTH EAST ESSEX",60087,135162.13,0,0
2024-02-01,M2L0M,"NHS SHROPSHIRE, TELFORD AND WREKIN",60352,158572.7,0,0
2024-02-01,06L,"NHS IPSWICH AND EAST SUFFOLK",61566,138742.94,0,0
2024-02-01,00L,"NHS NORTHUMBERLAND",62992,126789.45,0,0
2024-02-01,06K,"NHS EAST AND NORTH HERTFORDSHIRE",68089,165116.29,0,0
2024-02-01,00P,"NHS SUNDERLAND",69182,118703.46,0,0
2024-02-01,11X,"NHS SOMERSET",70210,173915.67,0,0
2024-02-01,42D,"NHS NORTH YORKSHIRE",71900,160578.09,0,0
2024-02-01,97R,"NHS EAST SUSSEX",74048,205991.97,0,0
2024-02-01,10Q,"NHS OXFORDSHIRE",78239,214644.21,0,0
2024-02-01,36J,"NHS BRADFORD DISTRICT AND CRAVEN",79679,170027.26,0,0
2024-02-01,99A,"NHS LIVERPOOL",86769,185855.65,0,0
2024-02-01,11N,"NHS CORNWALL AND THE ISLES OF SCILLY",87787,210432.66,0,0
2024-02-01,14L,"NHS MANCHESTER",88175,182355.7,0,0
2024-02-01,03N,"NHS SHEFFIELD",92165,174402.19,0,0
2024-02-01,11M,"NHS GLOUCESTERSHIRE",92630,226204.51,0,0
2024-02-01,M1J4Y,"NHS BEDFORDSHIRE, LUTON AND MILTON KEYNES",97225,221396.22,0,0
2024-02-01,92A,"NHS SURREY HEARTLANDS",99215,338152.14,0,0
2024-02-01,18C,"NHS HEREFORDSHIRE AND WORCESTERSHIRE",99851,242143.47,0,0
2024-02-01,70F,"NHS WEST SUSSEX",100657,284996.38,0,0
2024-02-01,11J,"NHS DORSET",100710,260780.07,0,0
2024-02-01,13T,"NHS NEWCASTLE GATESHEAD",102365,188261.59,0,0
2024-02-01,15F,"NHS LEEDS",102501,240167.16,0,0
2024-02-01,15C,"NHS BRISTOL, NORTH SOMERSET AND SOUTH GLOUCESTERSHIRE",104244,264140.15,0,0
2024-02-01,27D,"NHS CHESHIRE",108390,221801.19,0,0
2024-02-01,78H,"NHS NORTHAMPTONSHIRE",110014,220776.89,0,0
2024-02-01,92G,"NHS BATH AND NORTH EAST SOMERSET, SWINDON AND WILTSHIRE",119329,262397.39,0,0
2024-02-01,93C,"NHS NORTH CENTRAL LONDON",120798,305870.47,0,0
2024-02-01,B2M3M,"NHS COVENTRY AND WARWICKSHIRE",121104,291278.44,0,0
2024-02-01,36L,"NHS SOUTH WEST LONDON",122647,297522.46,0,0
2024-02-01,06H,"NHS CAMBRIDGESHIRE AND PETERBOROUGH",125944,263732.74,0,0
2024-02-01,84H,"NHS COUNTY DURHAM",126300,228710.3,0,0
2024-02-01,72Q,"NHS SOUTH EAST LONDON",134041,344969.79,0,0
2024-02-01,15E,"NHS BIRMINGHAM AND SOLIHULL",136203,322340.2,0,0
2024-02-01,16C,"NHS TEES VALLEY",138391,282199.05,0,0
2024-02-01,71E,"NHS LINCOLNSHIRE",139284,298474.8,0,0
2024-02-01,52R,"NHS NOTTINGHAM AND NOTTINGHAMSHIRE",140620,315831.77,0,0
2024-02-01,15M,"NHS DERBY AND DERBYSHIRE",144102,327666,0,0
2024-02-01,D2P2L,"NHS BLACK COUNTRY",145234,342596,0,0
2024-02-01,W2U3Z,"NHS NORTH WEST LONDON",156576,365289.41,0,0
2024-02-01,A3A8R,"NHS NORTH EAST LONDON",162066,366023.06,0,0
2024-02-01,15N,"NHS DEVON",170071,404881.63,0,0
2024-02-01,26A,"NHS NORFOLK AND WAVENEY",179365,402384.98,0,0
2024-02-01,91Q,"NHS KENT AND MEDWAY",216529,564223.97,0,0
2024-02-01,D9Y0V,"NHS HAMPSHIRE, SOUTHAMPTON AND ISLE OF WIGHT",218842,612916.04,0,0
2024-03-01,09W,"NHS MEDWAY",0,0,0,0
2024-03-01,D4U1Y,"NHS FRIMLEY",797,1337.96,0,0
2024-03-01,02G,"NHS WEST LANCASHIRE",15467,36087.53,0,0
2024-03-01,05D,"NHS EAST STAFFORDSHIRE",17927,43144.95,0,0
2024-03-01,05V,"NHS STAFFORD AND SURROUNDS",18274,41252.65,0,0
2024-03-01,01V,"NHS SOUTHPORT AND FORMBY",18773,45414.21,0,0
2024-03-01,04Y,"NHS CANNOCK CHASE",18934,45692.22,0,0
2024-03-01,07G,"NHS THURROCK",19012,40344.95,0,0
2024-03-01,99F,"NHS CASTLE POINT AND ROCHFORD",20504,59000.73,0,0
2024-03-01,01F,"NHS HALTON",21394,51804.74,0,0
2024-03-01,02Q,"NHS BASSETLAW",21875,42425.13,0,0
2024-03-01,00Q,"NHS BLACKBURN WITH DARWEN",23378,45155.83,0,0
2024-03-01,99G,"NHS SOUTHEND",23473,63953.61,0,0
2024-03-01,00X,"NHS CHORLEY AND SOUTH RIBBLE",26031,64303.66,0,0
2024-03-01,05Q,"NHS SOUTH EAST STAFFORDSHIRE AND SEISDON PENINSULA",26214,62976.74,0,0
2024-03-01,03H,"NHS NORTH EAST LINCOLNSHIRE",26489,46076.34,0,0
2024-03-01,01T,"NHS SOUTH SEFTON",26528,58789.67,0,0
2024-03-01,00V,"NHS BURY",27336,66000.77,0,0
2024-03-01,02E,"NHS WARRINGTON",28155,71764.5,0,0
2024-03-01,03Q,"NHS VALE OF YORK",28169,63796.5,0,0
2024-03-01,10R,"NHS PORTSMOUTH",28578,64724.22,0,0
2024-03-01,01E,"NHS GREATER PRESTON",29369,59588.45,0,0
2024-03-01,99E,"NHS BASILDON AND BRENTWOOD",29543,78012.52,0,0
2024-03-01,01J,"NHS KNOWSLEY",30019,63179.38,0,0
2024-03-01,03K,"NHS NORTH LINCOLNSHIRE",31100,55565.64,0,0
2024-03-01,02M,"NHS FYLDE AND WYRE",31704,63548.11,0,0
2024-03-01,02A,"NHS TRAFFORD",32307,73212.38,0,0
2024-03-01,02T,"NHS CALDERDALE",32368,65322.22,0,0
2024-03-01,00Y,"NHS OLDHAM",33568,69508.15,0,0
2024-03-01,05G,"NHS NORTH STAFFORDSHIRE",33592,77467.04,0,0
2024-03-01,01D,"NHS HEYWOOD, MIDDLETON AND ROCHDALE",33739,74214.7,0,0
2024-03-01,U2G6B,"NHS THAMES VALLEY ICB - U2G6B",34283,98943.95,0,0
2024-03-01,00N,"NHS SOUTH TYNESIDE",34944,59773.96,0,0
2024-03-01,01X,"NHS ST HELENS",35762,78851.97,0,0
2024-03-01,00R,"NHS BLACKPOOL",36265,69104.38,0,0
2024-03-01,01Y,"NHS TAMESIDE AND GLOSSOP",36281,67014.56,0,0
2024-03-01,07H,"NHS WEST ESSEX",37205,88562.12,0,0
2024-03-01,09D,"NHS BRIGHTON AND HOVE",38540,107435.28,0,0
2024-03-01,04C,"NHS LEICESTER CITY",39993,87568.56,0,0
2024-03-01,03W,"NHS EAST LEICESTERSHIRE AND RUTLAND",41750,110767.32,0,0
2024-03-01,00T,"NHS BOLTON",42063,84502.85,0,0
2024-03-01,05W,"NHS STOKE ON TRENT",42900,88477.05,0,0
2024-03-01,99C,"NHS NORTH TYNESIDE",43312,84049.48,0,0
2024-03-01,03L,"NHS ROTHERHAM",44737,89811.94,0,0
2024-03-01,07K,"NHS WEST SUFFOLK",45939,94588.65,0,0
2024-03-01,14Y,"NHS BUCKINGHAMSHIRE",46023,139680.8,0,0
2024-03-01,02Y,"NHS EAST RIDING OF YORKSHIRE",46731,99544.8,0,0
2024-03-01,01W,"NHS STOCKPORT",46909,109126.32,0,0
2024-03-01,01G,"NHS SALFORD",47990,82015.39,0,0
2024-03-01,03F,"NHS HULL",49369,84682.44,0,0
2024-03-01,01K,"NHS MORECAMBE BAY",49624,113470.99,0,0
2024-03-01,15A,"NHS BERKSHIRE WEST",50696,160758.76,0,0
2024-03-01,01H,"NHS NORTH CUMBRIA",51944,102052.52,0,0
2024-03-01,02H,"NHS WIGAN BOROUGH",52399,123909.21,0,0
2024-03-01,02X,"NHS DONCASTER",53372,98849.19,0,0
2024-03-01,01A,"NHS EAST LANCASHIRE",54103,103211.58,0,0
2024-03-01,02P,"NHS BARNSLEY",54182,90711.71,0,0
2024-03-01,04V,"NHS WEST LEICESTERSHIRE",55883,130679.79,0,0
2024-03-01,06N,"NHS HERTS VALLEYS",56940,138062.96,0,0
2024-03-01,12F,"NHS WIRRAL",57040,125125.93,0,0
2024-03-01,06Q,"NHS MID ESSEX",57292,119823.72,0,0
2024-03-01,03R,"NHS WAKEFIELD",58604,134672.13,0,0
2024-03-01,X2C4Y,"NHS KIRKLEES",58971,134183.44,0,0
2024-03-01,M2L0M,"NHS SHROPSHIRE, TELFORD AND WREKIN",60925,161117.68,0,0
2024-03-01,06T,"NHS NORTH EAST ESSEX",62950,139510.22,0,0
2024-03-01,00L,"NHS NORTHUMBERLAND",63547,124222,0,0
2024-03-01,06L,"NHS IPSWICH AND EAST SUFFOLK",64954,146436.43,0,0
2024-03-01,06K,"NHS EAST AND NORTH HERTFORDSHIRE",70916,170431.11,0,0
2024-03-01,11X,"NHS SOMERSET",71532,180718.27,0,0
2024-03-01,00P,"NHS SUNDERLAND",72438,131037.25,0,0
2024-03-01,97R,"NHS EAST SUSSEX",74144,218954.52,0,0
2024-03-01,42D,"NHS NORTH YORKSHIRE",74767,161986.06,0,0
2024-03-01,10Q,"NHS OXFORDSHIRE",80142,208282.12,0,0
2024-03-01,36J,"NHS BRADFORD DISTRICT AND CRAVEN",80294,172470.81,0,0
2024-03-01,99A,"NHS LIVERPOOL",88071,195329.39,0,0
2024-03-01,14L,"NHS MANCHESTER",89499,180965.37,0,0
2024-03-01,11M,"NHS GLOUCESTERSHIRE",92582,213480.16,0,0
2024-03-01,11N,"NHS CORNWALL AND THE ISLES OF SCILLY",93679,222922.13,0,0
2024-03-01,03N,"NHS SHEFFIELD",94254,172870.01,0,0
2024-03-01,M1J4Y,"NHS BEDFORDSHIRE, LUTON AND MILTON KEYNES",96605,222816.94,0,0
2024-03-01,18C,"NHS HEREFORDSHIRE AND WORCESTERSHIRE",100410,243435.34,0,0
2024-03-01,92A,"NHS SURREY HEARTLANDS",100942,340344,0,0
2024-03-01,70F,"NHS WEST SUSSEX",102280,298051.67,0,0
2024-03-01,15F,"NHS LEEDS",102797,242607.4,0,0
2024-03-01,13T,"NHS NEWCASTLE GATESHEAD",103095,183529.82,0,0
2024-03-01,11J,"NHS DORSET",103828,262887.77,0,0
2024-03-01,15C,"NHS BRISTOL, NORTH SOMERSET AND SOUTH GLOUCESTERSHIRE",106989,270826.91,0,0
2024-03-01,27D,"NHS CHESHIRE",109295,223060.38,0,0
2024-03-01,78H,"NHS NORTHAMPTONSHIRE",110301,219047.09,0,0
2024-03-01,92G,"NHS BATH AND NORTH EAST SOMERSET, SWINDON AND WILTSHIRE",120966,269519.72,0,0
2024-03-01,B2M3M,"NHS COVENTRY AND WARWICKSHIRE",122230,300217.36,0,0
2024-03-01,93C,"NHS NORTH CENTRAL LONDON",122981,321466.51,0,0
2024-03-01,36L,"NHS SOUTH WEST LONDON",125295,310162.14,0,0
2024-03-01,84H,"NHS COUNTY DURHAM",126847,233144.44,0,0
2024-03-01,06H,"NHS CAMBRIDGESHIRE AND PETERBOROUGH",128924,268386.33,0,0
2024-03-01,72Q,"NHS SOUTH EAST LONDON",135784,345621.17,0,0
2024-03-01,15E,"NHS BIRMINGHAM AND SOLIHULL",139144,330401.71,0,0
2024-03-01,16C,"NHS TEES VALLEY",139574,277462.67,0,0
2024-03-01,71E,"NHS LINCOLNSHIRE",141167,306994.17,0,0
2024-03-01,52R,"NHS NOTTINGHAM AND NOTTINGHAMSHIRE",143898,324711.1,0,0
2024-03-01,15M,"NHS DERBY AND DERBYSHIRE",145222,326110.72,0,0
2024-03-01,D2P2L,"NHS BLACK COUNTRY",145383,342389.12,0,0
2024-03-01,W2U3Z,"NHS NORTH WEST LONDON",159705,374591.28,0,0
2024-03-01,A3A8R,"NHS NORTH EAST LONDON",163487,358661.02,0,0
2024-03-01,15N,"NHS DEVON",173996,401060.97,0,0
2024-03-01,26A,"NHS NORFOLK AND WAVENEY",184781,403375.68,0,0
2024-03-01,91Q,"NHS KENT AND MEDWAY",220272,563783.43,0,0
2024-03-01,D9Y0V,"NHS HAMPSHIRE, SOUTHAMPTON AND ISLE OF WIGHT",224941,633053.41,0,0
2024-04-01,09W,"NHS MEDWAY",0,0,0,0
2024-04-01,D4U1Y,"NHS FRIMLEY",916,1241.41,0,0
2024-04-01,02G,"NHS WEST LANCASHIRE",15562,35100.5,0,0
2024-04-01,05D,"NHS EAST STAFFORDSHIRE",18203,35930.31,0,0
2024-04-01,07G,"NHS THURROCK",18953,37433.73,0,0
2024-04-01,01V,"NHS SOUTHPORT AND FORMBY",18988,38937.75,0,0
2024-04-01,05V,"NHS STAFFORD AND SURROUNDS",19420,40167.77,0,0
2024-04-01,04Y,"NHS CANNOCK CHASE",20278,43146.7,0,0
2024-04-01,99F,"NHS CASTLE POINT AND ROCHFORD",21675,60788.09,0,0
2024-04-01,02Q,"NHS BASSETLAW",22907,42256.96,0,0
2024-04-01,01F,"NHS HALTON",23081,49795.12,0,0
2024-04-01,00Q,"NHS BLACKBURN WITH DARWEN",24346,42062.39,0,0
2024-04-01,99G,"NHS SOUTHEND",24420,63004.97,0,0
2024-04-01,05Q,"NHS SOUTH EAST STAFFORDSHIRE AND SEISDON PENINSULA",26553,53157.68,0,0
2024-04-01,00X,"NHS CHORLEY AND SOUTH RIBBLE",26840,63872.84,0,0
2024-04-01,03H,"NHS NORTH EAST LINCOLNSHIRE",26922,42555.66,0,0
2024-04-01,01T,"NHS SOUTH SEFTON",27138,53543.62,0,0
2024-04-01,00V,"NHS BURY",27521,59322.94,0,0
2024-04-01,02E,"NHS WARRINGTON",28829,69095.04,0,0
2024-04-01,10R,"NHS PORTSMOUTH",29531,59470.37,0,0
2024-04-01,99E,"NHS BASILDON AND BRENTWOOD",30003,73708.33,0,0
2024-04-01,03Q,"NHS VALE OF YORK",30075,59801.84,0,0
2024-04-01,01E,"NHS GREATER PRESTON",30487,56319.85,0,0
2024-04-01,01J,"NHS KNOWSLEY",31423,61371.23,0,0
2024-04-01,03K,"NHS NORTH LINCOLNSHIRE",32240,52505.08,0,0
2024-04-01,02M,"NHS FYLDE AND WYRE",32286,55383.41,0,0
2024-04-01,02A,"NHS TRAFFORD",32400,73950.19,0,0
2024-04-01,00Y,"NHS OLDHAM",33847,66147.19,0,0
2024-04-01,01D,"NHS HEYWOOD, MIDDLETON AND ROCHDALE",34223,66407.21,0,0
2024-04-01,00N,"NHS SOUTH TYNESIDE",34822,51800.38,0,0
2024-04-01,02T,"NHS CALDERDALE",34927,63478.88,0,0
2024-04-01,05G,"NHS NORTH STAFFORDSHIRE",35066,74490.6,0,0
2024-04-01,U2G6B,"NHS THAMES VALLEY ICB - U2G6B",36590,100236.04,0,0
2024-04-01,01Y,"NHS TAMESIDE AND GLOSSOP",36593,63252.9,0,0
2024-04-01,00R,"NHS BLACKPOOL",37196,63921.2,0,0
2024-04-01,07H,"NHS WEST ESSEX",38635,83035.8,0,0
2024-04-01,01X,"NHS ST HELENS",38929,78927.43,0,0
2024-04-01,09D,"NHS BRIGHTON AND HOVE",39996,101212.38,0,0
2024-04-01,03W,"NHS EAST LEICESTERSHIRE AND RUTLAND",41848,103383.79,0,0
2024-04-01,04C,"NHS LEICESTER CITY",41924,83289.76,0,0
2024-04-01,00T,"NHS BOLTON",43816,87818.61,0,0
2024-04-01,99C,"NHS NORTH TYNESIDE",44358,73477.55,0,0
2024-04-01,05W,"NHS STOKE ON TRENT",44964,80961.94,0,0
2024-04-01,03L,"NHS ROTHERHAM",46944,83306.65,0,0
2024-04-01,14Y,"NHS BUCKINGHAMSHIRE",47463,132781.45,0,0
2024-04-01,01W,"NHS STOCKPORT",47471,95467,0,0
2024-04-01,07K,"NHS WEST SUFFOLK",47728,89410.34,0,0
2024-04-01,02Y,"NHS EAST RIDING OF YORKSHIRE",49120,91951.97,0,0
2024-04-01,01G,"NHS SALFORD",50341,77672.05,0,0
2024-04-01,03F,"NHS HULL",50623,76042,0,0
2024-04-01,01K,"NHS MORECAMBE BAY",51491,103775.58,0,0
2024-04-01,15A,"NHS BERKSHIRE WEST",52497,161518.63,0,0
2024-04-01,01H,"NHS NORTH CUMBRIA",54587,95560.95,0,0
2024-04-01,02H,"NHS WIGAN BOROUGH",55375,117054.53,0,0
2024-04-01,02X,"NHS DONCASTER",55453,89335.16,0,0
2024-04-01,01A,"NHS EAST LANCASHIRE",56153,96691.57,0,0
2024-04-01,02P,"NHS BARNSLEY",56983,81789.5,0,0
2024-04-01,06N,"NHS HERTS VALLEYS",58035,130692.23,0,0
2024-04-01,04V,"NHS WEST LEICESTERSHIRE",58111,123091.16,0,0
2024-04-01,06Q,"NHS MID ESSEX",59093,113860.72,0,0
2024-04-01,12F,"NHS WIRRAL",59451,114718.71,0,0
2024-04-01,03R,"NHS WAKEFIELD",61018,124616.52,0,0
2024-04-01,X2C4Y,"NHS KIRKLEES",63430,132637.81,0,0
2024-04-01,M2L0M,"NHS SHROPSHIRE, TELFORD AND WREKIN",63822,151157.83,0,0
2024-04-01,06T,"NHS NORTH EAST ESSEX",64741,129001.27,0,0
2024-04-01,00L,"NHS NORTHUMBERLAND",65651,117077.49,0,0
2024-04-01,06L,"NHS IPSWICH AND EAST SUFFOLK",65677,133542.93,0,0
2024-04-01,06K,"NHS EAST AND NORTH HERTFORDSHIRE",71073,157064.41,0,0
2024-04-01,11X,"NHS SOMERSET",73797,164461.2,0,0
2024-04-01,00P,"NHS SUNDERLAND",74297,116833.89,0,0
2024-04-01,97R,"NHS EAST SUSSEX",76729,192767.52,0,0
2024-04-01,42D,"NHS NORTH YORKSHIRE",78389,152158.4,0,0
2024-04-01,10Q,"NHS OXFORDSHIRE",81707,197938.14,0,0
2024-04-01,36J,"NHS BRADFORD DISTRICT AND CRAVEN",83421,159056.45,0,0
2024-04-01,99A,"NHS LIVERPOOL",90223,182622.88,0,0
2024-04-01,14L,"NHS MANCHESTER",92791,173815.91,0,0
2024-04-01,11N,"NHS CORNWALL AND THE ISLES OF SCILLY",93435,203732.85,0,0
2024-04-01,03N,"NHS SHEFFIELD",95743,153238.33,0,0
2024-04-01,11M,"NHS GLOUCESTERSHIRE",97041,206324.13,0,0
2024-04-01,M1J4Y,"NHS BEDFORDSHIRE, LUTON AND MILTON KEYNES",100975,211831.1,0,0
2024-04-01,11J,"NHS DORSET",102789,231742.6,0,0
2024-04-01,92A,"NHS SURREY HEARTLANDS",103821,332073.32,0,0
2024-04-01,18C,"NHS HEREFORDSHIRE AND WORCESTERSHIRE",104461,229848.37,0,0
2024-04-01,70F,"NHS WEST SUSSEX",105504,276526.73,0,0
2024-04-01,15F,"NHS LEEDS",106302,212691.09,0,0
2024-04-01,13T,"NHS NEWCASTLE GATESHEAD",106685,174738.7,0,0
2024-04-01,15C,"NHS BRISTOL, NORTH SOMERSET AND SOUTH GLOUCESTERSHIRE",109473,251267.48,0,0
2024-04-01,27D,"NHS CHESHIRE",114288,208662.7,0,0
2024-04-01,78H,"NHS NORTHAMPTONSHIRE",115121,205112.3,0,0
2024-04-01,92G,"NHS BATH AND NORTH EAST SOMERSET, SWINDON AND WILTSHIRE",124372,256894.24,0,0
2024-04-01,B2M3M,"NHS COVENTRY AND WARWICKSHIRE",127792,282986.62,0,0
2024-04-01,93C,"NHS NORTH CENTRAL LONDON",128372,291735.9,0,0
2024-04-01,36L,"NHS SOUTH WEST LONDON",128587,288958.94,0,0
2024-04-01,06H,"NHS CAMBRIDGESHIRE AND PETERBOROUGH",132255,246259.74,0,0
2024-04-01,84H,"NHS COUNTY DURHAM",133634,217606.1,0,0
2024-04-01,72Q,"NHS SOUTH EAST LONDON",141288,324689.2,0,0
2024-04-01,15E,"NHS BIRMINGHAM AND SOLIHULL",143071,302402.85,0,0
2024-04-01,16C,"NHS TEES VALLEY",144309,262702.81,0,0
2024-04-01,52R,"NHS NOTTINGHAM AND NOTTINGHAMSHIRE",147397,289185.21,0,0
2024-04-01,71E,"NHS LINCOLNSHIRE",150171,294769.27,0,0
2024-04-01,D2P2L,"NHS BLACK COUNTRY",151009,320463.54,0,0
2024-04-01,15M,"NHS DERBY AND DERBYSHIRE",151988,301962.3,0,0
2024-04-01,W2U3Z,"NHS NORTH WEST LONDON",163963,361240.58,0,0
2024-04-01,A3A8R,"NHS NORTH EAST LONDON",170654,347085.49,0,0
2024-04-01,15N,"NHS DEVON",175703,375103.43,0,0
2024-04-01,26A,"NHS NORFOLK AND WAVENEY",188572,380948.14,0,0
2024-04-01,91Q,"NHS KENT AND MEDWAY",226768,531369.63,0,0
2024-04-01,D9Y0V,"NHS HAMPSHIRE, SOUTHAMPTON AND ISLE OF WIGHT",227643,593261.08,0,0
2024-05-01,09W,"NHS MEDWAY",0,0,0,0
2024-05-01,D4U1Y,"NHS FRIMLEY",476,880.36,0,0
2024-05-01,02G,"NHS WEST LANCASHIRE",15971,34835.67,0,0
2024-05-01,05D,"NHS EAST STAFFORDSHIRE",18251,38938.23,0,0
2024-05-01,01V,"NHS SOUTHPORT AND FORMBY",19847,45011.53,0,0
2024-05-01,05V,"NHS STAFFORD AND SURROUNDS",20041,40683.42,0,0
2024-05-01,07G,"NHS THURROCK",20484,40984.67,0,0
2024-05-01,04Y,"NHS CANNOCK CHASE",21800,45864.54,0,0
2024-05-01,99F,"NHS CASTLE POINT AND ROCHFORD",22300,58231.11,0,0
2024-05-01,02Q,"NHS BASSETLAW",22996,41052.68,0,0
2024-05-01,01F,"NHS HALTON",23342,50725.59,0,0
2024-05-01,00Q,"NHS BLACKBURN WITH DARWEN",24565,42883.9,0,0
2024-05-01,99G,"NHS SOUTHEND",25552,68970.41,0,0
2024-05-01,00X,"NHS CHORLEY AND SOUTH RIBBLE",27423,63771.78,0,0
2024-05-01,03H,"NHS NORTH EAST LINCOLNSHIRE",27764,43780.91,0,0
2024-05-01,00V,"NHS BURY",28198,64458.46,0,0
2024-05-01,05Q,"NHS SOUTH EAST STAFFORDSHIRE AND SEISDON PENINSULA",28261,62924.67,0,0
2024-05-01,01T,"NHS SOUTH SEFTON",28486,59599.71,0,0
2024-05-01,10R,"NHS PORTSMOUTH",29200,60866.3,0,0
2024-05-01,03Q,"NHS VALE OF YORK",29451,58745.33,0,0
2024-05-01,02E,"NHS WARRINGTON",30463,70303.71,0,0
2024-05-01,99E,"NHS BASILDON AND BRENTWOOD",30890,77436.5,0,0
2024-05-01,01E,"NHS GREATER PRESTON",31288,59293.05,0,0
2024-05-01,01J,"NHS KNOWSLEY",31757,62558.4,0,0
2024-05-01,03K,"NHS NORTH LINCOLNSHIRE",33029,56439.22,0,0
2024-05-01,02M,"NHS FYLDE AND WYRE",33596,61358.38,0,0
2024-05-01,02A,"NHS TRAFFORD",34521,76462.33,0,0
2024-05-01,02T,"NHS CALDERDALE",34991,66740.94,0,0
2024-05-01,05G,"NHS NORTH STAFFORDSHIRE",35188,72206.33,0,0
2024-05-01,00N,"NHS SOUTH TYNESIDE",35468,57065.22,0,0
2024-05-01,00Y,"NHS OLDHAM",35654,68856.79,0,0
2024-05-01,01D,"NHS HEYWOOD, MIDDLETON AND ROCHDALE",36415,75919.89,0,0
2024-05-01,U2G6B,"NHS THAMES VALLEY ICB - U2G6B",37361,97387.57,0,0
2024-05-01,01Y,"NHS TAMESIDE AND GLOSSOP",37823,66083.97,0,0
2024-05-01,00R,"NHS BLACKPOOL",38292,65752.54,0,0
2024-05-01,01X,"NHS ST HELENS",38538,76887.78,0,0
2024-05-01,07H,"NHS WEST ESSEX",38989,84456.9,0,0
2024-05-01,09D,"NHS BRIGHTON AND HOVE",39878,107397.67,0,0
2024-05-01,04C,"NHS LEICESTER CITY",42575,85448.55,0,0
2024-05-01,03W,"NHS EAST LEICESTERSHIRE AND RUTLAND",44073,111248.25,0,0
2024-05-01,00T,"NHS BOLTON",45030,88479.57,0,0
2024-05-01,99C,"NHS NORTH TYNESIDE",46126,81165.09,0,0
2024-05-01,05W,"NHS STOKE ON TRENT",46146,87504.78,0,0
2024-05-01,03L,"NHS ROTHERHAM",48233,83389.72,0,0
2024-05-01,07K,"NHS WEST SUFFOLK",48241,89280.03,0,0
2024-05-01,14Y,"NHS BUCKINGHAMSHIRE",48418,127182.06,0,0
2024-05-01,02Y,"NHS EAST RIDING OF YORKSHIRE",49542,92783.88,0,0
2024-05-01,01W,"NHS STOCKPORT",49855,96975.67,0,0
2024-05-01,01G,"NHS SALFORD",51596,80848.31,0,0
2024-05-01,03F,"NHS HULL",52350,78395.61,0,0
2024-05-01,01K,"NHS MORECAMBE BAY",52623,105476.71,0,0
2024-05-01,15A,"NHS BERKSHIRE WEST",53723,163080.56,0,0
2024-05-01,01H,"NHS NORTH CUMBRIA",54934,97666.17,0,0
2024-05-01,02H,"NHS WIGAN BOROUGH",55741,121561.21,0,0
2024-05-01,02X,"NHS DONCASTER",57160,95776.27,0,0
2024-05-01,01A,"NHS EAST LANCASHIRE",58109,101356.69,0,0
2024-05-01,02P,"NHS BARNSLEY",58499,85176.08,0,0
2024-05-01,06N,"NHS HERTS VALLEYS",59635,134344.57,0,0
2024-05-01,04V,"NHS WEST LEICESTERSHIRE",59846,129505.05,0,0
2024-05-01,06Q,"NHS MID ESSEX",60731,119292.98,0,0
2024-05-01,12F,"NHS WIRRAL",60793,120590.97,0,0
2024-05-01,03R,"NHS WAKEFIELD",62562,132518.56,0,0
2024-05-01,X2C4Y,"NHS KIRKLEES",63418,140560.8,0,0
2024-05-01,M2L0M,"NHS SHROPSHIRE, TELFORD AND WREKIN",64016,155331.72,0,0
2024-05-01,06T,"NHS NORTH EAST ESSEX",65728,132792.82,0,0
2024-05-01,00L,"NHS NORTHUMBERLAND",66207,116551.26,0,0
2024-05-01,06L,"NHS IPSWICH AND EAST SUFFOLK",66617,138475.61,0,0
2024-05-01,06K,"NHS EAST AND NORTH HERTFORDSHIRE",73126,167475.25,0,0
2024-05-01,11X,"NHS SOMERSET",74987,165024.87,0,0
2024-05-01,00P,"NHS SUNDERLAND",75129,116425.47,0,0
2024-05-01,42D,"NHS NORTH YORKSHIRE",77910,153576.34,0,0
2024-05-01,97R,"NHS EAST SUSSEX",78230,217679.01,0,0
2024-05-01,10Q,"NHS OXFORDSHIRE",83744,204542.24,0,0
2024-05-01,36J,"NHS BRADFORD DISTRICT AND CRAVEN",85862,167044.32,0,0
2024-05-01,99A,"NHS LIVERPOOL",92818,191415.43,0,0
2024-05-01,14L,"NHS MANCHESTER",95252,182205.56,0,0
2024-05-01,11N,"NHS CORNWALL AND THE ISLES OF SCILLY",96494,214063.21,0,0
2024-05-01,11M,"NHS GLOUCESTERSHIRE",99098,206740.58,0,0
2024-05-01,03N,"NHS SHEFFIELD",100348,167133.07,0,0
2024-05-01,M1J4Y,"NHS BEDFORDSHIRE, LUTON AND MILTON KEYNES",103448,215644.2,0,0
2024-05-01,92A,"NHS SURREY HEARTLANDS",106078,335998.82,0,0
2024-05-01,13T,"NHS NEWCASTLE GATESHEAD",107290,179490.92,0,0
2024-05-01,18C,"NHS HEREFORDSHIRE AND WORCESTERSHIRE",107347,235556.75,0,0
2024-05-01,70F,"NHS WEST SUSSEX",108290,291550.46,0,0
2024-05-01,15F,"NHS LEEDS",109502,235908.61,0,0
2024-05-01,11J,"NHS DORSET",111296,260842.53,0,0
2024-05-01,15C,"NHS BRISTOL, NORTH SOMERSET AND SOUTH GLOUCESTERSHIRE",111695,260206.59,0,0
2024-05-01,78H,"NHS NORTHAMPTONSHIRE",117070,219441.48,0,0
2024-05-01,27D,"NHS CHESHIRE",117385,218736.07,0,0
2024-05-01,92G,"NHS BATH AND NORTH EAST SOMERSET, SWINDON AND WILTSHIRE",126971,266806.5,0,0
2024-05-01,36L,"NHS SOUTH WEST LONDON",131673,306683.79,0,0
2024-05-01,B2M3M,"NHS COVENTRY AND WARWICKSHIRE",132024,295771.42,0,0
2024-05-01,93C,"NHS NORTH CENTRAL LONDON",132095,323482.65,0,0
2024-05-01,06H,"NHS CAMBRIDGESHIRE AND PETERBOROUGH",134873,256877.68,0,0
2024-05-01,84H,"NHS COUNTY DURHAM",135226,226515.51,0,0
2024-05-01,72Q,"NHS SOUTH EAST LONDON",143224,338538.42,0,0
2024-05-01,15E,"NHS BIRMINGHAM AND SOLIHULL",147101,329986.25,0,0
2024-05-01,16C,"NHS TEES VALLEY",147328,269002.81,0,0
2024-05-01,71E,"NHS LINCOLNSHIRE",148998,306269.36,0,0
2024-05-01,52R,"NHS NOTTINGHAM AND NOTTINGHAMSHIRE",151035,305970.16,0,0
2024-05-01,15M,"NHS DERBY AND DERBYSHIRE",154400,309130.56,0,0
2024-05-01,D2P2L,"NHS BLACK COUNTRY",155733,335433.73,0,0
2024-05-01,W2U3Z,"NHS NORTH WEST LONDON",167628,361668.81,0,0
2024-05-01,A3A8R,"NHS NORTH EAST LONDON",174739,361780.98,0,0
2024-05-01,15N,"NHS DEVON",181883,385338.6,0,0
2024-05-01,26A,"NHS NORFOLK AND WAVENEY",195587,405078.69,0,0
2024-05-01,91Q,"NHS KENT AND MEDWAY",233591,564216.94,0,0
2024-05-01,D9Y0V,"NHS HAMPSHIRE, SOUTHAMPTON AND ISLE OF WIGHT",236451,627810.71,0,0
2024-06-01,09W,"NHS MEDWAY",0,0,0,0
2024-06-01,D4U1Y,"NHS FRIMLEY",412,1171.72,0,0
2024-06-01,02G,"NHS WEST LANCASHIRE",14986,36369.17,0,0
2024-06-01,05D,"NHS EAST STAFFORDSHIRE",17326,40141.8,0,0
2024-06-01,05V,"NHS STAFFORD AND SURROUNDS",18178,42424.62,0,0
2024-06-01,01V,"NHS SOUTHPORT AND FORMBY",18527,42683.6,0,0
2024-06-01,04Y,"NHS CANNOCK CHASE",18658,43557.46,0,0
2024-06-01,07G,"NHS THURROCK",18859,40481.46,0,0
2024-06-01,99F,"NHS CASTLE POINT AND ROCHFORD",20470,58617.04,0,0
2024-06-01,02Q,"NHS BASSETLAW",21324,43647.66,0,0
2024-06-01,01F,"NHS HALTON",21645,50674.61,0,0
2024-06-01,00Q,"NHS BLACKBURN WITH DARWEN",22882,42883.2,0,0
2024-06-01,99G,"NHS SOUTHEND",23676,62736.34,0,0
2024-06-01,03H,"NHS NORTH EAST LINCOLNSHIRE",25376,42518.8,0,0
2024-06-01,00X,"NHS CHORLEY AND SOUTH RIBBLE",25489,63993.58,0,0
2024-06-01,00V,"NHS BURY",25553,61638.4,0,0
2024-06-01,01T,"NHS SOUTH SEFTON",25986,55369.69,0,0
2024-06-01,05Q,"NHS SOUTH EAST STAFFORDSHIRE AND SEISDON PENINSULA",26401,61416.89,0,0
2024-06-01,02E,"NHS WARRINGTON",28023,72635.73,0,0
2024-06-01,10R,"NHS PORTSMOUTH",28202,64317.19,0,0
2024-06-01,99E,"NHS BASILDON AND BRENTWOOD",28390,75343.4,0,0
2024-06-01,01E,"NHS GREATER PRESTON",28408,60347.18,0,0
2024-06-01,03Q,"NHS VALE OF YORK",28639,61500.41,0,0
2024-06-01,01J,"NHS KNOWSLEY",29635,61511.97,0,0
2024-06-01,03K,"NHS NORTH LINCOLNSHIRE",30623,52920.95,0,0
2024-06-01,02M,"NHS FYLDE AND WYRE",31092,59774.75,0,0
2024-06-01,02A,"NHS TRAFFORD",31513,77527.6,0,0
2024-06-01,02T,"NHS CALDERDALE",31878,64206.83,0,0
2024-06-01,00Y,"NHS OLDHAM",32906,67151.23,0,0
2024-06-01,05G,"NHS NORTH STAFFORDSHIRE",33205,72079.34,0,0
2024-06-01,01D,"NHS HEYWOOD, MIDDLETON AND ROCHDALE",33375,72364.47,0,0
2024-06-01,00N,"NHS SOUTH TYNESIDE",33987,56723.55,0,0
2024-06-01,U2G6B,"NHS THAMES VALLEY ICB - U2G6B",34497,101324.19,0,0
2024-06-01,00R,"NHS BLACKPOOL",35112,65532.63,0,0
2024-06-01,01Y,"NHS TAMESIDE AND GLOSSOP",35193,65657.46,0,0
2024-06-01,01X,"NHS ST HELENS",35928,78566.36,0,0
2024-06-01,07H,"NHS WEST ESSEX",36861,82336.53,0,0
2024-06-01,09D,"NHS BRIGHTON AND HOVE",37682,100809.3,0,0
2024-06-01,04C,"NHS LEICESTER CITY",39582,86943.63,0,0
2024-06-01,03W,"NHS EAST LEICESTERSHIRE AND RUTLAND",40450,107558.75,0,0
2024-06-01,00T,"NHS BOLTON",41199,83860.06,0,0
2024-06-01,05W,"NHS STOKE ON TRENT",42152,85931.01,0,0
2024-06-01,99C,"NHS NORTH TYNESIDE",42435,80053.82,0,0
2024-06-01,03L,"NHS ROTHERHAM",44708,86651.45,0,0
2024-06-01,01W,"NHS STOCKPORT",44937,99046.44,0,0
2024-06-01,14Y,"NHS BUCKINGHAMSHIRE",45639,132002.87,0,0
2024-06-01,07K,"NHS WEST SUFFOLK",45866,92466.09,0,0
2024-06-01,02Y,"NHS EAST RIDING OF YORKSHIRE",46408,94281.57,0,0
2024-06-01,01G,"NHS SALFORD",47634,80504.91,0,0
2024-06-01,03F,"NHS HULL",47878,78791.12,0,0
2024-06-01,01K,"NHS MORECAMBE BAY",48358,103042.5,0,0
2024-06-01,15A,"NHS BERKSHIRE WEST",49541,153626.26,0,0
2024-06-01,01H,"NHS NORTH CUMBRIA",50488,97418.19,0,0
2024-06-01,02X,"NHS DONCASTER",52202,92166.21,0,0
2024-06-01,02H,"NHS WIGAN BOROUGH",53096,123640.47,0,0
2024-06-01,01A,"NHS EAST LANCASHIRE",53708,100770.72,0,0
2024-06-01,02P,"NHS BARNSLEY",54431,88668.03,0,0
2024-06-01,04V,"NHS WEST LEICESTERSHIRE",55276,126838.59,0,0
2024-06-01,06N,"NHS HERTS VALLEYS",56511,134521.67,0,0
2024-06-01,06Q,"NHS MID ESSEX",56593,114826.5,0,0
2024-06-01,12F,"NHS WIRRAL",57186,122667.33,0,0
2024-06-01,03R,"NHS WAKEFIELD",57281,127087.86,0,0
2024-06-01,X2C4Y,"NHS KIRKLEES",59189,125749.51,0,0
2024-06-01,M2L0M,"NHS SHROPSHIRE, TELFORD AND WREKIN",60012,156342.74,0,0
2024-06-01,06T,"NHS NORTH EAST ESSEX",61413,132138.41,0,0
2024-06-01,00L,"NHS NORTHUMBERLAND",62850,118134.67,0,0
2024-06-01,06L,"NHS IPSWICH AND EAST SUFFOLK",62852,136756.03,0,0
2024-06-01,06K,"NHS EAST AND NORTH HERTFORDSHIRE",69110,161408.63,0,0
2024-06-01,00P,"NHS SUNDERLAND",69169,114384.71,0,0
2024-06-01,11X,"NHS SOMERSET",70209,163753.92,0,0
2024-06-01,97R,"NHS EAST SUSSEX",73885,199741.52,0,0
2024-06-01,42D,"NHS NORTH YORKSHIRE",73959,158000.93,0,0
2024-06-01,10Q,"NHS OXFORDSHIRE",77414,205095.59,0,0
2024-06-01,36J,"NHS BRADFORD DISTRICT AND CRAVEN",77698,160725.54,0,0
2024-06-01,99A,"NHS LIVERPOOL",86111,192807.13,0,0
2024-06-01,14L,"NHS MANCHESTER",87161,176953.83,0,0
2024-06-01,11N,"NHS CORNWALL AND THE ISLES OF SCILLY",92677,217647.04,0,0
2024-06-01,03N,"NHS SHEFFIELD",92736,165295.25,0,0
2024-06-01,11M,"NHS GLOUCESTERSHIRE",93237,203430.56,0,0
2024-06-01,M1J4Y,"NHS BEDFORDSHIRE, LUTON AND MILTON KEYNES",96399,224827.47,0,0
2024-06-01,18C,"NHS HEREFORDSHIRE AND WORCESTERSHIRE",98283,235624.43,0,0
2024-06-01,92A,"NHS SURREY HEARTLANDS",99870,320130.59,0,0
2024-06-01,13T,"NHS NEWCASTLE GATESHEAD",100373,177033.44,0,0
2024-06-01,70F,"NHS WEST SUSSEX",100549,285515.42,0,0
2024-06-01,15F,"NHS LEEDS",101449,228349.69,0,0
2024-06-01,11J,"NHS DORSET",101706,250789.27,0,0
2024-06-01,15C,"NHS BRISTOL, NORTH SOMERSET AND SOUTH GLOUCESTERSHIRE",105318,260771.05,0,0
2024-06-01,78H,"NHS NORTHAMPTONSHIRE",107145,211886.64,0,0
2024-06-01,27D,"NHS CHESHIRE",109309,218549.72,0,0
2024-06-01,92G,"NHS BATH AND NORTH EAST SOMERSET, SWINDON AND WILTSHIRE",120197,264303.77,0,0
2024-06-01,B2M3M,"NHS COVENTRY AND WARWICKSHIRE",120243,293962.57,0,0
2024-06-01,36L,"NHS SOUTH WEST LONDON",124121,313325.99,0,0
2024-06-01,93C,"NHS NORTH CENTRAL LONDON",125261,314895.96,0,0
2024-06-01,84H,"NHS COUNTY DURHAM",126184,222603.23,0,0
2024-06-01,06H,"NHS CAMBRIDGESHIRE AND PETERBOROUGH",126785,263700.31,0,0
2024-06-01,72Q,"NHS SOUTH EAST LONDON",135427,342869.93,0,0
2024-06-01,15E,"NHS BIRMINGHAM AND SOLIHULL",135912,317939.13,0,0
2024-06-01,16C,"NHS TEES VALLEY",136246,269658.87,0,0
2024-06-01,52R,"NHS NOTTINGHAM AND NOTTINGHAMSHIRE",140525,306739.61,0,0
2024-06-01,71E,"NHS LINCOLNSHIRE",141354,293631.94,0,0
2024-06-01,D2P2L,"NHS BLACK COUNTRY",143112,330246.9,0,0
2024-06-01,15M,"NHS DERBY AND DERBYSHIRE",144402,312292,0,0
2024-06-01,W2U3Z,"NHS NORTH WEST LONDON",156685,382011.12,0,0
2024-06-01,A3A8R,"NHS NORTH EAST LONDON",163778,362348.95,0,0
2024-06-01,15N,"NHS DEVON",169398,383001.5,0,0
2024-06-01,26A,"NHS NORFOLK AND WAVENEY",179812,385557.99,0,0
2024-06-01,91Q,"NHS KENT AND MEDWAY",217607,554438.24,0,0
2024-06-01,D9Y0V,"NHS HAMPSHIRE, SOUTHAMPTON AND ISLE OF WIGHT",221124,621827.85,0,0
2024-07-01,09W,"NHS MEDWAY",0,0,0,0
2024-07-01,D4U1Y,"NHS FRIMLEY",444,1414.61,0,0
2024-07-01,02G,"NHS WEST LANCASHIRE",16139,40080.86,0,0
2024-07-01,05D,"NHS EAST STAFFORDSHIRE",18527,47115.48,0,0
2024-07-01,05V,"NHS STAFFORD AND SURROUNDS",20149,52171.52,0,0
2024-07-01,01V,"NHS SOUTHPORT AND FORMBY",20255,50667.43,0,0
2024-07-01,07G,"NHS THURROCK",20519,47445.24,0,0
2024-07-01,04Y,"NHS CANNOCK CHASE",20942,57529.7,0,0
2024-07-01,99F,"NHS CASTLE POINT AND ROCHFORD",22218,70275,0,0
2024-07-01,01F,"NHS HALTON",23342,63273.85,0,0
2024-07-01,02Q,"NHS BASSETLAW",23563,51299.81,0,0
2024-07-01,00Q,"NHS BLACKBURN WITH DARWEN",24278,48198.55,0,0
2024-07-01,99G,"NHS SOUTHEND",25704,78189.96,0,0
2024-07-01,00X,"NHS CHORLEY AND SOUTH RIBBLE",27550,76549.3,0,0
2024-07-01,03H,"NHS NORTH EAST LINCOLNSHIRE",28483,54255.3,0,0
2024-07-01,01T,"NHS SOUTH SEFTON",28487,67810.29,0,0
2024-07-01,05Q,"NHS SOUTH EAST STAFFORDSHIRE AND SEISDON PENINSULA",28772,76603.19,0,0
2024-07-01,00V,"NHS BURY",29101,74704.72,0,0
2024-07-01,10R,"NHS PORTSMOUTH",30318,77896.24,0,0
2024-07-01,02E,"NHS WARRINGTON",30363,82014.41,0,0
2024-07-01,03Q,"NHS VALE OF YORK",31036,78022.47,0,0
2024-07-01,01E,"NHS GREATER PRESTON",31133,72731.8,0,0
2024-07-01,99E,"NHS BASILDON AND BRENTWOOD",31842,89693.93,0,0
2024-07-01,01J,"NHS KNOWSLEY",32205,77020.59,0,0
2024-07-01,02M,"NHS FYLDE AND WYRE",32667,70005.82,0,0
2024-07-01,03K,"NHS NORTH LINCOLNSHIRE",33396,65707.2,0,0
2024-07-01,02A,"NHS TRAFFORD",34787,90496.26,0,0
2024-07-01,02T,"NHS CALDERDALE",35740,75372.69,0,0
2024-07-01,00Y,"NHS OLDHAM",36085,80810.29,0,0
2024-07-01,05G,"NHS NORTH STAFFORDSHIRE",36138,92557.9,0,0
2024-07-01,01D,"NHS HEYWOOD, MIDDLETON AND ROCHDALE",36213,83498.16,0,0
2024-07-01,00N,"NHS SOUTH TYNESIDE",36579,67740.7,0,0
2024-07-01,U2G6B,"NHS THAMES VALLEY ICB - U2G6B",37355,113952.22,0,0
2024-07-01,01Y,"NHS TAMESIDE AND GLOSSOP",37917,78850.75,0,0
2024-07-01,00R,"NHS BLACKPOOL",38528,76276.84,0,0
2024-07-01,01X,"NHS ST HELENS",39541,99448.85,0,0
2024-07-01,07H,"NHS WEST ESSEX",39722,100346.41,0,0
2024-07-01,09D,"NHS BRIGHTON AND HOVE",40916,133090.87,0,0
2024-07-01,04C,"NHS LEICESTER CITY",43481,99511.19,0,0
2024-07-01,03W,"NHS EAST LEICESTERSHIRE AND RUTLAND",44042,128702.89,0,0
2024-07-01,00T,"NHS BOLTON",44534,100132.19,0,0
2024-07-01,99C,"NHS NORTH TYNESIDE",45802,89906.07,0,0
2024-07-01,05W,"NHS STOKE ON TRENT",46665,108563.28,0,0
2024-07-01,07K,"NHS WEST SUFFOLK",48850,110359.76,0,0
2024-07-01,03L,"NHS ROTHERHAM",49047,103518.53,0,0
2024-07-01,01W,"NHS STOCKPORT",49856,115372.2,0,0
2024-07-01,14Y,"NHS BUCKINGHAMSHIRE",49972,165237.91,0,0
2024-07-01,02Y,"NHS EAST RIDING OF YORKSHIRE",51006,113820.04,0,0
2024-07-01,01G,"NHS SALFORD",51926,99275.25,0,0
2024-07-01,01K,"NHS MORECAMBE BAY",53422,127067.39,0,0
2024-07-01,03F,"NHS HULL",53521,98586.31,0,0
2024-07-01,15A,"NHS BERKSHIRE WEST",53733,181588.58,0,0
2024-07-01,01H,"NHS NORTH CUMBRIA",56574,119249.48,0,0
2024-07-01,02H,"NHS WIGAN BOROUGH",57810,146674.01,0,0
2024-07-01,02X,"NHS DONCASTER",57850,109895.02,0,0
2024-07-01,01A,"NHS EAST LANCASHIRE",58523,121154.7,0,0
2024-07-01,04V,"NHS WEST LEICESTERSHIRE",59195,151437.59,0,0
2024-07-01,02P,"NHS BARNSLEY",59242,105446.07,0,0
2024-07-01,06N,"NHS HERTS VALLEYS",60619,169379.22,0,0
2024-07-01,06Q,"NHS MID ESSEX",60709,138089.55,0,0
2024-07-01,12F,"NHS WIRRAL",62004,153516.74,0,0
2024-07-01,03R,"NHS WAKEFIELD",64353,153656.87,0,0
2024-07-01,M2L0M,"NHS SHROPSHIRE, TELFORD AND WREKIN",65099,182252.47,0,0
2024-07-01,X2C4Y,"NHS KIRKLEES",65156,159386.1,0,0
2024-07-01,06T,"NHS NORTH EAST ESSEX",66196,153771.11,0,0
2024-07-01,00L,"NHS NORTHUMBERLAND",67121,132668.87,0,0
2024-07-01,06L,"NHS IPSWICH AND EAST SUFFOLK",68692,178373.35,0,0
2024-07-01,06K,"NHS EAST AND NORTH HERTFORDSHIRE",73721,198976.53,0,0
2024-07-01,00P,"NHS SUNDERLAND",75164,135176.14,0,0
2024-07-01,11X,"NHS SOMERSET",75830,192812.15,0,0
2024-07-01,97R,"NHS EAST SUSSEX",79660,231536.62,0,0
2024-07-01,42D,"NHS NORTH YORKSHIRE",79870,185622.9,0,0
2024-07-01,10Q,"NHS OXFORDSHIRE",85375,268691.28,0,0
2024-07-01,36J,"NHS BRADFORD DISTRICT AND CRAVEN",87181,196195.34,0,0
2024-07-01,99A,"NHS LIVERPOOL",94430,227352.89,0,0
2024-07-01,14L,"NHS MANCHESTER",95695,218723.47,0,0
2024-07-01,11N,"NHS CORNWALL AND THE ISLES OF SCILLY",96278,251748.32,0,0
2024-07-01,11M,"NHS GLOUCESTERSHIRE",99803,245240.27,0,0
2024-07-01,03N,"NHS SHEFFIELD",101495,202238.6,0,0
2024-07-01,M1J4Y,"NHS BEDFORDSHIRE, LUTON AND MILTON KEYNES",104984,270293.58,0,0
2024-07-01,18C,"NHS HEREFORDSHIRE AND WORCESTERSHIRE",107221,287708.24,0,0
2024-07-01,11J,"NHS DORSET",109548,302220.76,0,0
2024-07-01,92A,"NHS SURREY HEARTLANDS",109591,383468.34,0,0
2024-07-01,70F,"NHS WEST SUSSEX",109719,333559.36,0,0
2024-07-01,13T,"NHS NEWCASTLE GATESHEAD",110049,203296.5,0,0
2024-07-01,15F,"NHS LEEDS",111333,298562.55,0,0
2024-07-01,15C,"NHS BRISTOL, NORTH SOMERSET AND SOUTH GLOUCESTERSHIRE",112412,314018.68,0,0
2024-07-01,27D,"NHS CHESHIRE",117396,267625.61,0,0
2024-07-01,78H,"NHS NORTHAMPTONSHIRE",119713,267792.84,0,0
2024-07-01,92G,"NHS BATH AND NORTH EAST SOMERSET, SWINDON AND WILTSHIRE",130945,306525.41,0,0
2024-07-01,B2M3M,"NHS COVENTRY AND WARWICKSHIRE",134375,354518.81,0,0
2024-07-01,36L,"NHS SOUTH WEST LONDON",135459,364465.91,0,0
2024-07-01,93C,"NHS NORTH CENTRAL LONDON",137008,380364.86,0,0
2024-07-01,06H,"NHS CAMBRIDGESHIRE AND PETERBOROUGH",137701,319477.21,0,0
2024-07-01,84H,"NHS COUNTY DURHAM",137762,259429.46,0,0
2024-07-01,72Q,"NHS SOUTH EAST LONDON",146775,410978.55,0,0
2024-07-01,16C,"NHS TEES VALLEY",150002,323714.71,0,0
2024-07-01,15E,"NHS BIRMINGHAM AND SOLIHULL",151096,398900.94,0,0
2024-07-01,71E,"NHS LINCOLNSHIRE",151999,345712.57,0,0
2024-07-01,52R,"NHS NOTTINGHAM AND NOTTINGHAMSHIRE",153207,373245.59,0,0
2024-07-01,15M,"NHS DERBY AND DERBYSHIRE",156988,383233.35,0,0
2024-07-01,D2P2L,"NHS BLACK COUNTRY",158767,410920.52,0,0
2024-07-01,W2U3Z,"NHS NORTH WEST LONDON",173601,442210.11,0,0
2024-07-01,A3A8R,"NHS NORTH EAST LONDON",179073,419534.38,0,0
2024-07-01,15N,"NHS DEVON",181948,465229.89,0,0
2024-07-01,26A,"NHS NORFOLK AND WAVENEY",195973,481111.32,0,0
2024-07-01,91Q,"NHS KENT AND MEDWAY",237747,653904.05,0,0
2024-07-01,D9Y0V,"NHS HAMPSHIRE, SOUTHAMPTON AND ISLE OF WIGHT",237937,765491.3,0,0
2024-08-01,09W,"NHS MEDWAY",0,0,0,0
2024-08-01,D4U1Y,"NHS FRIMLEY",471,1721.4,0,0
2024-08-01,02G,"NHS WEST LANCASHIRE",15869,37528.17,0,0
2024-08-01,05D,"NHS EAST STAFFORDSHIRE",18150,45148.56,0,0
2024-08-01,01V,"NHS SOUTHPORT AND FORMBY",19456,45757.61,0,0
2024-08-01,05V,"NHS STAFFORD AND SURROUNDS",19553,46058.62,0,0
2024-08-01,04Y,"NHS CANNOCK CHASE",19674,55405.01,0,0
2024-08-01,07G,"NHS THURROCK",19734,43329.31,0,0
2024-08-01,99F,"NHS CASTLE POINT AND ROCHFORD",21880,66864.74,0,0
2024-08-01,02Q,"NHS BASSETLAW",22943,45392.02,0,0
2024-08-01,01F,"NHS HALTON",22954,58155.63,0,0
2024-08-01,99G,"NHS SOUTHEND",24730,74472.34,0,0
2024-08-01,00Q,"NHS BLACKBURN WITH DARWEN",24996,47391.49,0,0
2024-08-01,03H,"NHS NORTH EAST LINCOLNSHIRE",26867,48171.92,0,0
2024-08-01,00X,"NHS CHORLEY AND SOUTH RIBBLE",26883,68906.53,0,0
2024-08-01,05Q,"NHS SOUTH EAST STAFFORDSHIRE AND SEISDON PENINSULA",27045,66252.47,0,0
2024-08-01,00V,"NHS BURY",27322,66933.2,0,0
2024-08-01,01T,"NHS SOUTH SEFTON",27390,60407.51,0,0
2024-08-01,02E,"NHS WARRINGTON",28598,78090.05,0,0
2024-08-01,10R,"NHS PORTSMOUTH",28894,68700.35,0,0
2024-08-01,03Q,"NHS VALE OF YORK",29220,67054.4,0,0
2024-08-01,99E,"NHS BASILDON AND BRENTWOOD",29804,83019.07,0,0
2024-08-01,01E,"NHS GREATER PRESTON",30446,65982.98,0,0
2024-08-01,01J,"NHS KNOWSLEY",31284,68620.38,0,0
2024-08-01,03K,"NHS NORTH LINCOLNSHIRE",32596,66630.3,0,0
2024-08-01,02M,"NHS FYLDE AND WYRE",32989,64952.14,0,0
2024-08-01,02A,"NHS TRAFFORD",33366,81343.59,0,0
2024-08-01,02T,"NHS CALDERDALE",33721,66215.13,0,0
2024-08-01,00Y,"NHS OLDHAM",34540,71248.16,0,0
2024-08-01,01D,"NHS HEYWOOD, MIDDLETON AND ROCHDALE",34894,76083.24,0,0
2024-08-01,05G,"NHS NORTH STAFFORDSHIRE",35035,85397.8,0,0
2024-08-01,00N,"NHS SOUTH TYNESIDE",35636,59872.68,0,0
2024-08-01,U2G6B,"NHS THAMES VALLEY ICB - U2G6B",35768,103738.11,0,0
2024-08-01,00R,"NHS BLACKPOOL",36749,69649.16,0,0
2024-08-01,01Y,"NHS TAMESIDE AND GLOSSOP",36816,70281.34,0,0
2024-08-01,01X,"NHS ST HELENS",37098,83425.04,0,0
2024-08-01,07H,"NHS WEST ESSEX",38499,93663.48,0,0
2024-08-01,09D,"NHS BRIGHTON AND HOVE",39215,105083.15,0,0
2024-08-01,04C,"NHS LEICESTER CITY",41921,88720.28,0,0
2024-08-01,03W,"NHS EAST LEICESTERSHIRE AND RUTLAND",42572,118772.93,0,0
2024-08-01,05W,"NHS STOKE ON TRENT",44283,94801.46,0,0
2024-08-01,00T,"NHS BOLTON",44463,96730.31,0,0
2024-08-01,99C,"NHS NORTH TYNESIDE",45565,83106.34,0,0
2024-08-01,03L,"NHS ROTHERHAM",45759,95718.35,0,0
2024-08-01,14Y,"NHS BUCKINGHAMSHIRE",47814,144726.86,0,0
2024-08-01,07K,"NHS WEST SUFFOLK",48249,103799.06,0,0
2024-08-01,02Y,"NHS EAST RIDING OF YORKSHIRE",48614,99675.11,0,0
2024-08-01,01W,"NHS STOCKPORT",49003,107371.02,0,0
2024-08-01,01G,"NHS SALFORD",49424,88794.04,0,0
2024-08-01,01K,"NHS MORECAMBE BAY",50413,113329.92,0,0
2024-08-01,03F,"NHS HULL",50483,85110.66,0,0
2024-08-01,15A,"NHS BERKSHIRE WEST",52422,170809.85,0,0
2024-08-01,01H,"NHS NORTH CUMBRIA",53247,103368.79,0,0
2024-08-01,02H,"NHS WIGAN BOROUGH",55590,131918.11,0,0
2024-08-01,01A,"NHS EAST LANCASHIRE",55718,105868.44,0,0
2024-08-01,02X,"NHS DONCASTER",55771,99343.11,0,0
2024-08-01,02P,"NHS BARNSLEY",57112,91139.92,0,0
2024-08-01,06N,"NHS HERTS VALLEYS",57704,143633.35,0,0
2024-08-01,06Q,"NHS MID ESSEX",58102,128040.07,0,0
2024-08-01,04V,"NHS WEST LEICESTERSHIRE",58297,141853.63,0,0
2024-08-01,12F,"NHS WIRRAL",59784,138213.71,0,0
2024-08-01,03R,"NHS WAKEFIELD",60763,137957.35,0,0
2024-08-01,X2C4Y,"NHS KIRKLEES",61744,131635.44,0,0
2024-08-01,M2L0M,"NHS SHROPSHIRE, TELFORD AND WREKIN",63618,171359.89,0,0
2024-08-01,06T,"NHS NORTH EAST ESSEX",64987,144331.29,0,0
2024-08-01,06L,"NHS IPSWICH AND EAST SUFFOLK",65164,155060.23,0,0
2024-08-01,00L,"NHS NORTHUMBERLAND",66210,126710.5,0,0
2024-08-01,06K,"NHS EAST AND NORTH HERTFORDSHIRE",72472,183624.84,0,0
2024-08-01,00P,"NHS SUNDERLAND",73317,117894.23,0,0
2024-08-01,11X,"NHS SOMERSET",73546,176595.05,0,0
2024-08-01,42D,"NHS NORTH YORKSHIRE",76541,166541.05,0,0
2024-08-01,97R,"NHS EAST SUSSEX",76787,215185.54,0,0
2024-08-01,10Q,"NHS OXFORDSHIRE",80875,204213.42,0,0
2024-08-01,36J,"NHS BRADFORD DISTRICT AND CRAVEN",84055,183713.51,0,0
2024-08-01,99A,"NHS LIVERPOOL",90495,207267.29,0,0
2024-08-01,14L,"NHS MANCHESTER",91628,193972.02,0,0
2024-08-01,11N,"NHS CORNWALL AND THE ISLES OF SCILLY",94055,230519.48,0,0
2024-08-01,03N,"NHS SHEFFIELD",96145,175747.3,0,0
2024-08-01,11M,"NHS GLOUCESTERSHIRE",96441,218717.78,0,0
2024-08-01,M1J4Y,"NHS BEDFORDSHIRE, LUTON AND MILTON KEYNES",101066,241744.75,0,0
2024-08-01,92A,"NHS SURREY HEARTLANDS",103441,345939.47,0,0
2024-08-01,18C,"NHS HEREFORDSHIRE AND WORCESTERSHIRE",104370,269675.39,0,0
2024-08-01,13T,"NHS NEWCASTLE GATESHEAD",104623,185091.48,0,0
2024-08-01,70F,"NHS WEST SUSSEX",105121,305072.74,0,0
2024-08-01,11J,"NHS DORSET",106289,271345.91,0,0
2024-08-01,15F,"NHS LEEDS",107420,241719.13,0,0
2024-08-01,15C,"NHS BRISTOL, NORTH SOMERSET AND SOUTH GLOUCESTERSHIRE",108632,281454.77,0,0
2024-08-01,27D,"NHS CHESHIRE",114113,243646.64,0,0
2024-08-01,78H,"NHS NORTHAMPTONSHIRE",115305,240828.17,0,0
2024-08-01,92G,"NHS BATH AND NORTH EAST SOMERSET, SWINDON AND WILTSHIRE",123717,280116.5,0,0
2024-08-01,B2M3M,"NHS COVENTRY AND WARWICKSHIRE",127979,322627.01,0,0
2024-08-01,93C,"NHS NORTH CENTRAL LONDON",129287,332474.18,0,0
2024-08-01,36L,"NHS SOUTH WEST LONDON",129627,314467.66,0,0
2024-08-01,06H,"NHS CAMBRIDGESHIRE AND PETERBOROUGH",131912,299758.78,0,0
2024-08-01,84H,"NHS COUNTY DURHAM",132416,239140.31,0,0
2024-08-01,72Q,"NHS SOUTH EAST LONDON",139664,362501.97,0,0
2024-08-01,15E,"NHS BIRMINGHAM AND SOLIHULL",142920,353009.96,0,0
2024-08-01,16C,"NHS TEES VALLEY",144828,295328.2,0,0
2024-08-01,71E,"NHS LINCOLNSHIRE",146904,315464.57,0,0
2024-08-01,52R,"NHS NOTTINGHAM AND NOTTINGHAMSHIRE",148331,333047.67,0,0
2024-08-01,15M,"NHS DERBY AND DERBYSHIRE",150727,338152.62,0,0
2024-08-01,D2P2L,"NHS BLACK COUNTRY",150778,361816.23,0,0
2024-08-01,W2U3Z,"NHS NORTH WEST LONDON",163206,388689.83,0,0
2024-08-01,A3A8R,"NHS NORTH EAST LONDON",172542,391049.97,0,0
2024-08-01,15N,"NHS DEVON",175295,423016.69,0,0
2024-08-01,26A,"NHS NORFOLK AND WAVENEY",190139,432459.14,0,0
2024-08-01,91Q,"NHS KENT AND MEDWAY",227787,574261.05,0,0
2024-08-01,D9Y0V,"NHS HAMPSHIRE, SOUTHAMPTON AND ISLE OF WIGHT",229569,683295.19,0,0
2024-09-01,09W,"NHS MEDWAY",0,0,0,0
2024-09-01,D4U1Y,"NHS FRIMLEY",411,1298.77,0,0
2024-09-01,02G,"NHS WEST LANCASHIRE",15182,35151.21,0,0
2024-09-01,05D,"NHS EAST STAFFORDSHIRE",17375,40243.34,0,0
2024-09-01,01V,"NHS SOUTHPORT AND FORMBY",18948,43119.48,0,0
2024-09-01,05V,"NHS STAFFORD AND SURROUNDS",18959,42921.75,0,0
2024-09-01,07G,"NHS THURROCK",19067,40060.81,0,0
2024-09-01,04Y,"NHS CANNOCK CHASE",20495,48120.05,0,0
2024-09-01,99F,"NHS CASTLE POINT AND ROCHFORD",21554,60469.36,0,0
2024-09-01,01F,"NHS HALTON",21998,49471.29,0,0
2024-09-01,02Q,"NHS BASSETLAW",22553,42706.78,0,0
2024-09-01,00Q,"NHS BLACKBURN WITH DARWEN",23620,41145.56,0,0
2024-09-01,99G,"NHS SOUTHEND",24396,66458.97,0,0
2024-09-01,00X,"NHS CHORLEY AND SOUTH RIBBLE",26231,66053.86,0,0
2024-09-01,00V,"NHS BURY",26370,56956.36,0,0
2024-09-01,03H,"NHS NORTH EAST LINCOLNSHIRE",26577,43619.16,0,0
2024-09-01,01T,"NHS SOUTH SEFTON",26914,54822.38,0,0
2024-09-01,05Q,"NHS SOUTH EAST STAFFORDSHIRE AND SEISDON PENINSULA",26989,58368.75,0,0
2024-09-01,02E,"NHS WARRINGTON",28302,71862.33,0,0
2024-09-01,03Q,"NHS VALE OF YORK",28319,59623.58,0,0
2024-09-01,10R,"NHS PORTSMOUTH",28966,62295.11,0,0
2024-09-01,99E,"NHS BASILDON AND BRENTWOOD",29214,70991.81,0,0
2024-09-01,01E,"NHS GREATER PRESTON",29224,59249.85,0,0
2024-09-01,01J,"NHS KNOWSLEY",30050,63408.04,0,0
2024-09-01,02M,"NHS FYLDE AND WYRE",31462,58203.43,0,0
2024-09-01,03K,"NHS NORTH LINCOLNSHIRE",31919,60905.67,0,0
2024-09-01,02A,"NHS TRAFFORD",32693,74713.31,0,0
2024-09-01,00Y,"NHS OLDHAM",33538,65896.5,0,0
2024-09-01,02T,"NHS CALDERDALE",33695,61151.82,0,0
2024-09-01,01D,"NHS HEYWOOD, MIDDLETON AND ROCHDALE",34244,67370.37,0,0
2024-09-01,05G,"NHS NORTH STAFFORDSHIRE",34495,74638.2,0,0
2024-09-01,00N,"NHS SOUTH TYNESIDE",34875,53933.19,0,0
2024-09-01,U2G6B,"NHS THAMES VALLEY ICB - U2G6B",35487,95600.2,0,0
2024-09-01,01Y,"NHS TAMESIDE AND GLOSSOP",35678,64179.45,0,0
2024-09-01,00R,"NHS BLACKPOOL",36609,63281.29,0,0
2024-09-01,01X,"NHS ST HELENS",37047,78410.6,0,0
2024-09-01,07H,"NHS WEST ESSEX",38094,88625.01,0,0
2024-09-01,09D,"NHS BRIGHTON AND HOVE",38726,103375.71,0,0
2024-09-01,04C,"NHS LEICESTER CITY",41036,84750.02,0,0
2024-09-01,03W,"NHS EAST LEICESTERSHIRE AND RUTLAND",41538,112680.48,0,0
2024-09-01,00T,"NHS BOLTON",42376,86696.8,0,0
2024-09-01,05W,"NHS STOKE ON TRENT",44037,88280.29,0,0
2024-09-01,99C,"NHS NORTH TYNESIDE",44601,78902.68,0,0
2024-09-01,07K,"NHS WEST SUFFOLK",46369,94705.77,0,0
2024-09-01,03L,"NHS ROTHERHAM",46973,87211.18,0,0
2024-09-01,14Y,"NHS BUCKINGHAMSHIRE",47142,135495.55,0,0
2024-09-01,01W,"NHS STOCKPORT",47159,94210.45,0,0
2024-09-01,02Y,"NHS EAST RIDING OF YORKSHIRE",47821,92020.09,0,0
2024-09-01,01G,"NHS SALFORD",48718,81489.81,0,0
2024-09-01,03F,"NHS HULL",49895,76392.7,0,0
2024-09-01,01K,"NHS MORECAMBE BAY",50213,104588.76,0,0
2024-09-01,15A,"NHS BERKSHIRE WEST",51411,157279.85,0,0
2024-09-01,01H,"NHS NORTH CUMBRIA",52319,97418.08,0,0
2024-09-01,02H,"NHS WIGAN BOROUGH",54262,120837.47,0,0
2024-09-01,02X,"NHS DONCASTER",54818,89128.87,0,0
2024-09-01,01A,"NHS EAST LANCASHIRE",54996,100292.45,0,0
2024-09-01,02P,"NHS BARNSLEY",55184,82842.91,0,0
2024-09-01,04V,"NHS WEST LEICESTERSHIRE",56921,126363.81,0,0
2024-09-01,06N,"NHS HERTS VALLEYS",57996,144991.68,0,0
2024-09-01,12F,"NHS WIRRAL",58843,125953.8,0,0
2024-09-01,06Q,"NHS MID ESSEX",59479,116309.63,0,0
2024-09-01,03R,"NHS WAKEFIELD",59529,124470.56,0,0
2024-09-01,M2L0M,"NHS SHROPSHIRE, TELFORD AND WREKIN",62143,152692.29,0,0
2024-09-01,X2C4Y,"NHS KIRKLEES",62154,133521.27,0,0
2024-09-01,06T,"NHS NORTH EAST ESSEX",63260,132951.39,0,0
2024-09-01,06L,"NHS IPSWICH AND EAST SUFFOLK",63998,150132.62,0,0
2024-09-01,00L,"NHS NORTHUMBERLAND",64653,114454.82,0,0
2024-09-01,06K,"NHS EAST AND NORTH HERTFORDSHIRE",69295,166172.72,0,0
2024-09-01,11X,"NHS SOMERSET",71571,161596.98,0,0
2024-09-01,00P,"NHS SUNDERLAND",71908,109412.08,0,0
2024-09-01,97R,"NHS EAST SUSSEX",75706,197119.12,0,0
2024-09-01,42D,"NHS NORTH YORKSHIRE",75803,155779.65,0,0
2024-09-01,10Q,"NHS OXFORDSHIRE",78579,200213.8,0,0
2024-09-01,36J,"NHS BRADFORD DISTRICT AND CRAVEN",82965,164262.7,0,0
2024-09-01,99A,"NHS LIVERPOOL",88107,187337.44,0,0
2024-09-01,14L,"NHS MANCHESTER",90247,177271.28,0,0
2024-09-01,11N,"NHS CORNWALL AND THE ISLES OF SCILLY",91562,215929.19,0,0
2024-09-01,11M,"NHS GLOUCESTERSHIRE",93337,193963.53,0,0
2024-09-01,03N,"NHS SHEFFIELD",95699,155894.95,0,0
2024-09-01,M1J4Y,"NHS BEDFORDSHIRE, LUTON AND MILTON KEYNES",99667,224596.09,0,0
2024-09-01,18C,"NHS HEREFORDSHIRE AND WORCESTERSHIRE",100747,233118.92,0,0
2024-09-01,92A,"NHS SURREY HEARTLANDS",102443,329383.99,0,0
2024-09-01,11J,"NHS DORSET",103386,257290.76,0,0
2024-09-01,70F,"NHS WEST SUSSEX",103971,291412.69,0,0
2024-09-01,13T,"NHS NEWCASTLE GATESHEAD",104138,174756.27,0,0
2024-09-01,15F,"NHS LEEDS",104857,235610.52,0,0
2024-09-01,15C,"NHS BRISTOL, NORTH SOMERSET AND SOUTH GLOUCESTERSHIRE",105966,256153.97,0,0
2024-09-01,78H,"NHS NORTHAMPTONSHIRE",111015,215787.97,0,0
2024-09-01,27D,"NHS CHESHIRE",112271,222396.1,0,0
2024-09-01,92G,"NHS BATH AND NORTH EAST SOMERSET, SWINDON AND WILTSHIRE",123352,256746.03,0,0
2024-09-01,B2M3M,"NHS COVENTRY AND WARWICKSHIRE",124645,298622.39,0,0
2024-09-01,36L,"NHS SOUTH WEST LONDON",126734,284520.26,0,0
2024-09-01,06H,"NHS CAMBRIDGESHIRE AND PETERBOROUGH",128404,267955.69,0,0
2024-09-01,93C,"NHS NORTH CENTRAL LONDON",129716,320843.73,0,0
2024-09-01,84H,"NHS COUNTY DURHAM",130488,206245.77,0,0
2024-09-01,72Q,"NHS SOUTH EAST LONDON",137945,336074.14,0,0
2024-09-01,15E,"NHS BIRMINGHAM AND SOLIHULL",141244,330331.84,0,0
2024-09-01,16C,"NHS TEES VALLEY",141609,274708.85,0,0
2024-09-01,52R,"NHS NOTTINGHAM AND NOTTINGHAMSHIRE",143593,300569.32,0,0
2024-09-01,71E,"NHS LINCOLNSHIRE",146175,306539.18,0,0
2024-09-01,15M,"NHS DERBY AND DERBYSHIRE",148557,305582.08,0,0
2024-09-01,D2P2L,"NHS BLACK COUNTRY",149554,335146.04,0,0
2024-09-01,W2U3Z,"NHS NORTH WEST LONDON",164321,372975.39,0,0
2024-09-01,A3A8R,"NHS NORTH EAST LONDON",170341,359823.94,0,0
2024-09-01,15N,"NHS DEVON",172560,390731.09,0,0
2024-09-01,26A,"NHS NORFOLK AND WAVENEY",184196,406074.72,0,0
2024-09-01,91Q,"NHS KENT AND MEDWAY",223958,536517.57,0,0
2024-09-01,D9Y0V,"NHS HAMPSHIRE, SOUTHAMPTON AND ISLE OF WIGHT",225400,625262.16,0,0
2024-10-01,09W,"NHS MEDWAY",0,0,0,0
2024-10-01,D4U1Y,"NHS FRIMLEY",248,388.9,0,0
2024-10-01,02G,"NHS WEST LANCASHIRE",16590,45098.05,0,0
2024-10-01,05D,"NHS EAST STAFFORDSHIRE",18697,39701.11,0,0
2024-10-01,05V,"NHS STAFFORD AND SURROUNDS",20454,46008.76,0,0
2024-10-01,07G,"NHS THURROCK",20458,41382.43,0,0
2024-10-01,01V,"NHS SOUTHPORT AND FORMBY",20516,44282.88,0,0
2024-10-01,04Y,"NHS CANNOCK CHASE",21156,48448.14,0,0
2024-10-01,99F,"NHS CASTLE POINT AND ROCHFORD",22375,62972.7,0,0
2024-10-01,01F,"NHS HALTON",23220,49028.57,0,0
2024-10-01,02Q,"NHS BASSETLAW",23665,42461.35,0,0
2024-10-01,99G,"NHS SOUTHEND",25560,63682.6,0,0
2024-10-01,00Q,"NHS BLACKBURN WITH DARWEN",25606,41294.47,0,0
2024-10-01,00X,"NHS CHORLEY AND SOUTH RIBBLE",28201,64847.36,0,0
2024-10-01,05Q,"NHS SOUTH EAST STAFFORDSHIRE AND SEISDON PENINSULA",28330,59330.52,0,0
2024-10-01,03H,"NHS NORTH EAST LINCOLNSHIRE",28336,45639.35,0,0
2024-10-01,00V,"NHS BURY",28534,63753.8,0,0
2024-10-01,01T,"NHS SOUTH SEFTON",28906,56919.55,0,0
2024-10-01,03Q,"NHS VALE OF YORK",30297,64322.76,0,0
2024-10-01,02E,"NHS WARRINGTON",30402,73585.16,0,0
2024-10-01,10R,"NHS PORTSMOUTH",30523,62841.96,0,0
2024-10-01,01E,"NHS GREATER PRESTON",31683,62893.2,0,0
2024-10-01,99E,"NHS BASILDON AND BRENTWOOD",32209,83581.66,0,0
2024-10-01,01J,"NHS KNOWSLEY",32448,65494.22,0,0
2024-10-01,03K,"NHS NORTH LINCOLNSHIRE",33400,55694.5,0,0
2024-10-01,02M,"NHS FYLDE AND WYRE",33630,59574.01,0,0
2024-10-01,02A,"NHS TRAFFORD",34784,77129.76,0,0
2024-10-01,02T,"NHS CALDERDALE",35581,62792.11,0,0
2024-10-01,00Y,"NHS OLDHAM",36272,66923.59,0,0
2024-10-01,05G,"NHS NORTH STAFFORDSHIRE",36508,79529.05,0,0
2024-10-01,01D,"NHS HEYWOOD, MIDDLETON AND ROCHDALE",36631,70482.49,0,0
2024-10-01,00N,"NHS SOUTH TYNESIDE",37059,57121.59,0,0
2024-10-01,U2G6B,"NHS THAMES VALLEY ICB - U2G6B",37149,105100.43,0,0
2024-10-01,01Y,"NHS TAMESIDE AND GLOSSOP",38631,61900.01,0,0
2024-10-01,00R,"NHS BLACKPOOL",39445,63702.02,0,0
2024-10-01,01X,"NHS ST HELENS",39526,80494.11,0,0
2024-10-01,07H,"NHS WEST ESSEX",39788,90607.69,0,0
2024-10-01,09D,"NHS BRIGHTON AND HOVE",40643,104385.35,0,0
2024-10-01,04C,"NHS LEICESTER CITY",43746,87443.77,0,0
2024-10-01,03W,"NHS EAST LEICESTERSHIRE AND RUTLAND",44643,109912.39,0,0
2024-10-01,99C,"NHS NORTH TYNESIDE",45982,77414.17,0,0
2024-10-01,00T,"NHS BOLTON",46049,87347.13,0,0
2024-10-01,05W,"NHS STOKE ON TRENT",46366,89705.24,0,0
2024-10-01,03L,"NHS ROTHERHAM",48662,83328.34,0,0
2024-10-01,14Y,"NHS BUCKINGHAMSHIRE",49111,140377.92,0,0
2024-10-01,07K,"NHS WEST SUFFOLK",49525,97525.65,0,0
2024-10-01,01W,"NHS STOCKPORT",50592,99038.39,0,0
2024-10-01,02Y,"NHS EAST RIDING OF YORKSHIRE",51375,95698.03,0,0
2024-10-01,03F,"NHS HULL",52155,76994.85,0,0
2024-10-01,01G,"NHS SALFORD",52303,82719.68,0,0
2024-10-01,01K,"NHS MORECAMBE BAY",53208,106029.6,0,0
2024-10-01,15A,"NHS BERKSHIRE WEST",53899,154967.81,0,0
2024-10-01,01H,"NHS NORTH CUMBRIA",55738,93485.15,0,0
2024-10-01,02X,"NHS DONCASTER",57832,91307.87,0,0
2024-10-01,02H,"NHS WIGAN BOROUGH",58601,124537.28,0,0
2024-10-01,02P,"NHS BARNSLEY",59598,83860.54,0,0
2024-10-01,01A,"NHS EAST LANCASHIRE",60356,104814.42,0,0
2024-10-01,04V,"NHS WEST LEICESTERSHIRE",60386,127038.89,0,0
2024-10-01,06N,"NHS HERTS VALLEYS",61080,137707.39,0,0
2024-10-01,06Q,"NHS MID ESSEX",62302,121320.91,0,0
2024-10-01,12F,"NHS WIRRAL",62490,131823.1,0,0
2024-10-01,03R,"NHS WAKEFIELD",63964,129558.8,0,0
2024-10-01,X2C4Y,"NHS KIRKLEES",64828,129715.85,0,0
2024-10-01,M2L0M,"NHS SHROPSHIRE, TELFORD AND WREKIN",66181,153871.16,0,0
2024-10-01,06T,"NHS NORTH EAST ESSEX",66291,130342.86,0,0
2024-10-01,06L,"NHS IPSWICH AND EAST SUFFOLK",67920,147861.36,0,0
2024-10-01,00L,"NHS NORTHUMBERLAND",68390,112471.79,0,0
2024-10-01,06K,"NHS EAST AND NORTH HERTFORDSHIRE",74323,171094.17,0,0
2024-10-01,11X,"NHS SOMERSET",76458,162708,0,0
2024-10-01,00P,"NHS SUNDERLAND",77353,111688.63,0,0
2024-10-01,42D,"NHS NORTH YORKSHIRE",79188,151046.61,0,0
2024-10-01,97R,"NHS EAST SUSSEX",79962,208776.23,0,0
2024-10-01,10Q,"NHS OXFORDSHIRE",85304,199542.31,0,0
2024-10-01,36J,"NHS BRADFORD DISTRICT AND CRAVEN",88286,168607.66,0,0
2024-10-01,99A,"NHS LIVERPOOL",95511,194773.01,0,0
2024-10-01,14L,"NHS MANCHESTER",98358,185839.25,0,0
2024-10-01,11N,"NHS CORNWALL AND THE ISLES OF SCILLY",98883,222535.02,0,0
2024-10-01,11M,"NHS GLOUCESTERSHIRE",100342,204817.96,0,0
2024-10-01,03N,"NHS SHEFFIELD",101168,155640.36,0,0
2024-10-01,M1J4Y,"NHS BEDFORDSHIRE, LUTON AND MILTON KEYNES",104726,220746.31,0,0
2024-10-01,92A,"NHS SURREY HEARTLANDS",107072,323337.54,0,0
2024-10-01,18C,"NHS HEREFORDSHIRE AND WORCESTERSHIRE",108154,234025.28,0,0
2024-10-01,70F,"NHS WEST SUSSEX",108961,286255.71,0,0
2024-10-01,11J,"NHS DORSET",110128,247050.69,0,0
2024-10-01,13T,"NHS NEWCASTLE GATESHEAD",110737,170830.05,0,0
2024-10-01,15F,"NHS LEEDS",111831,231945.92,0,0
2024-10-01,15C,"NHS BRISTOL, NORTH SOMERSET AND SOUTH GLOUCESTERSHIRE",112681,264454.38,0,0
2024-10-01,78H,"NHS NORTHAMPTONSHIRE",118688,219357.42,0,0
2024-10-01,27D,"NHS CHESHIRE",119215,226978.71,0,0
2024-10-01,92G,"NHS BATH AND NORTH EAST SOMERSET, SWINDON AND WILTSHIRE",131725,271242.62,0,0
2024-10-01,B2M3M,"NHS COVENTRY AND WARWICKSHIRE",134166,309201.86,0,0
2024-10-01,36L,"NHS SOUTH WEST LONDON",135338,292480.77,0,0
2024-10-01,06H,"NHS CAMBRIDGESHIRE AND PETERBOROUGH",136969,271806.86,0,0
2024-10-01,93C,"NHS NORTH CENTRAL LONDON",139098,331434.39,0,0
2024-10-01,84H,"NHS COUNTY DURHAM",139591,219541.79,0,0
2024-10-01,72Q,"NHS SOUTH EAST LONDON",145988,336963.76,0,0
2024-10-01,16C,"NHS TEES VALLEY",151299,271403.3,0,0
2024-10-01,15E,"NHS BIRMINGHAM AND SOLIHULL",151689,333521.14,0,0
2024-10-01,52R,"NHS NOTTINGHAM AND NOTTINGHAMSHIRE",152731,296405.16,0,0
2024-10-01,71E,"NHS LINCOLNSHIRE",152743,298300.18,0,0
2024-10-01,15M,"NHS DERBY AND DERBYSHIRE",158254,309116.73,0,0
2024-10-01,D2P2L,"NHS BLACK COUNTRY",158461,332739.25,0,0
2024-10-01,W2U3Z,"NHS NORTH WEST LONDON",172351,366057.42,0,0
2024-10-01,A3A8R,"NHS NORTH EAST LONDON",179532,364734.43,0,0
2024-10-01,15N,"NHS DEVON",183840,400603.48,0,0
2024-10-01,26A,"NHS NORFOLK AND WAVENEY",195774,405954.26,0,0
2024-10-01,91Q,"NHS KENT AND MEDWAY",234297,511309.64,0,0
2024-10-01,D9Y0V,"NHS HAMPSHIRE, SOUTHAMPTON AND ISLE OF WIGHT",238902,645317.05,0,0
2024-11-01,09W,"NHS MEDWAY",0,0,0,0
2024-11-01,D4U1Y,"NHS FRIMLEY",213,270.91,0,0
2024-11-01,02G,"NHS WEST LANCASHIRE",15860,35814.91,0,0
2024-11-01,05D,"NHS EAST STAFFORDSHIRE",17592,40812.45,0,0
2024-11-01,05V,"NHS STAFFORD AND SURROUNDS",19217,43599.01,0,0
2024-11-01,01V,"NHS SOUTHPORT AND FORMBY",19244,44144.4,0,0
2024-11-01,07G,"NHS THURROCK",19455,39498.51,0,0
2024-11-01,04Y,"NHS CANNOCK CHASE",20347,49241.78,0,0
2024-11-01,99F,"NHS CASTLE POINT AND ROCHFORD",21423,58271.19,0,0
2024-11-01,01F,"NHS HALTON",22439,49229.5,0,0
2024-11-01,02Q,"NHS BASSETLAW",22885,40022.66,0,0
2024-11-01,00Q,"NHS BLACKBURN WITH DARWEN",23454,39167.53,0,0
2024-11-01,99G,"NHS SOUTHEND",24230,61884.38,0,0
2024-11-01,00X,"NHS CHORLEY AND SOUTH RIBBLE",26130,63017.5,0,0
2024-11-01,05Q,"NHS SOUTH EAST STAFFORDSHIRE AND SEISDON PENINSULA",26356,57229.47,0,0
2024-11-01,00V,"NHS BURY",26907,58165.58,0,0
2024-11-01,03H,"NHS NORTH EAST LINCOLNSHIRE",27163,43370.7,0,0
2024-11-01,01T,"NHS SOUTH SEFTON",27787,55219.92,0,0
2024-11-01,02E,"NHS WARRINGTON",28985,70513.7,0,0
2024-11-01,10R,"NHS PORTSMOUTH",29300,67875.94,0,0
2024-11-01,03Q,"NHS VALE OF YORK",29301,59990.6,0,0
2024-11-01,99E,"NHS BASILDON AND BRENTWOOD",29800,73437.14,0,0
2024-11-01,01E,"NHS GREATER PRESTON",29851,61048.92,0,0
2024-11-01,01J,"NHS KNOWSLEY",31374,63420.79,0,0
2024-11-01,02M,"NHS FYLDE AND WYRE",32015,58573.86,0,0
2024-11-01,03K,"NHS NORTH LINCOLNSHIRE",32575,51444.23,0,0
2024-11-01,02A,"NHS TRAFFORD",32931,75910.02,0,0
2024-11-01,00Y,"NHS OLDHAM",33543,62012.2,0,0
2024-11-01,02T,"NHS CALDERDALE",33849,64068.29,0,0
2024-11-01,01D,"NHS HEYWOOD, MIDDLETON AND ROCHDALE",34330,64831.88,0,0
2024-11-01,05G,"NHS NORTH STAFFORDSHIRE",34824,74685.07,0,0
2024-11-01,00N,"NHS SOUTH TYNESIDE",35754,52327.79,0,0
2024-11-01,01Y,"NHS TAMESIDE AND GLOSSOP",36192,60857.61,0,0
2024-11-01,00R,"NHS BLACKPOOL",36590,59834.43,0,0
2024-11-01,U2G6B,"NHS THAMES VALLEY ICB - U2G6B",36659,98782.31,0,0
2024-11-01,01X,"NHS ST HELENS",37445,77893.75,0,0
2024-11-01,07H,"NHS WEST ESSEX",37954,87184.17,0,0
2024-11-01,09D,"NHS BRIGHTON AND HOVE",39401,103187.85,0,0
2024-11-01,04C,"NHS LEICESTER CITY",42057,83596.11,0,0
2024-11-01,03W,"NHS EAST LEICESTERSHIRE AND RUTLAND",42090,103637.82,0,0
2024-11-01,05W,"NHS STOKE ON TRENT",43533,84250.25,0,0
2024-11-01,99C,"NHS NORTH TYNESIDE",43769,75152.72,0,0
2024-11-01,00T,"NHS BOLTON",43885,81573.89,0,0
2024-11-01,14Y,"NHS BUCKINGHAMSHIRE",47194,133068.35,0,0
2024-11-01,03L,"NHS ROTHERHAM",47204,78987.6,0,0
2024-11-01,01W,"NHS STOCKPORT",48056,93730.6,0,0
2024-11-01,07K,"NHS WEST SUFFOLK",48277,98903.4,0,0
2024-11-01,02Y,"NHS EAST RIDING OF YORKSHIRE",49630,90780.33,0,0
2024-11-01,01K,"NHS MORECAMBE BAY",49710,100853.04,0,0
2024-11-01,01G,"NHS SALFORD",50137,80618.69,0,0
2024-11-01,03F,"NHS HULL",50361,78883.68,0,0
2024-11-01,15A,"NHS BERKSHIRE WEST",51822,144555.38,0,0
2024-11-01,01H,"NHS NORTH CUMBRIA",53440,91546.27,0,0
2024-11-01,02X,"NHS DONCASTER",55046,86994.81,0,0
2024-11-01,02H,"NHS WIGAN BOROUGH",55295,118242.85,0,0
2024-11-01,01A,"NHS EAST LANCASHIRE",55359,95485.48,0,0
2024-11-01,02P,"NHS BARNSLEY",56496,83610.92,0,0
2024-11-01,04V,"NHS WEST LEICESTERSHIRE",58218,126229.81,0,0
2024-11-01,06N,"NHS HERTS VALLEYS",58375,132739.88,0,0
2024-11-01,06Q,"NHS MID ESSEX",58745,112220.92,0,0
2024-11-01,12F,"NHS WIRRAL",59953,127405.57,0,0
2024-11-01,03R,"NHS WAKEFIELD",60969,123750.11,0,0
2024-11-01,X2C4Y,"NHS KIRKLEES",62284,121783.76,0,0
2024-11-01,M2L0M,"NHS SHROPSHIRE, TELFORD AND WREKIN",63138,152214.32,0,0
2024-11-01,06T,"NHS NORTH EAST ESSEX",64699,131066.2,0,0
2024-11-01,06L,"NHS IPSWICH AND EAST SUFFOLK",65459,144464.43,0,0
2024-11-01,00L,"NHS NORTHUMBERLAND",65981,113987.39,0,0
2024-11-01,06K,"NHS EAST AND NORTH HERTFORDSHIRE",71636,166538.44,0,0
2024-11-01,11X,"NHS SOMERSET",73038,158841.4,0,0
2024-11-01,00P,"NHS SUNDERLAND",73223,107815.5,0,0
2024-11-01,42D,"NHS NORTH YORKSHIRE",76365,147955.45,0,0
2024-11-01,97R,"NHS EAST SUSSEX",76367,191761.63,0,0
2024-11-01,10Q,"NHS OXFORDSHIRE",80486,196742.7,0,0
2024-11-01,36J,"NHS BRADFORD DISTRICT AND CRAVEN",83041,156593.8,0,0
2024-11-01,99A,"NHS LIVERPOOL",90285,186314.27,0,0
2024-11-01,14L,"NHS MANCHESTER",91844,179256.23,0,0
2024-11-01,11N,"NHS CORNWALL AND THE ISLES OF SCILLY",93452,209152.17,0,0
2024-11-01,11M,"NHS GLOUCESTERSHIRE",97262,190798.97,0,0
2024-11-01,03N,"NHS SHEFFIELD",97778,153003.76,0,0
2024-11-01,M1J4Y,"NHS BEDFORDSHIRE, LUTON AND MILTON KEYNES",98929,214732.83,0,0
2024-11-01,18C,"NHS HEREFORDSHIRE AND WORCESTERSHIRE",102967,231067,0,0
2024-11-01,92A,"NHS SURREY HEARTLANDS",103507,305267.15,0,0
2024-11-01,11J,"NHS DORSET",104215,247695.92,0,0
2024-11-01,13T,"NHS NEWCASTLE GATESHEAD",105051,160504.85,0,0
2024-11-01,70F,"NHS WEST SUSSEX",105172,279722.18,0,0
2024-11-01,15F,"NHS LEEDS",107069,219529.81,0,0
2024-11-01,15C,"NHS BRISTOL, NORTH SOMERSET AND SOUTH GLOUCESTERSHIRE",108626,250214.57,0,0
2024-11-01,27D,"NHS CHESHIRE",112567,215860.21,0,0
2024-11-01,78H,"NHS NORTHAMPTONSHIRE",113851,217090.69,0,0
2024-11-01,92G,"NHS BATH AND NORTH EAST SOMERSET, SWINDON AND WILTSHIRE",126184,248816.03,0,0
2024-11-01,B2M3M,"NHS COVENTRY AND WARWICKSHIRE",127877,287741.44,0,0
2024-11-01,36L,"NHS SOUTH WEST LONDON",130959,279023.28,0,0
2024-11-01,84H,"NHS COUNTY DURHAM",131768,209333.7,0,0
2024-11-01,06H,"NHS CAMBRIDGESHIRE AND PETERBOROUGH",132878,265795.61,0,0
2024-11-01,93C,"NHS NORTH CENTRAL LONDON",134716,313232.32,0,0
2024-11-01,72Q,"NHS SOUTH EAST LONDON",142202,330867.22,0,0
2024-11-01,15E,"NHS BIRMINGHAM AND SOLIHULL",143604,322772.99,0,0
2024-11-01,16C,"NHS TEES VALLEY",144497,262933.2,0,0
2024-11-01,71E,"NHS LINCOLNSHIRE",147127,289530.08,0,0
2024-11-01,52R,"NHS NOTTINGHAM AND NOTTINGHAMSHIRE",147763,294740.56,0,0
2024-11-01,15M,"NHS DERBY AND DERBYSHIRE",149670,298216.2,0,0
2024-11-01,D2P2L,"NHS BLACK COUNTRY",149913,317539.89,0,0
2024-11-01,W2U3Z,"NHS NORTH WEST LONDON",167713,369061.25,0,0
2024-11-01,15N,"NHS DEVON",176077,387061.62,0,0
2024-11-01,A3A8R,"NHS NORTH EAST LONDON",177366,361062.12,0,0
2024-11-01,26A,"NHS NORFOLK AND WAVENEY",188510,392771.86,0,0
2024-11-01,91Q,"NHS KENT AND MEDWAY",228506,517709.07,0,0
2024-11-01,D9Y0V,"NHS HAMPSHIRE, SOUTHAMPTON AND ISLE OF WIGHT",229138,623091.36,0,0
2024-12-01,09W,"NHS MEDWAY",0,0,0,0
2024-12-01,D4U1Y,"NHS FRIMLEY",197,195.68,0,0
2024-12-01,02G,"NHS WEST LANCASHIRE",16351,35715.49,0,0
2024-12-01,05D,"NHS EAST STAFFORDSHIRE",18680,38340.44,0,0
2024-12-01,05V,"NHS STAFFORD AND SURROUNDS",19624,42749.06,0,0
2024-12-01,07G,"NHS THURROCK",19661,40293.56,0,0
2024-12-01,01V,"NHS SOUTHPORT AND FORMBY",20364,45042.08,0,0
2024-12-01,04Y,"NHS CANNOCK CHASE",20683,51740.22,0,0
2024-12-01,99F,"NHS CASTLE POINT AND ROCHFORD",22194,63735.7,0,0
2024-12-01,01F,"NHS HALTON",23064,52465.22,0,0
2024-12-01,02Q,"NHS BASSETLAW",23783,42473.33,0,0
2024-12-01,00Q,"NHS BLACKBURN WITH DARWEN",24946,42095.65,0,0
2024-12-01,99G,"NHS SOUTHEND",25384,64771.98,0,0
2024-12-01,00X,"NHS CHORLEY AND SOUTH RIBBLE",27667,64834.81,0,0
2024-12-01,00V,"NHS BURY",27883,61303.56,0,0
2024-12-01,03H,"NHS NORTH EAST LINCOLNSHIRE",27925,45550.29,0,0
2024-12-01,05Q,"NHS SOUTH EAST STAFFORDSHIRE AND SEISDON PENINSULA",28072,61381.5,0,0
2024-12-01,01T,"NHS SOUTH SEFTON",28592,58377.85,0,0
2024-12-01,03Q,"NHS VALE OF YORK",29961,62145.64,0,0
2024-12-01,10R,"NHS PORTSMOUTH",30115,64778.35,0,0
2024-12-01,02E,"NHS WARRINGTON",30386,72362.32,0,0
2024-12-01,99E,"NHS BASILDON AND BRENTWOOD",30395,75729.2,0,0
2024-12-01,01E,"NHS GREATER PRESTON",31090,63851.18,0,0
2024-12-01,01J,"NHS KNOWSLEY",31560,67719.96,0,0
2024-12-01,03K,"NHS NORTH LINCOLNSHIRE",33393,53181.53,0,0
2024-12-01,02M,"NHS FYLDE AND WYRE",33816,58407.28,0,0
2024-12-01,02A,"NHS TRAFFORD",34119,79331.38,0,0
2024-12-01,00Y,"NHS OLDHAM",34562,65301.62,0,0
2024-12-01,02T,"NHS CALDERDALE",34949,63102.35,0,0
2024-12-01,01D,"NHS HEYWOOD, MIDDLETON AND ROCHDALE",35553,69098.02,0,0
2024-12-01,05G,"NHS NORTH STAFFORDSHIRE",35999,77622.35,0,0
2024-12-01,00N,"NHS SOUTH TYNESIDE",36307,54880.04,0,0
2024-12-01,U2G6B,"NHS THAMES VALLEY ICB - U2G6B",37235,109457.44,0,0
2024-12-01,01Y,"NHS TAMESIDE AND GLOSSOP",37395,62622.05,0,0
2024-12-01,00R,"NHS BLACKPOOL",37619,61566.03,0,0
2024-12-01,01X,"NHS ST HELENS",39661,83270.89,0,0
2024-12-01,07H,"NHS WEST ESSEX",39868,87239.77,0,0
2024-12-01,09D,"NHS BRIGHTON AND HOVE",39890,108540.96,0,0
2024-12-01,04C,"NHS LEICESTER CITY",42812,86066.69,0,0
2024-12-01,03W,"NHS EAST LEICESTERSHIRE AND RUTLAND",43511,108863.75,0,0
2024-12-01,00T,"NHS BOLTON",44673,84293.06,0,0
2024-12-01,05W,"NHS STOKE ON TRENT",45153,89709.46,0,0
2024-12-01,99C,"NHS NORTH TYNESIDE",46219,79106.88,0,0
2024-12-01,03L,"NHS ROTHERHAM",47750,80560.62,0,0
2024-12-01,14Y,"NHS BUCKINGHAMSHIRE",47994,131343.9,0,0
2024-12-01,07K,"NHS WEST SUFFOLK",48914,98927.17,0,0
2024-12-01,01W,"NHS STOCKPORT",48918,94536.63,0,0
2024-12-01,01G,"NHS SALFORD",50708,80662.88,0,0
2024-12-01,02Y,"NHS EAST RIDING OF YORKSHIRE",50738,96641.09,0,0
2024-12-01,03F,"NHS HULL",51793,79493.93,0,0
2024-12-01,15A,"NHS BERKSHIRE WEST",52318,165717.05,0,0
2024-12-01,01K,"NHS MORECAMBE BAY",53587,108723.45,0,0
2024-12-01,01H,"NHS NORTH CUMBRIA",53995,93518.1,0,0
2024-12-01,02H,"NHS WIGAN BOROUGH",56215,122581.37,0,0
2024-12-01,02X,"NHS DONCASTER",57811,92126.8,0,0
2024-12-01,01A,"NHS EAST LANCASHIRE",58087,102913.86,0,0
2024-12-01,02P,"NHS BARNSLEY",58397,86411.08,0,0
2024-12-01,04V,"NHS WEST LEICESTERSHIRE",59782,131080.48,0,0
2024-12-01,06N,"NHS HERTS VALLEYS",60119,141104.75,0,0
2024-12-01,12F,"NHS WIRRAL",61229,133139.26,0,0
2024-12-01,03R,"NHS WAKEFIELD",61742,124632.3,0,0
2024-12-01,06Q,"NHS MID ESSEX",62009,123214.17,0,0
2024-12-01,X2C4Y,"NHS KIRKLEES",64452,138377.18,0,0
2024-12-01,M2L0M,"NHS SHROPSHIRE, TELFORD AND WREKIN",64863,157824.68,0,0
2024-12-01,06T,"NHS NORTH EAST ESSEX",66081,135503.88,0,0
2024-12-01,06L,"NHS IPSWICH AND EAST SUFFOLK",67407,146087.21,0,0
2024-12-01,00L,"NHS NORTHUMBERLAND",67644,115717.67,0,0
2024-12-01,06K,"NHS EAST AND NORTH HERTFORDSHIRE",72784,172468,0,0
2024-12-01,11X,"NHS SOMERSET",74677,163771.21,0,0
2024-12-01,00P,"NHS SUNDERLAND",76463,109789.31,0,0
2024-12-01,42D,"NHS NORTH YORKSHIRE",78407,152735.27,0,0
2024-12-01,97R,"NHS EAST SUSSEX",78831,200962.08,0,0
2024-12-01,36J,"NHS BRADFORD DISTRICT AND CRAVEN",84408,165971.64,0,0
2024-12-01,10Q,"NHS OXFORDSHIRE",84859,199558.3,0,0
2024-12-01,14L,"NHS MANCHESTER",93718,178594.46,0,0
2024-12-01,99A,"NHS LIVERPOOL",94271,196046.58,0,0
2024-12-01,11N,"NHS CORNWALL AND THE ISLES OF SCILLY",97174,223259.37,0,0
2024-12-01,11M,"NHS GLOUCESTERSHIRE",97835,204043.03,0,0
2024-12-01,M1J4Y,"NHS BEDFORDSHIRE, LUTON AND MILTON KEYNES",100393,218099.51,0,0
2024-12-01,03N,"NHS SHEFFIELD",101054,159531.92,0,0
2024-12-01,13T,"NHS NEWCASTLE GATESHEAD",106310,167397.31,0,0
2024-12-01,92A,"NHS SURREY HEARTLANDS",106328,317428.29,0,0
2024-12-01,18C,"NHS HEREFORDSHIRE AND WORCESTERSHIRE",106641,237539.15,0,0
2024-12-01,11J,"NHS DORSET",107339,252307.63,0,0
2024-12-01,15F,"NHS LEEDS",108044,228752.32,0,0
2024-12-01,70F,"NHS WEST SUSSEX",108734,305246.57,0,0
2024-12-01,15C,"NHS BRISTOL, NORTH SOMERSET AND SOUTH GLOUCESTERSHIRE",110914,265432.14,0,0
2024-12-01,78H,"NHS NORTHAMPTONSHIRE",115030,222337.33,0,0
2024-12-01,27D,"NHS CHESHIRE",117344,227060.48,0,0
2024-12-01,92G,"NHS BATH AND NORTH EAST SOMERSET, SWINDON AND WILTSHIRE",129989,263863.99,0,0
2024-12-01,B2M3M,"NHS COVENTRY AND WARWICKSHIRE",130607,301544.29,0,0
2024-12-01,36L,"NHS SOUTH WEST LONDON",133608,299333.12,0,0
2024-12-01,06H,"NHS CAMBRIDGESHIRE AND PETERBOROUGH",134518,273057.91,0,0
2024-12-01,93C,"NHS NORTH CENTRAL LONDON",134610,324456.8,0,0
2024-12-01,84H,"NHS COUNTY DURHAM",134808,215064.51,0,0
2024-12-01,72Q,"NHS SOUTH EAST LONDON",143548,338668.74,0,0
2024-12-01,15E,"NHS BIRMINGHAM AND SOLIHULL",147376,336461.84,0,0
2024-12-01,16C,"NHS TEES VALLEY",147391,270778.08,0,0
2024-12-01,71E,"NHS LINCOLNSHIRE",149042,299554.08,0,0
2024-12-01,52R,"NHS NOTTINGHAM AND NOTTINGHAMSHIRE",150707,303877.65,0,0
2024-12-01,D2P2L,"NHS BLACK COUNTRY",154818,336416.72,0,0
2024-12-01,15M,"NHS DERBY AND DERBYSHIRE",156488,312883.88,0,0
2024-12-01,W2U3Z,"NHS NORTH WEST LONDON",168522,354281.11,0,0
2024-12-01,A3A8R,"NHS NORTH EAST LONDON",179139,359936.55,0,0
2024-12-01,15N,"NHS DEVON",180372,387691.62,0,0
2024-12-01,26A,"NHS NORFOLK AND WAVENEY",192693,406749.89,0,0
2024-12-01,91Q,"NHS KENT AND MEDWAY",233585,529100.86,0,0
2024-12-01,D9Y0V,"NHS HAMPSHIRE, SOUTHAMPTON AND ISLE OF WIGHT",235360,648508.72,0,0
2025-01-01,09W,"NHS MEDWAY",0,0,0,0
2025-01-01,D4U1Y,"NHS FRIMLEY",236,259,0,0
2025-01-01,02G,"NHS WEST LANCASHIRE",16398,37617.1,0,0
2025-01-01,05D,"NHS EAST STAFFORDSHIRE",18738,41109.93,0,0
2025-01-01,01V,"NHS SOUTHPORT AND FORMBY",20084,43503.2,0,0
2025-01-01,05V,"NHS STAFFORD AND SURROUNDS",20310,46613.46,0,0
2025-01-01,07G,"NHS THURROCK",20605,42151.22,0,0
2025-01-01,04Y,"NHS CANNOCK CHASE",21649,49223.82,0,0
2025-01-01,99F,"NHS CASTLE POINT AND ROCHFORD",22915,63340.16,0,0
2025-01-01,01F,"NHS HALTON",23800,53889.03,0,0
2025-01-01,02Q,"NHS BASSETLAW",24428,43146.5,0,0
2025-01-01,00Q,"NHS BLACKBURN WITH DARWEN",24929,40352.87,0,0
2025-01-01,99G,"NHS SOUTHEND",25940,67002.1,0,0
2025-01-01,00X,"NHS CHORLEY AND SOUTH RIBBLE",27798,64057.44,0,0
2025-01-01,00V,"NHS BURY",28260,60795.68,0,0
2025-01-01,05Q,"NHS SOUTH EAST STAFFORDSHIRE AND SEISDON PENINSULA",28585,59058.64,0,0
2025-01-01,01T,"NHS SOUTH SEFTON",28656,55208.11,0,0
2025-01-01,03H,"NHS NORTH EAST LINCOLNSHIRE",28688,43998.01,0,0
2025-01-01,03Q,"NHS VALE OF YORK",30419,61944.47,0,0
2025-01-01,10R,"NHS PORTSMOUTH",30730,68524.2,0,0
2025-01-01,02E,"NHS WARRINGTON",30921,74238.88,0,0
2025-01-01,01E,"NHS GREATER PRESTON",31641,65457.09,0,0
2025-01-01,99E,"NHS BASILDON AND BRENTWOOD",32188,78315.94,0,0
2025-01-01,01J,"NHS KNOWSLEY",32445,64363.15,0,0
2025-01-01,02M,"NHS FYLDE AND WYRE",33820,58757.18,0,0
2025-01-01,03K,"NHS NORTH LINCOLNSHIRE",34510,53885.76,0,0
2025-01-01,02A,"NHS TRAFFORD",34676,77682.09,0,0
2025-01-01,02T,"NHS CALDERDALE",35730,62969.03,0,0
2025-01-01,01D,"NHS HEYWOOD, MIDDLETON AND ROCHDALE",36760,67998.91,0,0
2025-01-01,05G,"NHS NORTH STAFFORDSHIRE",37213,75798.21,0,0
2025-01-01,00Y,"NHS OLDHAM",37462,68761.04,0,0
2025-01-01,00N,"NHS SOUTH TYNESIDE",37967,54297.61,0,0
2025-01-01,01Y,"NHS TAMESIDE AND GLOSSOP",38301,63677.26,0,0
2025-01-01,U2G6B,"NHS THAMES VALLEY ICB - U2G6B",38749,101464.12,0,0
2025-01-01,00R,"NHS BLACKPOOL",39202,62432.02,0,0
2025-01-01,01X,"NHS ST HELENS",39897,79776.55,0,0
2025-01-01,07H,"NHS WEST ESSEX",40503,90095.73,0,0
2025-01-01,09D,"NHS BRIGHTON AND HOVE",41078,105926.05,0,0
2025-01-01,04C,"NHS LEICESTER CITY",44341,84034.13,0,0
2025-01-01,03W,"NHS EAST LEICESTERSHIRE AND RUTLAND",44969,113821.67,0,0
2025-01-01,00T,"NHS BOLTON",46068,87297.29,0,0
2025-01-01,05W,"NHS STOKE ON TRENT",46347,89160.77,0,0
2025-01-01,99C,"NHS NORTH TYNESIDE",46407,73798.96,0,0
2025-01-01,07K,"NHS WEST SUFFOLK",49426,98421.6,0,0
2025-01-01,03L,"NHS ROTHERHAM",49498,81226.2,0,0
2025-01-01,14Y,"NHS BUCKINGHAMSHIRE",49508,132619.41,0,0
2025-01-01,01W,"NHS STOCKPORT",50664,100239.97,0,0
2025-01-01,02Y,"NHS EAST RIDING OF YORKSHIRE",51575,94106.39,0,0
2025-01-01,01G,"NHS SALFORD",52700,82753.07,0,0
2025-01-01,03F,"NHS HULL",53319,78945.99,0,0
2025-01-01,01K,"NHS MORECAMBE BAY",54165,107649.77,0,0
2025-01-01,15A,"NHS BERKSHIRE WEST",55076,155548.52,0,0
2025-01-01,01H,"NHS NORTH CUMBRIA",57306,97728.15,0,0
2025-01-01,02H,"NHS WIGAN BOROUGH",58334,121610.08,0,0
2025-01-01,02X,"NHS DONCASTER",59344,90466.93,0,0
2025-01-01,02P,"NHS BARNSLEY",59406,86849.72,0,0
2025-01-01,01A,"NHS EAST LANCASHIRE",59569,103176.54,0,0
2025-01-01,12F,"NHS WIRRAL",60183,125809.07,0,0
2025-01-01,04V,"NHS WEST LEICESTERSHIRE",61094,128867.19,0,0
2025-01-01,06N,"NHS HERTS VALLEYS",61738,140008.64,0,0
2025-01-01,06Q,"NHS MID ESSEX",62695,119868.83,0,0
2025-01-01,X2C4Y,"NHS KIRKLEES",64293,126737.03,0,0
2025-01-01,03R,"NHS WAKEFIELD",65189,131118.05,0,0
2025-01-01,M2L0M,"NHS SHROPSHIRE, TELFORD AND WREKIN",66225,153613.06,0,0
2025-01-01,06T,"NHS NORTH EAST ESSEX",67879,133039.23,0,0
2025-01-01,06L,"NHS IPSWICH AND EAST SUFFOLK",68644,146321.24,0,0
2025-01-01,00L,"NHS NORTHUMBERLAND",69639,111277.84,0,0
2025-01-01,06K,"NHS EAST AND NORTH HERTFORDSHIRE",74789,165910.95,0,0
2025-01-01,11X,"NHS SOMERSET",76388,163521.56,0,0
2025-01-01,00P,"NHS SUNDERLAND",77973,106624.55,0,0
2025-01-01,42D,"NHS NORTH YORKSHIRE",79266,149533.25,0,0
2025-01-01,97R,"NHS EAST SUSSEX",79427,195295.03,0,0
2025-01-01,10Q,"NHS OXFORDSHIRE",85592,204901.17,0,0
2025-01-01,36J,"NHS BRADFORD DISTRICT AND CRAVEN",88250,166416.63,0,0
2025-01-01,99A,"NHS LIVERPOOL",93848,190040.2,0,0
2025-01-01,14L,"NHS MANCHESTER",97425,178477.14,0,0
2025-01-01,11N,"NHS CORNWALL AND THE ISLES OF SCILLY",97915,214807.86,0,0
2025-01-01,11M,"NHS GLOUCESTERSHIRE",100979,200174.75,0,0
2025-01-01,03N,"NHS SHEFFIELD",101213,159222.56,0,0
2025-01-01,M1J4Y,"NHS BEDFORDSHIRE, LUTON AND MILTON KEYNES",106228,222060.65,0,0
2025-01-01,92A,"NHS SURREY HEARTLANDS",109658,324192.04,0,0
2025-01-01,18C,"NHS HEREFORDSHIRE AND WORCESTERSHIRE",109841,236222.04,0,0
2025-01-01,70F,"NHS WEST SUSSEX",111366,285488.3,0,0
2025-01-01,11J,"NHS DORSET",111882,246407.91,0,0
2025-01-01,13T,"NHS NEWCASTLE GATESHEAD",113229,168181.27,0,0
2025-01-01,15F,"NHS LEEDS",114028,226316.14,0,0
2025-01-01,15C,"NHS BRISTOL, NORTH SOMERSET AND SOUTH GLOUCESTERSHIRE",114603,259203.23,0,0
2025-01-01,27D,"NHS CHESHIRE",119135,228788.62,0,0
2025-01-01,78H,"NHS NORTHAMPTONSHIRE",121517,222486.74,0,0
2025-01-01,92G,"NHS BATH AND NORTH EAST SOMERSET, SWINDON AND WILTSHIRE",133085,256951.36,0,0
2025-01-01,36L,"NHS SOUTH WEST LONDON",135201,290281.23,0,0
2025-01-01,B2M3M,"NHS COVENTRY AND WARWICKSHIRE",136456,314618.85,0,0
2025-01-01,06H,"NHS CAMBRIDGESHIRE AND PETERBOROUGH",139994,274410.52,0,0
2025-01-01,84H,"NHS COUNTY DURHAM",141284,219022.38,0,0
2025-01-01,93C,"NHS NORTH CENTRAL LONDON",144665,326504.16,0,0
2025-01-01,72Q,"NHS SOUTH EAST LONDON",148638,335430.37,0,0
2025-01-01,16C,"NHS TEES VALLEY",152291,267575.97,0,0
2025-01-01,15E,"NHS BIRMINGHAM AND SOLIHULL",153817,346096.47,0,0
2025-01-01,71E,"NHS LINCOLNSHIRE",155570,303216.99,0,0
2025-01-01,52R,"NHS NOTTINGHAM AND NOTTINGHAMSHIRE",158308,309531.93,0,0
2025-01-01,15M,"NHS DERBY AND DERBYSHIRE",160990,315562.54,0,0
2025-01-01,D2P2L,"NHS BLACK COUNTRY",162341,342226.74,0,0
2025-01-01,W2U3Z,"NHS NORTH WEST LONDON",175749,364889.43,0,0
2025-01-01,A3A8R,"NHS NORTH EAST LONDON",184201,353954.83,0,0
2025-01-01,15N,"NHS DEVON",184817,397350.24,0,0
2025-01-01,26A,"NHS NORFOLK AND WAVENEY",198241,404944.88,0,0
2025-01-01,91Q,"NHS KENT AND MEDWAY",239284,510470.34,0,0
2025-01-01,D9Y0V,"NHS HAMPSHIRE, SOUTHAMPTON AND ISLE OF WIGHT",241503,645287.47,0,0
2025-02-01,09W,"NHS MEDWAY",0,0,0,0
2025-02-01,D4U1Y,"NHS FRIMLEY",252,294.42,0,0
2025-02-01,02G,"NHS WEST LANCASHIRE",14656,30895.07,0,0
2025-02-01,05D,"NHS EAST STAFFORDSHIRE",17260,39505.34,0,0
2025-02-01,05V,"NHS STAFFORD AND SURROUNDS",18384,39390.26,0,0
2025-02-01,01V,"NHS SOUTHPORT AND FORMBY",18484,39754.6,0,0
2025-02-01,07G,"NHS THURROCK",18675,37085.29,0,0
2025-02-01,04Y,"NHS CANNOCK CHASE",19175,46307.67,0,0
2025-02-01,99F,"NHS CASTLE POINT AND ROCHFORD",20304,56327.54,0,0
2025-02-01,01F,"NHS HALTON",21039,46563.78,0,0
2025-02-01,02Q,"NHS BASSETLAW",21501,36520.97,0,0
2025-02-01,99G,"NHS SOUTHEND",23124,60790.54,0,0
2025-02-01,00Q,"NHS BLACKBURN WITH DARWEN",23484,38210.34,0,0
2025-02-01,00X,"NHS CHORLEY AND SOUTH RIBBLE",24907,55087.31,0,0
2025-02-01,00V,"NHS BURY",25336,53806.04,0,0
2025-02-01,03H,"NHS NORTH EAST LINCOLNSHIRE",25351,39672.96,0,0
2025-02-01,05Q,"NHS SOUTH EAST STAFFORDSHIRE AND SEISDON PENINSULA",25906,53099.93,0,0
2025-02-01,01T,"NHS SOUTH SEFTON",26164,52370.61,0,0
2025-02-01,03Q,"NHS VALE OF YORK",27297,56664.54,0,0
2025-02-01,02E,"NHS WARRINGTON",27541,65424.27,0,0
2025-02-01,10R,"NHS PORTSMOUTH",27715,64094.2,0,0
2025-02-01,99E,"NHS BASILDON AND BRENTWOOD",28054,67069,0,0
2025-02-01,01E,"NHS GREATER PRESTON",28639,56936.88,0,0
2025-02-01,01J,"NHS KNOWSLEY",29360,58111.9,0,0
2025-02-01,02M,"NHS FYLDE AND WYRE",30294,51673.31,0,0
2025-02-01,03K,"NHS NORTH LINCOLNSHIRE",30847,48943.59,0,0
2025-02-01,02A,"NHS TRAFFORD",31266,71670.12,0,0
2025-02-01,02T,"NHS CALDERDALE",32041,59213.5,0,0
2025-02-01,00Y,"NHS OLDHAM",32198,57947.74,0,0
2025-02-01,01D,"NHS HEYWOOD, MIDDLETON AND ROCHDALE",32804,60342.64,0,0
2025-02-01,05G,"NHS NORTH STAFFORDSHIRE",33035,73086.37,0,0
2025-02-01,00N,"NHS SOUTH TYNESIDE",33091,47150.72,0,0
2025-02-01,00R,"NHS BLACKPOOL",34726,56349.2,0,0
2025-02-01,01Y,"NHS TAMESIDE AND GLOSSOP",34851,57408.7,0,0
2025-02-01,U2G6B,"NHS THAMES VALLEY ICB - U2G6B",35107,98132.1,0,0
2025-02-01,01X,"NHS ST HELENS",35666,72690.33,0,0
2025-02-01,07H,"NHS WEST ESSEX",37336,81236.92,0,0
2025-02-01,09D,"NHS BRIGHTON AND HOVE",37405,96602.93,0,0
2025-02-01,03W,"NHS EAST LEICESTERSHIRE AND RUTLAND",39714,102101.24,0,0
2025-02-01,04C,"NHS LEICESTER CITY",39979,77066.93,0,0
2025-02-01,00T,"NHS BOLTON",40830,77680.61,0,0
2025-02-01,05W,"NHS STOKE ON TRENT",41183,78471.93,0,0
2025-02-01,99C,"NHS NORTH TYNESIDE",42252,67950.86,0,0
2025-02-01,03L,"NHS ROTHERHAM",44324,72341.51,0,0
2025-02-01,07K,"NHS WEST SUFFOLK",44465,88968.12,0,0
2025-02-01,14Y,"NHS BUCKINGHAMSHIRE",44875,126070.11,0,0
2025-02-01,01W,"NHS STOCKPORT",45595,90370.07,0,0
2025-02-01,02Y,"NHS EAST RIDING OF YORKSHIRE",45791,84739.02,0,0
2025-02-01,03F,"NHS HULL",46951,69790.26,0,0
2025-02-01,01G,"NHS SALFORD",47111,73697.79,0,0
2025-02-01,01K,"NHS MORECAMBE BAY",47468,95365.36,0,0
2025-02-01,15A,"NHS BERKSHIRE WEST",48944,139785.73,0,0
2025-02-01,01H,"NHS NORTH CUMBRIA",49984,84022.24,0,0
2025-02-01,02X,"NHS DONCASTER",52451,80838.34,0,0
2025-02-01,01A,"NHS EAST LANCASHIRE",52648,91892.28,0,0
2025-02-01,02H,"NHS WIGAN BOROUGH",53077,112377.9,0,0
2025-02-01,02P,"NHS BARNSLEY",53586,74364.56,0,0
2025-02-01,06N,"NHS HERTS VALLEYS",54971,124290.95,0,0
2025-02-01,04V,"NHS WEST LEICESTERSHIRE",55047,120454.69,0,0
2025-02-01,06Q,"NHS MID ESSEX",56184,107380.47,0,0
2025-02-01,12F,"NHS WIRRAL",56666,116589.6,0,0
2025-02-01,03R,"NHS WAKEFIELD",57636,119806.24,0,0
2025-02-01,X2C4Y,"NHS KIRKLEES",58344,119941.26,0,0
2025-02-01,M2L0M,"NHS SHROPSHIRE, TELFORD AND WREKIN",59383,141663.17,0,0
2025-02-01,06T,"NHS NORTH EAST ESSEX",60726,121031.73,0,0
2025-02-01,06L,"NHS IPSWICH AND EAST SUFFOLK",61483,131936.87,0,0
2025-02-01,00L,"NHS NORTHUMBERLAND",62859,101748.28,0,0
2025-02-01,06K,"NHS EAST AND NORTH HERTFORDSHIRE",67404,161603.51,0,0
2025-02-01,11X,"NHS SOMERSET",67823,144691.15,0,0
2025-02-01,00P,"NHS SUNDERLAND",68987,93701.01,0,0
2025-02-01,97R,"NHS EAST SUSSEX",71894,183014.17,0,0
2025-02-01,42D,"NHS NORTH YORKSHIRE",72374,137408.96,0,0
2025-02-01,10Q,"NHS OXFORDSHIRE",76798,170919.72,0,0
2025-02-01,36J,"NHS BRADFORD DISTRICT AND CRAVEN",77745,148617.24,0,0
2025-02-01,99A,"NHS LIVERPOOL",84925,179537.15,0,0
2025-02-01,14L,"NHS MANCHESTER",86315,161257.74,0,0
2025-02-01,11N,"NHS CORNWALL AND THE ISLES OF SCILLY",86788,189968.18,0,0
2025-02-01,11M,"NHS GLOUCESTERSHIRE",89952,182676.56,0,0
2025-02-01,03N,"NHS SHEFFIELD",93839,140775.62,0,0
2025-02-01,M1J4Y,"NHS BEDFORDSHIRE, LUTON AND MILTON KEYNES",94432,203111.53,0,0
2025-02-01,18C,"NHS HEREFORDSHIRE AND WORCESTERSHIRE",96894,210037.99,0,0
2025-02-01,11J,"NHS DORSET",98485,221812.72,0,0
2025-02-01,92A,"NHS SURREY HEARTLANDS",98498,294596.02,0,0
2025-02-01,70F,"NHS WEST SUSSEX",98525,263322.07,0,0
2025-02-01,13T,"NHS NEWCASTLE GATESHEAD",99593,148037.62,0,0
2025-02-01,15C,"NHS BRISTOL, NORTH SOMERSET AND SOUTH GLOUCESTERSHIRE",99806,229705.05,0,0
2025-02-01,15F,"NHS LEEDS",101408,212833.7,0,0
2025-02-01,78H,"NHS NORTHAMPTONSHIRE",105990,196533.8,0,0
2025-02-01,27D,"NHS CHESHIRE",106767,198818.41,0,0
2025-02-01,92G,"NHS BATH AND NORTH EAST SOMERSET, SWINDON AND WILTSHIRE",117845,228944,0,0
2025-02-01,B2M3M,"NHS COVENTRY AND WARWICKSHIRE",120812,269733.87,0,0
2025-02-01,36L,"NHS SOUTH WEST LONDON",123731,262931.19,0,0
2025-02-01,84H,"NHS COUNTY DURHAM",124449,197999.92,0,0
2025-02-01,06H,"NHS CAMBRIDGESHIRE AND PETERBOROUGH",124473,249034.26,0,0
2025-02-01,93C,"NHS NORTH CENTRAL LONDON",127106,294986.06,0,0
2025-02-01,72Q,"NHS SOUTH EAST LONDON",134542,300753.94,0,0
2025-02-01,15E,"NHS BIRMINGHAM AND SOLIHULL",135969,314601.88,0,0
2025-02-01,16C,"NHS TEES VALLEY",136417,239651.99,0,0
2025-02-01,71E,"NHS LINCOLNSHIRE",138218,269407.17,0,0
2025-02-01,52R,"NHS NOTTINGHAM AND NOTTINGHAMSHIRE",138440,265550.41,0,0
2025-02-01,15M,"NHS DERBY AND DERBYSHIRE",142423,279858.05,0,0
2025-02-01,D2P2L,"NHS BLACK COUNTRY",144505,324199.61,0,0
2025-02-01,W2U3Z,"NHS NORTH WEST LONDON",160348,330385.7,0,0
2025-02-01,15N,"NHS DEVON",163583,344353.13,0,0
2025-02-01,A3A8R,"NHS NORTH EAST LONDON",167547,331535.9,0,0
2025-02-01,26A,"NHS NORFOLK AND WAVENEY",176524,362111.6,0,0
2025-02-01,91Q,"NHS KENT AND MEDWAY",214188,468526.33,0,0
2025-02-01,D9Y0V,"NHS HAMPSHIRE, SOUTHAMPTON AND ISLE OF WIGHT",216495,578547.46,0,0
2025-03-01,09W,"NHS MEDWAY",0,0,0,0
2025-03-01,D4U1Y,"NHS FRIMLEY",289,663.17,0,0
2025-03-01,02G,"NHS WEST LANCASHIRE",15799,36233.25,0,0
2025-03-01,05D,"NHS EAST STAFFORDSHIRE",17186,39059.56,0,0
2025-03-01,05V,"NHS STAFFORD AND SURROUNDS",19227,43163.23,0,0
2025-03-01,07G,"NHS THURROCK",19769,39570.32,0,0
2025-03-01,01V,"NHS SOUTHPORT AND FORMBY",19777,44312.77,0,0
2025-03-01,04Y,"NHS CANNOCK CHASE",20429,52696.7,0,0
2025-03-01,99F,"NHS CASTLE POINT AND ROCHFORD",21641,60391.03,0,0
2025-03-01,01F,"NHS HALTON",22469,51086.72,0,0
2025-03-01,02Q,"NHS BASSETLAW",23062,39999.45,0,0
2025-03-01,00Q,"NHS BLACKBURN WITH DARWEN",24142,40138.08,0,0
2025-03-01,99G,"NHS SOUTHEND",25109,63373.28,0,0
2025-03-01,00X,"NHS CHORLEY AND SOUTH RIBBLE",26279,62365.6,0,0
2025-03-01,05Q,"NHS SOUTH EAST STAFFORDSHIRE AND SEISDON PENINSULA",26801,58385.29,0,0
2025-03-01,00V,"NHS BURY",26893,57730.78,0,0
2025-03-01,03H,"NHS NORTH EAST LINCOLNSHIRE",27374,47465.68,0,0
2025-03-01,01T,"NHS SOUTH SEFTON",28197,56158.32,0,0
2025-03-01,03Q,"NHS VALE OF YORK",29138,57078.85,0,0
2025-03-01,10R,"NHS PORTSMOUTH",29193,65912.55,0,0
2025-03-01,02E,"NHS WARRINGTON",29446,74323.77,0,0
2025-03-01,99E,"NHS BASILDON AND BRENTWOOD",29583,75331.97,0,0
2025-03-01,01E,"NHS GREATER PRESTON",30291,59651.04,0,0
2025-03-01,01J,"NHS KNOWSLEY",31223,62224.17,0,0
2025-03-01,02M,"NHS FYLDE AND WYRE",31706,54817.42,0,0
2025-03-01,02A,"NHS TRAFFORD",32986,77043.02,0,0
2025-03-01,03K,"NHS NORTH LINCOLNSHIRE",33033,54083.62,0,0
2025-03-01,02T,"NHS CALDERDALE",34288,62962.39,0,0
2025-03-01,00Y,"NHS OLDHAM",34831,67065.62,0,0
2025-03-01,01D,"NHS HEYWOOD, MIDDLETON AND ROCHDALE",35003,67121.57,0,0
2025-03-01,00N,"NHS SOUTH TYNESIDE",35165,52254.52,0,0
2025-03-01,05G,"NHS NORTH STAFFORDSHIRE",35407,75046.43,0,0
2025-03-01,00R,"NHS BLACKPOOL",36771,59872.09,0,0
2025-03-01,U2G6B,"NHS THAMES VALLEY ICB - U2G6B",36967,104828.18,0,0
2025-03-01,01Y,"NHS TAMESIDE AND GLOSSOP",37140,61684.06,0,0
2025-03-01,01X,"NHS ST HELENS",37694,79399.19,0,0
2025-03-01,09D,"NHS BRIGHTON AND HOVE",38344,98944.97,0,0
2025-03-01,07H,"NHS WEST ESSEX",39554,89977.21,0,0
2025-03-01,04C,"NHS LEICESTER CITY",41777,80279.78,0,0
2025-03-01,03W,"NHS EAST LEICESTERSHIRE AND RUTLAND",42786,104618.04,0,0
2025-03-01,00T,"NHS BOLTON",42981,81840.9,0,0
2025-03-01,99C,"NHS NORTH TYNESIDE",44310,72446.49,0,0
2025-03-01,05W,"NHS STOKE ON TRENT",44643,86569.38,0,0
2025-03-01,14Y,"NHS BUCKINGHAMSHIRE",46680,122409.99,0,0
2025-03-01,07K,"NHS WEST SUFFOLK",47878,98034.49,0,0
2025-03-01,03L,"NHS ROTHERHAM",47908,81256.17,0,0
2025-03-01,01W,"NHS STOCKPORT",48367,94694.54,0,0
2025-03-01,02Y,"NHS EAST RIDING OF YORKSHIRE",49857,92140.3,0,0
2025-03-01,01G,"NHS SALFORD",50251,80802.29,0,0
2025-03-01,03F,"NHS HULL",50754,76543.89,0,0
2025-03-01,01K,"NHS MORECAMBE BAY",50917,99704.77,0,0
2025-03-01,15A,"NHS BERKSHIRE WEST",52801,151608.46,0,0
2025-03-01,01H,"NHS NORTH CUMBRIA",53523,91758.43,0,0
2025-03-01,02H,"NHS WIGAN BOROUGH",55601,123669.35,0,0
2025-03-01,02P,"NHS BARNSLEY",56123,80519.71,0,0
2025-03-01,02X,"NHS DONCASTER",56194,88584.43,0,0
2025-03-01,01A,"NHS EAST LANCASHIRE",56897,96853.71,0,0
2025-03-01,06N,"NHS HERTS VALLEYS",57351,134883.82,0,0
2025-03-01,04V,"NHS WEST LEICESTERSHIRE",58889,130341.93,0,0
2025-03-01,12F,"NHS WIRRAL",59532,127280.22,0,0
2025-03-01,06Q,"NHS MID ESSEX",60199,119899.35,0,0
2025-03-01,03R,"NHS WAKEFIELD",60833,124665.78,0,0
2025-03-01,M2L0M,"NHS SHROPSHIRE, TELFORD AND WREKIN",63097,150951.23,0,0
2025-03-01,06T,"NHS NORTH EAST ESSEX",64919,128591.74,0,0
2025-03-01,X2C4Y,"NHS KIRKLEES",65491,130920.37,0,0
2025-03-01,06L,"NHS IPSWICH AND EAST SUFFOLK",65776,142872.42,0,0
2025-03-01,00L,"NHS NORTHUMBERLAND",65937,114737.13,0,0
2025-03-01,06K,"NHS EAST AND NORTH HERTFORDSHIRE",71393,165245.18,0,0
2025-03-01,11X,"NHS SOMERSET",72569,152830.99,0,0
2025-03-01,00P,"NHS SUNDERLAND",73761,100383.01,0,0
2025-03-01,97R,"NHS EAST SUSSEX",76833,194923.33,0,0
2025-03-01,42D,"NHS NORTH YORKSHIRE",77216,156792.35,0,0
2025-03-01,10Q,"NHS OXFORDSHIRE",81605,200122.87,0,0
2025-03-01,36J,"NHS BRADFORD DISTRICT AND CRAVEN",83628,164244.67,0,0
2025-03-01,99A,"NHS LIVERPOOL",91356,197150.21,0,0
2025-03-01,11N,"NHS CORNWALL AND THE ISLES OF SCILLY",92906,210826.46,0,0
2025-03-01,14L,"NHS MANCHESTER",93291,177916.02,0,0
2025-03-01,11M,"NHS GLOUCESTERSHIRE",94482,187514.48,0,0
2025-03-01,M1J4Y,"NHS BEDFORDSHIRE, LUTON AND MILTON KEYNES",97732,214756.29,0,0
2025-03-01,03N,"NHS SHEFFIELD",98426,154644.06,0,0
2025-03-01,18C,"NHS HEREFORDSHIRE AND WORCESTERSHIRE",102737,225954.94,0,0
2025-03-01,70F,"NHS WEST SUSSEX",104060,278581.78,0,0
2025-03-01,92A,"NHS SURREY HEARTLANDS",104672,305087.11,0,0
2025-03-01,13T,"NHS NEWCASTLE GATESHEAD",105150,168292.51,0,0
2025-03-01,11J,"NHS DORSET",105489,252099.41,0,0
2025-03-01,15F,"NHS LEEDS",108251,223266.29,0,0
2025-03-01,15C,"NHS BRISTOL, NORTH SOMERSET AND SOUTH GLOUCESTERSHIRE",108290,255374.65,0,0
2025-03-01,27D,"NHS CHESHIRE",113002,219562.35,0,0
2025-03-01,78H,"NHS NORTHAMPTONSHIRE",113849,209545.31,0,0
2025-03-01,92G,"NHS BATH AND NORTH EAST SOMERSET, SWINDON AND WILTSHIRE",125608,240036.12,0,0
2025-03-01,B2M3M,"NHS COVENTRY AND WARWICKSHIRE",125797,284388.52,0,0
2025-03-01,36L,"NHS SOUTH WEST LONDON",130802,280144.45,0,0
2025-03-01,84H,"NHS COUNTY DURHAM",132900,213128.07,0,0
2025-03-01,06H,"NHS CAMBRIDGESHIRE AND PETERBOROUGH",132941,265102.69,0,0
2025-03-01,93C,"NHS NORTH CENTRAL LONDON",136469,322000.8,0,0
2025-03-01,72Q,"NHS SOUTH EAST LONDON",143159,337167.32,0,0
2025-03-01,16C,"NHS TEES VALLEY",143900,259521.4,0,0
2025-03-01,15E,"NHS BIRMINGHAM AND SOLIHULL",146718,339097.51,0,0
2025-03-01,71E,"NHS LINCOLNSHIRE",148497,298616.43,0,0
2025-03-01,52R,"NHS NOTTINGHAM AND NOTTINGHAMSHIRE",149869,302733.34,0,0
2025-03-01,D2P2L,"NHS BLACK COUNTRY",150528,329503.47,0,0
2025-03-01,15M,"NHS DERBY AND DERBYSHIRE",151277,307905.36,0,0
2025-03-01,W2U3Z,"NHS NORTH WEST LONDON",168162,361597.56,0,0
2025-03-01,15N,"NHS DEVON",177263,382090.18,0,0
2025-03-01,A3A8R,"NHS NORTH EAST LONDON",178472,358199.51,0,0
2025-03-01,26A,"NHS NORFOLK AND WAVENEY",190379,395077.34,0,0
2025-03-01,91Q,"NHS KENT AND MEDWAY",229472,502006.23,0,0
2025-03-01,D9Y0V,"NHS HAMPSHIRE, SOUTHAMPTON AND ISLE OF WIGHT",230528,643812.58,0,0
2025-04-01,09W,"NHS MEDWAY",0,0,0,0
2025-04-01,D4U1Y,"NHS FRIMLEY",268,217.08,0,0
2025-04-01,02G,"NHS WEST LANCASHIRE",15961,33816.81,0,0
2025-04-01,05D,"NHS EAST STAFFORDSHIRE",18363,38030.71,0,0
2025-04-01,05V,"NHS STAFFORD AND SURROUNDS",18964,41352.75,0,0
2025-04-01,07G,"NHS THURROCK",19512,39206.17,0,0
2025-04-01,04Y,"NHS CANNOCK CHASE",19640,44556.88,0,0
2025-04-01,01V,"NHS SOUTHPORT AND FORMBY",19641,43353.73,0,0
2025-04-01,99F,"NHS CASTLE POINT AND ROCHFORD",21776,61529.65,0,0
2025-04-01,01F,"NHS HALTON",22895,57938.86,0,0
2025-04-01,02Q,"NHS BASSETLAW",23313,43305.63,0,0
2025-04-01,00Q,"NHS BLACKBURN WITH DARWEN",23913,38089.61,0,0
2025-04-01,99G,"NHS SOUTHEND",25040,60416.19,0,0
2025-04-01,00X,"NHS CHORLEY AND SOUTH RIBBLE",27052,64763.42,0,0
2025-04-01,05Q,"NHS SOUTH EAST STAFFORDSHIRE AND SEISDON PENINSULA",27066,55796.43,0,0
2025-04-01,00V,"NHS BURY",27344,59525.83,0,0
2025-04-01,01T,"NHS SOUTH SEFTON",27700,56663.9,0,0
2025-04-01,03H,"NHS NORTH EAST LINCOLNSHIRE",27736,44184.63,0,0
2025-04-01,03Q,"NHS VALE OF YORK",28405,58574,0,0
2025-04-01,10R,"NHS PORTSMOUTH",28740,63202.17,0,0
2025-04-01,02E,"NHS WARRINGTON",28742,69270.59,0,0
2025-04-01,99E,"NHS BASILDON AND BRENTWOOD",30082,71350.34,0,0
2025-04-01,01E,"NHS GREATER PRESTON",30930,60628.73,0,0
2025-04-01,01J,"NHS KNOWSLEY",31351,61465.63,0,0
2025-04-01,02M,"NHS FYLDE AND WYRE",32388,54780.84,0,0
2025-04-01,03K,"NHS NORTH LINCOLNSHIRE",33180,52647.86,0,0
2025-04-01,02A,"NHS TRAFFORD",33469,75233.58,0,0
2025-04-01,02T,"NHS CALDERDALE",33809,62453.96,0,0
2025-04-01,01D,"NHS HEYWOOD, MIDDLETON AND ROCHDALE",34613,65024.35,0,0
2025-04-01,00Y,"NHS OLDHAM",34815,66024.71,0,0
2025-04-01,05G,"NHS NORTH STAFFORDSHIRE",35218,73861.65,0,0
2025-04-01,U2G6B,"NHS THAMES VALLEY ICB - U2G6B",36178,98525.48,0,0
2025-04-01,00N,"NHS SOUTH TYNESIDE",36244,54369.95,0,0
2025-04-01,01Y,"NHS TAMESIDE AND GLOSSOP",36843,62589.45,0,0
2025-04-01,00R,"NHS BLACKPOOL",37677,60871.38,0,0
2025-04-01,01X,"NHS ST HELENS",37826,79023.42,0,0
2025-04-01,07H,"NHS WEST ESSEX",39064,81506.28,0,0
2025-04-01,09D,"NHS BRIGHTON AND HOVE",39375,112329.2,0,0
2025-04-01,03W,"NHS EAST LEICESTERSHIRE AND RUTLAND",42423,109001.47,0,0
2025-04-01,04C,"NHS LEICESTER CITY",42720,82703.05,0,0
2025-04-01,00T,"NHS BOLTON",43942,85285.11,0,0
2025-04-01,05W,"NHS STOKE ON TRENT",44935,86079.52,0,0
2025-04-01,99C,"NHS NORTH TYNESIDE",45001,74025.33,0,0
2025-04-01,03L,"NHS ROTHERHAM",46879,77338.87,0,0
2025-04-01,14Y,"NHS BUCKINGHAMSHIRE",47545,117415.57,0,0
2025-04-01,07K,"NHS WEST SUFFOLK",47775,98111.56,0,0
2025-04-01,01W,"NHS STOCKPORT",48278,98379.45,0,0
2025-04-01,02Y,"NHS EAST RIDING OF YORKSHIRE",49348,88630.74,0,0
2025-04-01,01G,"NHS SALFORD",50329,82691.71,0,0
2025-04-01,03F,"NHS HULL",50587,76459.8,0,0
2025-04-01,01K,"NHS MORECAMBE BAY",51134,98611.15,0,0
2025-04-01,15A,"NHS BERKSHIRE WEST",51659,144823.58,0,0
2025-04-01,01H,"NHS NORTH CUMBRIA",53814,91109.18,0,0
2025-04-01,02H,"NHS WIGAN BOROUGH",54773,118742.77,0,0
2025-04-01,02X,"NHS DONCASTER",55829,90778.04,0,0
2025-04-01,04V,"NHS WEST LEICESTERSHIRE",57489,126638.76,0,0
2025-04-01,02P,"NHS BARNSLEY",57528,81311.07,0,0
2025-04-01,01A,"NHS EAST LANCASHIRE",57781,98022.68,0,0
2025-04-01,06N,"NHS HERTS VALLEYS",58950,132641.67,0,0
2025-04-01,06Q,"NHS MID ESSEX",59851,112687.81,0,0
2025-04-01,12F,"NHS WIRRAL",60405,127458.68,0,0
2025-04-01,03R,"NHS WAKEFIELD",62298,131617.58,0,0
2025-04-01,X2C4Y,"NHS KIRKLEES",62928,129139.24,0,0
2025-04-01,06T,"NHS NORTH EAST ESSEX",63480,125949.46,0,0
2025-04-01,M2L0M,"NHS SHROPSHIRE, TELFORD AND WREKIN",63502,153342.28,0,0
2025-04-01,06L,"NHS IPSWICH AND EAST SUFFOLK",64642,139135.4,0,0
2025-04-01,00L,"NHS NORTHUMBERLAND",67565,110891.87,0,0
2025-04-01,06K,"NHS EAST AND NORTH HERTFORDSHIRE",70443,162759.42,0,0
2025-04-01,11X,"NHS SOMERSET",70954,147235.29,0,0
2025-04-01,00P,"NHS SUNDERLAND",74584,109993.14,0,0
2025-04-01,42D,"NHS NORTH YORKSHIRE",76383,146901.71,0,0
2025-04-01,97R,"NHS EAST SUSSEX",76839,190466.59,0,0
2025-04-01,10Q,"NHS OXFORDSHIRE",81072,182285,0,0
2025-04-01,36J,"NHS BRADFORD DISTRICT AND CRAVEN",84144,156524.03,0,0
2025-04-01,11N,"NHS CORNWALL AND THE ISLES OF SCILLY",91410,204444.63,0,0
2025-04-01,99A,"NHS LIVERPOOL",91500,188017.28,0,0
2025-04-01,14L,"NHS MANCHESTER",94340,174939.44,0,0
2025-04-01,11M,"NHS GLOUCESTERSHIRE",95114,193493.5,0,0
2025-04-01,03N,"NHS SHEFFIELD",97987,152561.92,0,0
2025-04-01,M1J4Y,"NHS BEDFORDSHIRE, LUTON AND MILTON KEYNES",101420,222759.03,0,0
2025-04-01,92A,"NHS SURREY HEARTLANDS",102891,315344.64,0,0
2025-04-01,18C,"NHS HEREFORDSHIRE AND WORCESTERSHIRE",103225,230332.77,0,0
2025-04-01,11J,"NHS DORSET",103987,242685.08,0,0
2025-04-01,70F,"NHS WEST SUSSEX",105983,283745.82,0,0
2025-04-01,15F,"NHS LEEDS",106610,219106.56,0,0
2025-04-01,13T,"NHS NEWCASTLE GATESHEAD",107187,168974.28,0,0
2025-04-01,15C,"NHS BRISTOL, NORTH SOMERSET AND SOUTH GLOUCESTERSHIRE",107384,246270.7,0,0
2025-04-01,27D,"NHS CHESHIRE",112982,211488.78,0,0
2025-04-01,78H,"NHS NORTHAMPTONSHIRE",113059,205991,0,0
2025-04-01,92G,"NHS BATH AND NORTH EAST SOMERSET, SWINDON AND WILTSHIRE",126077,249105.57,0,0
2025-04-01,36L,"NHS SOUTH WEST LONDON",130544,271912.91,0,0
2025-04-01,B2M3M,"NHS COVENTRY AND WARWICKSHIRE",133418,293439.08,0,0
2025-04-01,06H,"NHS CAMBRIDGESHIRE AND PETERBOROUGH",133551,259954.88,0,0
2025-04-01,84H,"NHS COUNTY DURHAM",134499,222956.4,0,0
2025-04-01,93C,"NHS NORTH CENTRAL LONDON",138245,307646.61,0,0
2025-04-01,72Q,"NHS SOUTH EAST LONDON",141499,318333.48,0,0
2025-04-01,15E,"NHS BIRMINGHAM AND SOLIHULL",145126,324366.32,0,0
2025-04-01,16C,"NHS TEES VALLEY",146745,264179.95,0,0
2025-04-01,71E,"NHS LINCOLNSHIRE",146777,291313.87,0,0
2025-04-01,52R,"NHS NOTTINGHAM AND NOTTINGHAMSHIRE",149640,294132.27,0,0
2025-04-01,15M,"NHS DERBY AND DERBYSHIRE",151119,304695.87,0,0
2025-04-01,D2P2L,"NHS BLACK COUNTRY",155595,335647.28,0,0
2025-04-01,W2U3Z,"NHS NORTH WEST LONDON",170069,342800.96,0,0
2025-04-01,15N,"NHS DEVON",175097,377196.3,0,0
2025-04-01,A3A8R,"NHS NORTH EAST LONDON",178841,341437.11,0,0
2025-04-01,26A,"NHS NORFOLK AND WAVENEY",189006,385333.5,0,0
2025-04-01,D9Y0V,"NHS HAMPSHIRE, SOUTHAMPTON AND ISLE OF WIGHT",227468,605615.8,0,0
2025-04-01,91Q,"NHS KENT AND MEDWAY",227851,500786.52,0,0
2025-05-01,09W,"NHS MEDWAY",0,0,0,0
2025-05-01,D4U1Y,"NHS FRIMLEY",277,309.87,0,0
2025-05-01,02G,"NHS WEST LANCASHIRE",16216,33853.57,0,0
2025-05-01,05D,"NHS EAST STAFFORDSHIRE",18402,40561.28,0,0
2025-05-01,01V,"NHS SOUTHPORT AND FORMBY",20031,43817.21,0,0
2025-05-01,05V,"NHS STAFFORD AND SURROUNDS",20317,42158.3,0,0
2025-05-01,07G,"NHS THURROCK",20484,41315.69,0,0
2025-05-01,04Y,"NHS CANNOCK CHASE",21549,48315.91,0,0
2025-05-01,99F,"NHS CASTLE POINT AND ROCHFORD",22392,59076.28,0,0
2025-05-01,02Q,"NHS BASSETLAW",23521,42288.94,0,0
2025-05-01,01F,"NHS HALTON",23603,52029.1,0,0
2025-05-01,99G,"NHS SOUTHEND",25571,59397.01,0,0
2025-05-01,00Q,"NHS BLACKBURN WITH DARWEN",26336,41702.8,0,0
2025-05-01,00X,"NHS CHORLEY AND SOUTH RIBBLE",27790,61351.26,0,0
2025-05-01,00V,"NHS BURY",27806,58804.83,0,0
2025-05-01,03H,"NHS NORTH EAST LINCOLNSHIRE",28147,42990.89,0,0
2025-05-01,05Q,"NHS SOUTH EAST STAFFORDSHIRE AND SEISDON PENINSULA",28721,58754.98,0,0
2025-05-01,01T,"NHS SOUTH SEFTON",28996,55918.97,0,0
2025-05-01,10R,"NHS PORTSMOUTH",29323,61950.4,0,0
2025-05-01,03Q,"NHS VALE OF YORK",30154,57045.11,0,0
2025-05-01,02E,"NHS WARRINGTON",30254,70438.66,0,0
2025-05-01,99E,"NHS BASILDON AND BRENTWOOD",31008,76926.4,0,0
2025-05-01,01E,"NHS GREATER PRESTON",31020,58708.44,0,0
2025-05-01,01J,"NHS KNOWSLEY",32178,61538.96,0,0
2025-05-01,02M,"NHS FYLDE AND WYRE",33315,56295.51,0,0
2025-05-01,03K,"NHS NORTH LINCOLNSHIRE",33694,52839.61,0,0
2025-05-01,02A,"NHS TRAFFORD",34330,73777.33,0,0
2025-05-01,00Y,"NHS OLDHAM",35121,66220.05,0,0
2025-05-01,01D,"NHS HEYWOOD, MIDDLETON AND ROCHDALE",35328,65499.57,0,0
2025-05-01,02T,"NHS CALDERDALE",36010,61001.57,0,0
2025-05-01,05G,"NHS NORTH STAFFORDSHIRE",36395,76508.23,0,0
2025-05-01,00N,"NHS SOUTH TYNESIDE",36795,52588.31,0,0
2025-05-01,U2G6B,"NHS THAMES VALLEY ICB - U2G6B",38329,102216.26,0,0
2025-05-01,00R,"NHS BLACKPOOL",38339,59736.27,0,0
2025-05-01,01Y,"NHS TAMESIDE AND GLOSSOP",38509,62357.83,0,0
2025-05-01,01X,"NHS ST HELENS",38957,79815.83,0,0
2025-05-01,07H,"NHS WEST ESSEX",40485,87993.11,0,0
2025-05-01,09D,"NHS BRIGHTON AND HOVE",41016,103844.5,0,0
2025-05-01,04C,"NHS LEICESTER CITY",43537,79747.38,0,0
2025-05-01,03W,"NHS EAST LEICESTERSHIRE AND RUTLAND",44532,111572.24,0,0
2025-05-01,00T,"NHS BOLTON",44823,89624.56,0,0
2025-05-01,05W,"NHS STOKE ON TRENT",45786,85420.45,0,0
2025-05-01,99C,"NHS NORTH TYNESIDE",46350,74195.24,0,0
2025-05-01,03L,"NHS ROTHERHAM",49157,81759.41,0,0
2025-05-01,07K,"NHS WEST SUFFOLK",49175,99355.63,0,0
2025-05-01,14Y,"NHS BUCKINGHAMSHIRE",49618,133117.24,0,0
2025-05-01,01W,"NHS STOCKPORT",50296,96549.93,0,0
2025-05-01,02Y,"NHS EAST RIDING OF YORKSHIRE",50526,87849.98,0,0
2025-05-01,01G,"NHS SALFORD",51659,80637.02,0,0
2025-05-01,03F,"NHS HULL",52373,73893.22,0,0
2025-05-01,01K,"NHS MORECAMBE BAY",53048,98684.59,0,0
2025-05-01,15A,"NHS BERKSHIRE WEST",54560,158485.92,0,0
2025-05-01,01H,"NHS NORTH CUMBRIA",55997,91896.66,0,0
2025-05-01,02H,"NHS WIGAN BOROUGH",57753,120908.93,0,0
2025-05-01,02X,"NHS DONCASTER",58032,93127.89,0,0
2025-05-01,01A,"NHS EAST LANCASHIRE",58222,97770.48,0,0
2025-05-01,02P,"NHS BARNSLEY",58354,82201.78,0,0
2025-05-01,06N,"NHS HERTS VALLEYS",60471,135809.75,0,0
2025-05-01,04V,"NHS WEST LEICESTERSHIRE",60565,128132.67,0,0
2025-05-01,12F,"NHS WIRRAL",61817,130122.22,0,0
2025-05-01,06Q,"NHS MID ESSEX",62027,119652.32,0,0
2025-05-01,03R,"NHS WAKEFIELD",63893,130456.42,0,0
2025-05-01,X2C4Y,"NHS KIRKLEES",64889,126806.59,0,0
2025-05-01,M2L0M,"NHS SHROPSHIRE, TELFORD AND WREKIN",65481,153545.07,0,0
2025-05-01,00L,"NHS NORTHUMBERLAND",66680,109219.4,0,0
2025-05-01,06T,"NHS NORTH EAST ESSEX",67494,133450.96,0,0
2025-05-01,06L,"NHS IPSWICH AND EAST SUFFOLK",68072,146050.33,0,0
2025-05-01,06K,"NHS EAST AND NORTH HERTFORDSHIRE",73462,165622.21,0,0
2025-05-01,11X,"NHS SOMERSET",73628,153185.09,0,0
2025-05-01,00P,"NHS SUNDERLAND",74806,101550.61,0,0
2025-05-01,97R,"NHS EAST SUSSEX",78594,189144.53,0,0
2025-05-01,42D,"NHS NORTH YORKSHIRE",78904,150088.5,0,0
2025-05-01,10Q,"NHS OXFORDSHIRE",84650,204783.52,0,0
2025-05-01,36J,"NHS BRADFORD DISTRICT AND CRAVEN",86958,162023.22,0,0
2025-05-01,99A,"NHS LIVERPOOL",92855,185098.73,0,0
2025-05-01,14L,"NHS MANCHESTER",95068,175917.69,0,0
2025-05-01,11N,"NHS CORNWALL AND THE ISLES OF SCILLY",96288,207681.22,0,0
2025-05-01,11M,"NHS GLOUCESTERSHIRE",98072,190096.7,0,0
2025-05-01,03N,"NHS SHEFFIELD",101604,160228.75,0,0
2025-05-01,M1J4Y,"NHS BEDFORDSHIRE, LUTON AND MILTON KEYNES",103838,218896.18,0,0
2025-05-01,18C,"NHS HEREFORDSHIRE AND WORCESTERSHIRE",106234,220471.44,0,0
2025-05-01,92A,"NHS SURREY HEARTLANDS",108314,304923.55,0,0
2025-05-01,11J,"NHS DORSET",108437,246011.44,0,0
2025-05-01,13T,"NHS NEWCASTLE GATESHEAD",109151,178367.84,0,0
2025-05-01,15C,"NHS BRISTOL, NORTH SOMERSET AND SOUTH GLOUCESTERSHIRE",110538,244397.61,0,0
2025-05-01,70F,"NHS WEST SUSSEX",110842,282207,0,0
2025-05-01,15F,"NHS LEEDS",112246,221489.66,0,0
2025-05-01,27D,"NHS CHESHIRE",117488,221276.17,0,0
2025-05-01,78H,"NHS NORTHAMPTONSHIRE",117961,216202.62,0,0
2025-05-01,92G,"NHS BATH AND NORTH EAST SOMERSET, SWINDON AND WILTSHIRE",130007,255243.46,0,0
2025-05-01,B2M3M,"NHS COVENTRY AND WARWICKSHIRE",134499,292628.82,0,0
2025-05-01,36L,"NHS SOUTH WEST LONDON",134796,271689.73,0,0
2025-05-01,84H,"NHS COUNTY DURHAM",137789,220185.61,0,0
2025-05-01,06H,"NHS CAMBRIDGESHIRE AND PETERBOROUGH",138579,258501.7,0,0
2025-05-01,93C,"NHS NORTH CENTRAL LONDON",141402,317535.27,0,0
2025-05-01,72Q,"NHS SOUTH EAST LONDON",148291,329146.98,0,0
2025-05-01,16C,"NHS TEES VALLEY",149151,259525.67,0,0
2025-05-01,15E,"NHS BIRMINGHAM AND SOLIHULL",150703,334307,0,0
2025-05-01,71E,"NHS LINCOLNSHIRE",152964,298923.75,0,0
2025-05-01,52R,"NHS NOTTINGHAM AND NOTTINGHAMSHIRE",153928,299874.92,0,0
2025-05-01,15M,"NHS DERBY AND DERBYSHIRE",157385,308190.12,0,0
2025-05-01,D2P2L,"NHS BLACK COUNTRY",159570,332791.78,0,0
2025-05-01,W2U3Z,"NHS NORTH WEST LONDON",176929,361382.39,0,0
2025-05-01,15N,"NHS DEVON",182321,397463.36,0,0
2025-05-01,A3A8R,"NHS NORTH EAST LONDON",183344,355417.27,0,0
2025-05-01,26A,"NHS NORFOLK AND WAVENEY",195979,393155.18,0,0
2025-05-01,91Q,"NHS KENT AND MEDWAY",235964,505814.81,0,0
2025-05-01,D9Y0V,"NHS HAMPSHIRE, SOUTHAMPTON AND ISLE OF WIGHT",237776,640586.21,0,0
2025-06-01,09W,"NHS MEDWAY",0,0,0,0
2025-06-01,D4U1Y,"NHS FRIMLEY",287,317.63,0,0
2025-06-01,02G,"NHS WEST LANCASHIRE",16043,40545.18,0,0
2025-06-01,05D,"NHS EAST STAFFORDSHIRE",17913,38285.98,0,0
2025-06-01,05V,"NHS STAFFORD AND SURROUNDS",19285,38900.88,0,0
2025-06-01,01V,"NHS SOUTHPORT AND FORMBY",19759,44261.36,0,0
2025-06-01,07G,"NHS THURROCK",20117,40563.39,0,0
2025-06-01,04Y,"NHS CANNOCK CHASE",20163,47413.23,0,0
2025-06-01,99F,"NHS CASTLE POINT AND ROCHFORD",21688,55057.25,0,0
2025-06-01,01F,"NHS HALTON",22358,50618.58,0,0
2025-06-01,02Q,"NHS BASSETLAW",23438,39938.71,0,0
2025-06-01,00Q,"NHS BLACKBURN WITH DARWEN",24186,39075.75,0,0
2025-06-01,99G,"NHS SOUTHEND",24869,61457.8,0,0
2025-06-01,00V,"NHS BURY",26851,58920.56,0,0
2025-06-01,00X,"NHS CHORLEY AND SOUTH RIBBLE",27198,60102.87,0,0
2025-06-01,05Q,"NHS SOUTH EAST STAFFORDSHIRE AND SEISDON PENINSULA",27207,57197.79,0,0
2025-06-01,03H,"NHS NORTH EAST LINCOLNSHIRE",27426,42062.8,0,0
2025-06-01,01T,"NHS SOUTH SEFTON",28110,53368.29,0,0
2025-06-01,10R,"NHS PORTSMOUTH",28928,63868.62,0,0
2025-06-01,02E,"NHS WARRINGTON",29088,68486.67,0,0
2025-06-01,99E,"NHS BASILDON AND BRENTWOOD",29889,72921.47,0,0
2025-06-01,03Q,"NHS VALE OF YORK",29897,61017.3,0,0
2025-06-01,01E,"NHS GREATER PRESTON",30904,61335.91,0,0
2025-06-01,01J,"NHS KNOWSLEY",31463,58396.59,0,0
2025-06-01,02M,"NHS FYLDE AND WYRE",31719,55560.53,0,0
2025-06-01,03K,"NHS NORTH LINCOLNSHIRE",33261,50696.27,0,0
2025-06-01,02A,"NHS TRAFFORD",33356,73104.78,0,0
2025-06-01,00Y,"NHS OLDHAM",34346,64753.66,0,0
2025-06-01,02T,"NHS CALDERDALE",34562,65439.7,0,0
2025-06-01,01D,"NHS HEYWOOD, MIDDLETON AND ROCHDALE",34660,63046.88,0,0
2025-06-01,00N,"NHS SOUTH TYNESIDE",35356,49622.08,0,0
2025-06-01,05G,"NHS NORTH STAFFORDSHIRE",35451,71358.47,0,0
2025-06-01,00R,"NHS BLACKPOOL",36833,58127.06,0,0
2025-06-01,01Y,"NHS TAMESIDE AND GLOSSOP",36833,59725.9,0,0
2025-06-01,U2G6B,"NHS THAMES VALLEY ICB - U2G6B",36906,102737.79,0,0
2025-06-01,01X,"NHS ST HELENS",37979,76491.26,0,0
2025-06-01,09D,"NHS BRIGHTON AND HOVE",39179,101774.2,0,0
2025-06-01,07H,"NHS WEST ESSEX",39413,84582.09,0,0
2025-06-01,04C,"NHS LEICESTER CITY",41674,78693.05,0,0
2025-06-01,03W,"NHS EAST LEICESTERSHIRE AND RUTLAND",42783,101124.44,0,0
2025-06-01,00T,"NHS BOLTON",43940,86425.8,0,0
2025-06-01,05W,"NHS STOKE ON TRENT",44122,85178.93,0,0
2025-06-01,99C,"NHS NORTH TYNESIDE",44341,68908.48,0,0
2025-06-01,01W,"NHS STOCKPORT",47588,90281.81,0,0
2025-06-01,03L,"NHS ROTHERHAM",47836,77292.34,0,0
2025-06-01,14Y,"NHS BUCKINGHAMSHIRE",47914,122002.74,0,0
2025-06-01,07K,"NHS WEST SUFFOLK",48326,98312.11,0,0
2025-06-01,02Y,"NHS EAST RIDING OF YORKSHIRE",49403,86567.05,0,0
2025-06-01,01G,"NHS SALFORD",49949,79381.8,0,0
2025-06-01,01K,"NHS MORECAMBE BAY",50860,94925.19,0,0
2025-06-01,03F,"NHS HULL",51387,76836.74,0,0
2025-06-01,15A,"NHS BERKSHIRE WEST",53129,146194.05,0,0
2025-06-01,01H,"NHS NORTH CUMBRIA",53471,88498.46,0,0
2025-06-01,02H,"NHS WIGAN BOROUGH",55519,116393.69,0,0
2025-06-01,02X,"NHS DONCASTER",56033,89594.59,0,0
2025-06-01,01A,"NHS EAST LANCASHIRE",56784,93943.21,0,0
2025-06-01,02P,"NHS BARNSLEY",57644,79723.85,0,0
2025-06-01,04V,"NHS WEST LEICESTERSHIRE",58231,132874.9,0,0
2025-06-01,06N,"NHS HERTS VALLEYS",58848,135195.93,0,0
2025-06-01,06Q,"NHS MID ESSEX",59919,116256.74,0,0
2025-06-01,12F,"NHS WIRRAL",60337,126132.26,0,0
2025-06-01,03R,"NHS WAKEFIELD",61193,131003.52,0,0
2025-06-01,M2L0M,"NHS SHROPSHIRE, TELFORD AND WREKIN",63670,150364.34,0,0
2025-06-01,06T,"NHS NORTH EAST ESSEX",64242,124806.14,0,0
2025-06-01,X2C4Y,"NHS KIRKLEES",64244,128008.12,0,0
2025-06-01,06L,"NHS IPSWICH AND EAST SUFFOLK",65189,139485.42,0,0
2025-06-01,00L,"NHS NORTHUMBERLAND",69664,108753.16,0,0
2025-06-01,11X,"NHS SOMERSET",71497,148283.98,0,0
2025-06-01,06K,"NHS EAST AND NORTH HERTFORDSHIRE",71899,167204.61,0,0
2025-06-01,00P,"NHS SUNDERLAND",73991,100500.61,0,0
2025-06-01,42D,"NHS NORTH YORKSHIRE",76688,143556.4,0,0
2025-06-01,97R,"NHS EAST SUSSEX",77069,189247.94,0,0
2025-06-01,10Q,"NHS OXFORDSHIRE",80617,182987.35,0,0
2025-06-01,36J,"NHS BRADFORD DISTRICT AND CRAVEN",84630,155140.8,0,0
2025-06-01,14L,"NHS MANCHESTER",91947,170427.31,0,0
2025-06-01,99A,"NHS LIVERPOOL",92648,191195.43,0,0
2025-06-01,11N,"NHS CORNWALL AND THE ISLES OF SCILLY",94093,214732.63,0,0
2025-06-01,11M,"NHS GLOUCESTERSHIRE",97107,192590.33,0,0
2025-06-01,03N,"NHS SHEFFIELD",98642,153390.24,0,0
2025-06-01,M1J4Y,"NHS BEDFORDSHIRE, LUTON AND MILTON KEYNES",100067,209377.82,0,0
2025-06-01,18C,"NHS HEREFORDSHIRE AND WORCESTERSHIRE",104174,228174.27,0,0
2025-06-01,11J,"NHS DORSET",104343,247444.96,0,0
2025-06-01,92A,"NHS SURREY HEARTLANDS",105138,306537.95,0,0
2025-06-01,70F,"NHS WEST SUSSEX",105587,270341.4,0,0
2025-06-01,13T,"NHS NEWCASTLE GATESHEAD",106252,164253.16,0,0
2025-06-01,15C,"NHS BRISTOL, NORTH SOMERSET AND SOUTH GLOUCESTERSHIRE",107016,242305.62,0,0
2025-06-01,15F,"NHS LEEDS",108110,217284.86,0,0
2025-06-01,27D,"NHS CHESHIRE",114625,216209.63,0,0
2025-06-01,78H,"NHS NORTHAMPTONSHIRE",115609,223661.56,0,0
2025-06-01,92G,"NHS BATH AND NORTH EAST SOMERSET, SWINDON AND WILTSHIRE",125201,247293.03,0,0
2025-06-01,B2M3M,"NHS COVENTRY AND WARWICKSHIRE",131052,285773.88,0,0
2025-06-01,36L,"NHS SOUTH WEST LONDON",132329,275607.92,0,0
2025-06-01,06H,"NHS CAMBRIDGESHIRE AND PETERBOROUGH",132356,250292.09,0,0
2025-06-01,84H,"NHS COUNTY DURHAM",133086,212135.39,0,0
2025-06-01,93C,"NHS NORTH CENTRAL LONDON",138482,309261.74,0,0
2025-06-01,72Q,"NHS SOUTH EAST LONDON",143243,315262.4,0,0
2025-06-01,15E,"NHS BIRMINGHAM AND SOLIHULL",146406,327228.61,0,0
2025-06-01,16C,"NHS TEES VALLEY",147762,258394.93,0,0
2025-06-01,52R,"NHS NOTTINGHAM AND NOTTINGHAMSHIRE",148224,286804.77,0,0
2025-06-01,15M,"NHS DERBY AND DERBYSHIRE",150923,298803.29,0,0
2025-06-01,D2P2L,"NHS BLACK COUNTRY",150972,324913.4,0,0
2025-06-01,71E,"NHS LINCOLNSHIRE",151008,293907.98,0,0
2025-06-01,W2U3Z,"NHS NORTH WEST LONDON",169640,344696.08,0,0
2025-06-01,15N,"NHS DEVON",175173,381456.59,0,0
2025-06-01,A3A8R,"NHS NORTH EAST LONDON",181356,338561.68,0,0
2025-06-01,26A,"NHS NORFOLK AND WAVENEY",189380,381087.17,0,0
2025-06-01,91Q,"NHS KENT AND MEDWAY",229509,489738.51,0,0
2025-06-01,D9Y0V,"NHS HAMPSHIRE, SOUTHAMPTON AND ISLE OF WIGHT",230050,616460.17,0,0
2025-07-01,09W,"NHS MEDWAY",0,0,0,0
2025-07-01,D4U1Y,"NHS FRIMLEY",297,958.69,0,0
2025-07-01,02G,"NHS WEST LANCASHIRE",16998,33486.05,0,0
2025-07-01,05D,"NHS EAST STAFFORDSHIRE",19349,39146.43,0,0
2025-07-01,05V,"NHS STAFFORD AND SURROUNDS",20806,39459.04,0,0
2025-07-01,01V,"NHS SOUTHPORT AND FORMBY",20853,44668.73,0,0
2025-07-01,04Y,"NHS CANNOCK CHASE",21303,48123.71,0,0
2025-07-01,07G,"NHS THURROCK",21593,40301.34,0,0
2025-07-01,99F,"NHS CASTLE POINT AND ROCHFORD",23259,58398.99,0,0
2025-07-01,01F,"NHS HALTON",23983,50400.54,0,0
2025-07-01,02Q,"NHS BASSETLAW",25100,38859.95,0,0
2025-07-01,00Q,"NHS BLACKBURN WITH DARWEN",26187,39817.89,0,0
2025-07-01,99G,"NHS SOUTHEND",26520,58814.97,0,0
2025-07-01,00X,"NHS CHORLEY AND SOUTH RIBBLE",28959,60106.85,0,0
2025-07-01,00V,"NHS BURY",29041,56233.19,0,0
2025-07-01,05Q,"NHS SOUTH EAST STAFFORDSHIRE AND SEISDON PENINSULA",29160,57455.08,0,0
2025-07-01,03H,"NHS NORTH EAST LINCOLNSHIRE",29592,43783.86,0,0
2025-07-01,01T,"NHS SOUTH SEFTON",30007,51629.89,0,0
2025-07-01,03Q,"NHS VALE OF YORK",30784,58354.04,0,0
2025-07-01,02E,"NHS WARRINGTON",31084,69414.86,0,0
2025-07-01,10R,"NHS PORTSMOUTH",31469,64786.33,0,0
2025-07-01,99E,"NHS BASILDON AND BRENTWOOD",32400,75373.01,0,0
2025-07-01,01E,"NHS GREATER PRESTON",32903,61411.03,0,0
2025-07-01,01J,"NHS KNOWSLEY",33854,56288.56,0,0
2025-07-01,02M,"NHS FYLDE AND WYRE",34735,54306.27,0,0
2025-07-01,03K,"NHS NORTH LINCOLNSHIRE",35095,46832.66,0,0
2025-07-01,02A,"NHS TRAFFORD",35673,75679.96,0,0
2025-07-01,02T,"NHS CALDERDALE",36201,62962.05,0,0
2025-07-01,01D,"NHS HEYWOOD, MIDDLETON AND ROCHDALE",37193,65045.86,0,0
2025-07-01,00Y,"NHS OLDHAM",37627,66451.17,0,0
2025-07-01,00N,"NHS SOUTH TYNESIDE",37778,50966.37,0,0
2025-07-01,05G,"NHS NORTH STAFFORDSHIRE",37783,72772.32,0,0
2025-07-01,U2G6B,"NHS THAMES VALLEY ICB - U2G6B",39089,98189.16,0,0
2025-07-01,01Y,"NHS TAMESIDE AND GLOSSOP",39150,59919.64,0,0
2025-07-01,00R,"NHS BLACKPOOL",40056,58307.88,0,0
2025-07-01,01X,"NHS ST HELENS",40565,77958.57,0,0
2025-07-01,09D,"NHS BRIGHTON AND HOVE",40970,105760.81,0,0
2025-07-01,07H,"NHS WEST ESSEX",41601,82799.53,0,0
2025-07-01,04C,"NHS LEICESTER CITY",45420,82173.29,0,0
2025-07-01,03W,"NHS EAST LEICESTERSHIRE AND RUTLAND",45949,106225.47,0,0
2025-07-01,00T,"NHS BOLTON",47017,85361.8,0,0
2025-07-01,05W,"NHS STOKE ON TRENT",47876,81027.01,0,0
2025-07-01,99C,"NHS NORTH TYNESIDE",48287,73790.78,0,0
2025-07-01,14Y,"NHS BUCKINGHAMSHIRE",50283,122943.56,0,0
2025-07-01,03L,"NHS ROTHERHAM",50359,84474.23,0,0
2025-07-01,07K,"NHS WEST SUFFOLK",51551,101923.77,0,0
2025-07-01,01W,"NHS STOCKPORT",52520,89014.57,0,0
2025-07-01,02Y,"NHS EAST RIDING OF YORKSHIRE",53035,84965.64,0,0
2025-07-01,01G,"NHS SALFORD",53428,81451.92,0,0
2025-07-01,03F,"NHS HULL",53653,71696.95,0,0
2025-07-01,01K,"NHS MORECAMBE BAY",54197,93740.49,0,0
2025-07-01,15A,"NHS BERKSHIRE WEST",56048,158929.55,0,0
2025-07-01,01H,"NHS NORTH CUMBRIA",57455,86204.6,0,0
2025-07-01,02H,"NHS WIGAN BOROUGH",59840,119937.14,0,0
2025-07-01,02X,"NHS DONCASTER",59904,87003.29,0,0
2025-07-01,02P,"NHS BARNSLEY",60655,80296.75,0,0
2025-07-01,01A,"NHS EAST LANCASHIRE",61375,95337.78,0,0
2025-07-01,06N,"NHS HERTS VALLEYS",62485,132119.5,0,0
2025-07-01,04V,"NHS WEST LEICESTERSHIRE",63226,126312.8,0,0
2025-07-01,06Q,"NHS MID ESSEX",63631,116293.32,0,0
2025-07-01,12F,"NHS WIRRAL",63851,126192.85,0,0
2025-07-01,03R,"NHS WAKEFIELD",66024,132795.05,0,0
2025-07-01,X2C4Y,"NHS KIRKLEES",67479,134492.49,0,0
2025-07-01,M2L0M,"NHS SHROPSHIRE, TELFORD AND WREKIN",67556,146689.04,0,0
2025-07-01,06T,"NHS NORTH EAST ESSEX",68381,126082.86,0,0
2025-07-01,06L,"NHS IPSWICH AND EAST SUFFOLK",69390,142337.96,0,0
2025-07-01,00L,"NHS NORTHUMBERLAND",72456,109716.96,0,0
2025-07-01,06K,"NHS EAST AND NORTH HERTFORDSHIRE",76332,163355.72,0,0
2025-07-01,11X,"NHS SOMERSET",76708,152653.11,0,0
2025-07-01,00P,"NHS SUNDERLAND",80017,98698.4,0,0
2025-07-01,42D,"NHS NORTH YORKSHIRE",81408,141712.32,0,0
2025-07-01,97R,"NHS EAST SUSSEX",81546,191445.77,0,0
2025-07-01,10Q,"NHS OXFORDSHIRE",87625,197209.18,0,0
2025-07-01,36J,"NHS BRADFORD DISTRICT AND CRAVEN",90696,156311.83,0,0
2025-07-01,99A,"NHS LIVERPOOL",96270,180445.19,0,0
2025-07-01,11N,"NHS CORNWALL AND THE ISLES OF SCILLY",99282,204111.96,0,0
2025-07-01,14L,"NHS MANCHESTER",100053,172785.16,0,0
2025-07-01,11M,"NHS GLOUCESTERSHIRE",100990,186115.46,0,0
2025-07-01,03N,"NHS SHEFFIELD",106232,153422.74,0,0
2025-07-01,M1J4Y,"NHS BEDFORDSHIRE, LUTON AND MILTON KEYNES",109260,224040.91,0,0
2025-07-01,18C,"NHS HEREFORDSHIRE AND WORCESTERSHIRE",109391,214401.95,0,0
2025-07-01,11J,"NHS DORSET",111638,233678.69,0,0
2025-07-01,92A,"NHS SURREY HEARTLANDS",112054,294753.14,0,0
2025-07-01,13T,"NHS NEWCASTLE GATESHEAD",112074,160769.7,0,0
2025-07-01,70F,"NHS WEST SUSSEX",113727,283137.32,0,0
2025-07-01,15C,"NHS BRISTOL, NORTH SOMERSET AND SOUTH GLOUCESTERSHIRE",114071,233915.86,0,0
2025-07-01,15F,"NHS LEEDS",115620,238015.59,0,0
2025-07-01,78H,"NHS NORTHAMPTONSHIRE",121256,224938.71,0,0
2025-07-01,27D,"NHS CHESHIRE",121635,212778.38,0,0
2025-07-01,92G,"NHS BATH AND NORTH EAST SOMERSET, SWINDON AND WILTSHIRE",133697,246562.06,0,0
2025-07-01,B2M3M,"NHS COVENTRY AND WARWICKSHIRE",140003,286626.33,0,0
2025-07-01,36L,"NHS SOUTH WEST LONDON",140234,272006.34,0,0
2025-07-01,84H,"NHS COUNTY DURHAM",141994,214183.98,0,0
2025-07-01,06H,"NHS CAMBRIDGESHIRE AND PETERBOROUGH",143583,258071.91,0,0
2025-07-01,93C,"NHS NORTH CENTRAL LONDON",146944,312035.8,0,0
2025-07-01,72Q,"NHS SOUTH EAST LONDON",152938,321981.76,0,0
2025-07-01,16C,"NHS TEES VALLEY",155743,256947.3,0,0
2025-07-01,71E,"NHS LINCOLNSHIRE",157162,292398.38,0,0
2025-07-01,15E,"NHS BIRMINGHAM AND SOLIHULL",157313,326228.37,0,0
2025-07-01,52R,"NHS NOTTINGHAM AND NOTTINGHAMSHIRE",160242,287192.96,0,0
2025-07-01,15M,"NHS DERBY AND DERBYSHIRE",161931,301308.86,0,0
2025-07-01,D2P2L,"NHS BLACK COUNTRY",166939,331464.89,0,0
2025-07-01,W2U3Z,"NHS NORTH WEST LONDON",182874,348069.63,0,0
2025-07-01,15N,"NHS DEVON",187010,380870.88,0,0
2025-07-01,A3A8R,"NHS NORTH EAST LONDON",192393,342545.94,0,0
2025-07-01,26A,"NHS NORFOLK AND WAVENEY",200177,384576.98,0,0
2025-07-01,91Q,"NHS KENT AND MEDWAY",243844,487292.69,0,0
2025-07-01,D9Y0V,"NHS HAMPSHIRE, SOUTHAMPTON AND ISLE OF WIGHT",244394,611891.68,0,0
2025-08-01,09W,"NHS MEDWAY",0,0,0,0
2025-08-01,D4U1Y,"NHS FRIMLEY",292,367.93,0,0
2025-08-01,02G,"NHS WEST LANCASHIRE",15434,30769.82,0,0
2025-08-01,05D,"NHS EAST STAFFORDSHIRE",17457,36128.46,0,0
2025-08-01,01V,"NHS SOUTHPORT AND FORMBY",19108,41246.4,0,0
2025-08-01,05V,"NHS STAFFORD AND SURROUNDS",19444,36087.73,0,0
2025-08-01,07G,"NHS THURROCK",19481,36941.99,0,0
2025-08-01,04Y,"NHS CANNOCK CHASE",19971,44034.88,0,0
2025-08-01,99F,"NHS CASTLE POINT AND ROCHFORD",21808,53353.33,0,0
2025-08-01,01F,"NHS HALTON",22305,49560.56,0,0
2025-08-01,02Q,"NHS BASSETLAW",22505,37481.46,0,0
2025-08-01,00Q,"NHS BLACKBURN WITH DARWEN",24046,36471.34,0,0
2025-08-01,99G,"NHS SOUTHEND",24677,57252.01,0,0
2025-08-01,03H,"NHS NORTH EAST LINCOLNSHIRE",25867,37693.12,0,0
2025-08-01,00X,"NHS CHORLEY AND SOUTH RIBBLE",26362,55534.81,0,0
2025-08-01,05Q,"NHS SOUTH EAST STAFFORDSHIRE AND SEISDON PENINSULA",26757,51508.74,0,0
2025-08-01,01T,"NHS SOUTH SEFTON",27143,49104.44,0,0
2025-08-01,00V,"NHS BURY",27197,53068.29,0,0
2025-08-01,03Q,"NHS VALE OF YORK",28656,54687.81,0,0
2025-08-01,02E,"NHS WARRINGTON",28700,68455.06,0,0
2025-08-01,10R,"NHS PORTSMOUTH",29068,57255.01,0,0
2025-08-01,99E,"NHS BASILDON AND BRENTWOOD",29598,68894.21,0,0
2025-08-01,01E,"NHS GREATER PRESTON",29762,53987.55,0,0
2025-08-01,01J,"NHS KNOWSLEY",30375,52933.96,0,0
2025-08-01,02M,"NHS FYLDE AND WYRE",32252,51207.01,0,0
2025-08-01,03K,"NHS NORTH LINCOLNSHIRE",32476,47634.23,0,0
2025-08-01,02A,"NHS TRAFFORD",32826,68649.39,0,0
2025-08-01,02T,"NHS CALDERDALE",33582,61779.7,0,0
2025-08-01,01D,"NHS HEYWOOD, MIDDLETON AND ROCHDALE",33796,54857.51,0,0
2025-08-01,00Y,"NHS OLDHAM",34459,58679.31,0,0
2025-08-01,00N,"NHS SOUTH TYNESIDE",34633,46110.26,0,0
2025-08-01,05G,"NHS NORTH STAFFORDSHIRE",35071,66522.14,0,0
2025-08-01,01Y,"NHS TAMESIDE AND GLOSSOP",35701,52786.21,0,0
2025-08-01,00R,"NHS BLACKPOOL",36270,52761.47,0,0
2025-08-01,U2G6B,"NHS THAMES VALLEY ICB - U2G6B",36477,92159.83,0,0
2025-08-01,01X,"NHS ST HELENS",37683,69425.86,0,0
2025-08-01,09D,"NHS BRIGHTON AND HOVE",38025,96324.76,0,0
2025-08-01,07H,"NHS WEST ESSEX",38965,80786.38,0,0
2025-08-01,04C,"NHS LEICESTER CITY",41704,83656.22,0,0
2025-08-01,03W,"NHS EAST LEICESTERSHIRE AND RUTLAND",42006,94045.14,0,0
2025-08-01,00T,"NHS BOLTON",42972,77890.55,0,0
2025-08-01,05W,"NHS STOKE ON TRENT",44071,76463.65,0,0
2025-08-01,99C,"NHS NORTH TYNESIDE",44665,69381.53,0,0
2025-08-01,03L,"NHS ROTHERHAM",46458,72254.88,0,0
2025-08-01,14Y,"NHS BUCKINGHAMSHIRE",46597,120520.22,0,0
2025-08-01,07K,"NHS WEST SUFFOLK",46778,88837.46,0,0
2025-08-01,01W,"NHS STOCKPORT",47066,83607.89,0,0
2025-08-01,02Y,"NHS EAST RIDING OF YORKSHIRE",48978,80056.67,0,0
2025-08-01,01G,"NHS SALFORD",49071,73270.74,0,0
2025-08-01,03F,"NHS HULL",49915,68517.32,0,0
2025-08-01,01K,"NHS MORECAMBE BAY",49932,85990.76,0,0
2025-08-01,15A,"NHS BERKSHIRE WEST",51074,139180.4,0,0
2025-08-01,01H,"NHS NORTH CUMBRIA",51857,82034.34,0,0
2025-08-01,02H,"NHS WIGAN BOROUGH",54546,109322.56,0,0
2025-08-01,02X,"NHS DONCASTER",54997,78898.44,0,0
2025-08-01,01A,"NHS EAST LANCASHIRE",55090,85326.16,0,0
2025-08-01,02P,"NHS BARNSLEY",56199,73715.92,0,0
2025-08-01,06N,"NHS HERTS VALLEYS",57249,123658.46,0,0
2025-08-01,12F,"NHS WIRRAL",58270,114625.59,0,0
2025-08-01,04V,"NHS WEST LEICESTERSHIRE",58470,115083.33,0,0
2025-08-01,03R,"NHS WAKEFIELD",58887,122031.64,0,0
2025-08-01,06Q,"NHS MID ESSEX",59248,109213.21,0,0
2025-08-01,X2C4Y,"NHS KIRKLEES",61533,119289.69,0,0
2025-08-01,M2L0M,"NHS SHROPSHIRE, TELFORD AND WREKIN",62540,140338.82,0,0
2025-08-01,06T,"NHS NORTH EAST ESSEX",64061,116840.77,0,0
2025-08-01,06L,"NHS IPSWICH AND EAST SUFFOLK",64917,132781.01,0,0
2025-08-01,00L,"NHS NORTHUMBERLAND",66239,98886.7,0,0
2025-08-01,11X,"NHS SOMERSET",70383,140447.94,0,0
2025-08-01,06K,"NHS EAST AND NORTH HERTFORDSHIRE",70631,146552.8,0,0
2025-08-01,00P,"NHS SUNDERLAND",72173,95234.16,0,0
2025-08-01,97R,"NHS EAST SUSSEX",75348,171992.44,0,0
2025-08-01,42D,"NHS NORTH YORKSHIRE",76577,133729.59,0,0
2025-08-01,10Q,"NHS OXFORDSHIRE",80170,169659.66,0,0
2025-08-01,36J,"NHS BRADFORD DISTRICT AND CRAVEN",83406,145189.28,0,0
2025-08-01,99A,"NHS LIVERPOOL",88001,168685.2,0,0
2025-08-01,11N,"NHS CORNWALL AND THE ISLES OF SCILLY",91074,188333.35,0,0
2025-08-01,14L,"NHS MANCHESTER",91356,158362.07,0,0
2025-08-01,11M,"NHS GLOUCESTERSHIRE",95068,178165,0,0
2025-08-01,03N,"NHS SHEFFIELD",96886,137984.91,0,0
2025-08-01,M1J4Y,"NHS BEDFORDSHIRE, LUTON AND MILTON KEYNES",98868,201956.91,0,0
2025-08-01,18C,"NHS HEREFORDSHIRE AND WORCESTERSHIRE",101496,200424.38,0,0
2025-08-01,11J,"NHS DORSET",102892,213895.42,0,0
2025-08-01,92A,"NHS SURREY HEARTLANDS",103062,284028.56,0,0
2025-08-01,15C,"NHS BRISTOL, NORTH SOMERSET AND SOUTH GLOUCESTERSHIRE",103173,214951.51,0,0
2025-08-01,70F,"NHS WEST SUSSEX",103865,253149.39,0,0
2025-08-01,13T,"NHS NEWCASTLE GATESHEAD",104642,144414.41,0,0
2025-08-01,15F,"NHS LEEDS",106895,202211.38,0,0
2025-08-01,27D,"NHS CHESHIRE",111902,193867.93,0,0
2025-08-01,78H,"NHS NORTHAMPTONSHIRE",112521,196106.15,0,0
2025-08-01,92G,"NHS BATH AND NORTH EAST SOMERSET, SWINDON AND WILTSHIRE",123176,237685.79,0,0
2025-08-01,B2M3M,"NHS COVENTRY AND WARWICKSHIRE",129330,269637.83,0,0
2025-08-01,36L,"NHS SOUTH WEST LONDON",129582,243617.7,0,0
2025-08-01,84H,"NHS COUNTY DURHAM",130775,199246.72,0,0
2025-08-01,06H,"NHS CAMBRIDGESHIRE AND PETERBOROUGH",130797,233770.08,0,0
2025-08-01,93C,"NHS NORTH CENTRAL LONDON",135358,289386.37,0,0
2025-08-01,72Q,"NHS SOUTH EAST LONDON",141022,302763.47,0,0
2025-08-01,15E,"NHS BIRMINGHAM AND SOLIHULL",142058,303225.18,0,0
2025-08-01,16C,"NHS TEES VALLEY",142151,224961.12,0,0
2025-08-01,52R,"NHS NOTTINGHAM AND NOTTINGHAMSHIRE",144881,264281.44,0,0
2025-08-01,71E,"NHS LINCOLNSHIRE",145107,274449.38,0,0
2025-08-01,15M,"NHS DERBY AND DERBYSHIRE",149277,274419.02,0,0
2025-08-01,D2P2L,"NHS BLACK COUNTRY",151271,308987.87,0,0
2025-08-01,W2U3Z,"NHS NORTH WEST LONDON",167533,330970.59,0,0
2025-08-01,15N,"NHS DEVON",172624,345882.47,0,0
2025-08-01,A3A8R,"NHS NORTH EAST LONDON",179478,312187.73,0,0
2025-08-01,26A,"NHS NORFOLK AND WAVENEY",189427,363729.24,0,0
2025-08-01,91Q,"NHS KENT AND MEDWAY",224890,453037.42,0,0
2025-08-01,D9Y0V,"NHS HAMPSHIRE, SOUTHAMPTON AND ISLE OF WIGHT",225148,581467.39,0,0
2025-09-01,09W,"NHS MEDWAY",0,0,0,0
2025-09-01,D4U1Y,"NHS FRIMLEY",248,284.56,0,0
2025-09-01,02G,"NHS WEST LANCASHIRE",16343,33516.54,0,0
2025-09-01,05D,"NHS EAST STAFFORDSHIRE",18560,44408.26,0,0
2025-09-01,05V,"NHS STAFFORD AND SURROUNDS",19886,44390.46,0,0
2025-09-01,07G,"NHS THURROCK",20512,42427.88,0,0
2025-09-01,04Y,"NHS CANNOCK CHASE",20634,45252.85,0,0
2025-09-01,01V,"NHS SOUTHPORT AND FORMBY",20773,44788.12,0,0
2025-09-01,99F,"NHS CASTLE POINT AND ROCHFORD",22126,62705.89,0,0
2025-09-01,01F,"NHS HALTON",23632,57442.34,0,0
2025-09-01,02Q,"NHS BASSETLAW",24071,43451.32,0,0
2025-09-01,00Q,"NHS BLACKBURN WITH DARWEN",25522,40396.57,0,0
2025-09-01,99G,"NHS SOUTHEND",26195,62907.83,0,0
2025-09-01,00V,"NHS BURY",27960,57687.85,0,0
2025-09-01,00X,"NHS CHORLEY AND SOUTH RIBBLE",28093,64815.83,0,0
2025-09-01,05Q,"NHS SOUTH EAST STAFFORDSHIRE AND SEISDON PENINSULA",28655,62743.26,0,0
2025-09-01,03H,"NHS NORTH EAST LINCOLNSHIRE",29110,46470.41,0,0
2025-09-01,01T,"NHS SOUTH SEFTON",29202,55189.92,0,0
2025-09-01,03Q,"NHS VALE OF YORK",29417,58522.64,0,0
2025-09-01,02E,"NHS WARRINGTON",29809,73112.11,0,0
2025-09-01,10R,"NHS PORTSMOUTH",29809,70008.34,0,0
2025-09-01,99E,"NHS BASILDON AND BRENTWOOD",31303,81020.93,0,0
2025-09-01,01E,"NHS GREATER PRESTON",31345,62434.72,0,0
2025-09-01,01J,"NHS KNOWSLEY",32374,58961.01,0,0
2025-09-01,02M,"NHS FYLDE AND WYRE",33405,55706.44,0,0
2025-09-01,03K,"NHS NORTH LINCOLNSHIRE",34304,52335.52,0,0
2025-09-01,02A,"NHS TRAFFORD",34309,78142.82,0,0
2025-09-01,02T,"NHS CALDERDALE",34853,63779.42,0,0
2025-09-01,01D,"NHS HEYWOOD, MIDDLETON AND ROCHDALE",35785,68917.38,0,0
2025-09-01,00Y,"NHS OLDHAM",35900,66380.54,0,0
2025-09-01,05G,"NHS NORTH STAFFORDSHIRE",36174,77745.69,0,0
2025-09-01,00N,"NHS SOUTH TYNESIDE",37057,52138.14,0,0
2025-09-01,00R,"NHS BLACKPOOL",38379,56339.66,0,0
2025-09-01,U2G6B,"NHS THAMES VALLEY ICB - U2G6B",38680,105581.18,0,0
2025-09-01,01X,"NHS ST HELENS",38747,81470.66,0,0
2025-09-01,01Y,"NHS TAMESIDE AND GLOSSOP",39150,63307.51,0,0
2025-09-01,09D,"NHS BRIGHTON AND HOVE",39639,113272.3,0,0
2025-09-01,07H,"NHS WEST ESSEX",40745,90299.59,0,0
2025-09-01,04C,"NHS LEICESTER CITY",43472,80183.48,0,0
2025-09-01,03W,"NHS EAST LEICESTERSHIRE AND RUTLAND",44240,110545.49,0,0
2025-09-01,99C,"NHS NORTH TYNESIDE",45151,70903.46,0,0
2025-09-01,00T,"NHS BOLTON",45322,87337.14,0,0
2025-09-01,05W,"NHS STOKE ON TRENT",45785,90650.22,0,0
2025-09-01,07K,"NHS WEST SUFFOLK",49370,109494.2,0,0
2025-09-01,03L,"NHS ROTHERHAM",49545,82832.86,0,0
2025-09-01,14Y,"NHS BUCKINGHAMSHIRE",49679,125360.26,0,0
2025-09-01,01W,"NHS STOCKPORT",51055,96987.93,0,0
2025-09-01,02Y,"NHS EAST RIDING OF YORKSHIRE",51274,98870.83,0,0
2025-09-01,03F,"NHS HULL",51994,79771.02,0,0
2025-09-01,01G,"NHS SALFORD",51997,90780.44,0,0
2025-09-01,01K,"NHS MORECAMBE BAY",52480,103127.12,0,0
2025-09-01,15A,"NHS BERKSHIRE WEST",54053,151410.38,0,0
2025-09-01,01H,"NHS NORTH CUMBRIA",56946,93321.55,0,0
2025-09-01,02H,"NHS WIGAN BOROUGH",58090,128715.02,0,0
2025-09-01,02X,"NHS DONCASTER",58095,86453.83,0,0
2025-09-01,02P,"NHS BARNSLEY",59215,79751.69,0,0
2025-09-01,01A,"NHS EAST LANCASHIRE",60330,96795.15,0,0
2025-09-01,04V,"NHS WEST LEICESTERSHIRE",60647,131357.34,0,0
2025-09-01,06N,"NHS HERTS VALLEYS",60841,146238.27,0,0
2025-09-01,06Q,"NHS MID ESSEX",61986,124709.87,0,0
2025-09-01,12F,"NHS WIRRAL",62705,145018.31,0,0
2025-09-01,M2L0M,"NHS SHROPSHIRE, TELFORD AND WREKIN",65720,161450.55,0,0
2025-09-01,X2C4Y,"NHS KIRKLEES",66232,135888.01,0,0
2025-09-01,03R,"NHS WAKEFIELD",66498,141174.24,0,0
2025-09-01,06T,"NHS NORTH EAST ESSEX",66889,138798.91,0,0
2025-09-01,06L,"NHS IPSWICH AND EAST SUFFOLK",67516,173003.74,0,0
2025-09-01,00L,"NHS NORTHUMBERLAND",70052,106299.1,0,0
2025-09-01,06K,"NHS EAST AND NORTH HERTFORDSHIRE",73428,168623.43,0,0
2025-09-01,11X,"NHS SOMERSET",74181,156399.96,0,0
2025-09-01,00P,"NHS SUNDERLAND",76848,98667.22,0,0
2025-09-01,42D,"NHS NORTH YORKSHIRE",78853,145620.71,0,0
2025-09-01,97R,"NHS EAST SUSSEX",79952,200494.4,0,0
2025-09-01,10Q,"NHS OXFORDSHIRE",83946,188790.13,0,0
2025-09-01,36J,"NHS BRADFORD DISTRICT AND CRAVEN",88190,162412.85,0,0
2025-09-01,99A,"NHS LIVERPOOL",95048,201317.97,0,0
2025-09-01,11N,"NHS CORNWALL AND THE ISLES OF SCILLY",96403,232629.77,0,0
2025-09-01,14L,"NHS MANCHESTER",96690,189219.79,0,0
2025-09-01,11M,"NHS GLOUCESTERSHIRE",100051,201416.09,0,0
2025-09-01,03N,"NHS SHEFFIELD",101050,156189.23,0,0
2025-09-01,M1J4Y,"NHS BEDFORDSHIRE, LUTON AND MILTON KEYNES",104499,240928.47,0,0
2025-09-01,18C,"NHS HEREFORDSHIRE AND WORCESTERSHIRE",106926,240527.41,0,0
2025-09-01,11J,"NHS DORSET",107577,252796.62,0,0
2025-09-01,92A,"NHS SURREY HEARTLANDS",108641,306152.73,0,0
2025-09-01,15C,"NHS BRISTOL, NORTH SOMERSET AND SOUTH GLOUCESTERSHIRE",110287,233611.05,0,0
2025-09-01,13T,"NHS NEWCASTLE GATESHEAD",110352,158203.07,0,0
2025-09-01,70F,"NHS WEST SUSSEX",110687,296811.46,0,0
2025-09-01,15F,"NHS LEEDS",111535,232177.87,0,0
2025-09-01,78H,"NHS NORTHAMPTONSHIRE",117874,218298.14,0,0
2025-09-01,27D,"NHS CHESHIRE",117976,238020.52,0,0
2025-09-01,92G,"NHS BATH AND NORTH EAST SOMERSET, SWINDON AND WILTSHIRE",128793,250348.4,0,0
2025-09-01,B2M3M,"NHS COVENTRY AND WARWICKSHIRE",135121,313765.96,0,0
2025-09-01,84H,"NHS COUNTY DURHAM",136878,204475.45,0,0
2025-09-01,36L,"NHS SOUTH WEST LONDON",137651,265932.89,0,0
2025-09-01,06H,"NHS CAMBRIDGESHIRE AND PETERBOROUGH",137741,264336.24,0,0
2025-09-01,93C,"NHS NORTH CENTRAL LONDON",144903,332001.33,0,0
2025-09-01,72Q,"NHS SOUTH EAST LONDON",150258,332564.19,0,0
2025-09-01,52R,"NHS NOTTINGHAM AND NOTTINGHAMSHIRE",151710,310422.88,0,0
2025-09-01,16C,"NHS TEES VALLEY",152599,255142.54,0,0
2025-09-01,71E,"NHS LINCOLNSHIRE",153769,318684.3,0,0
2025-09-01,15E,"NHS BIRMINGHAM AND SOLIHULL",154426,370939.41,0,0
2025-09-01,15M,"NHS DERBY AND DERBYSHIRE",157240,310064.13,0,0
2025-09-01,D2P2L,"NHS BLACK COUNTRY",160546,349340.14,0,0
2025-09-01,W2U3Z,"NHS NORTH WEST LONDON",177800,365939.63,0,0
2025-09-01,15N,"NHS DEVON",179102,410079.28,0,0
2025-09-01,A3A8R,"NHS NORTH EAST LONDON",188083,360259.97,0,0
2025-09-01,26A,"NHS NORFOLK AND WAVENEY",195271,439632.38,0,0
2025-09-01,91Q,"NHS KENT AND MEDWAY",236143,491392.12,0,0
2025-09-01,D9Y0V,"NHS HAMPSHIRE, SOUTHAMPTON AND ISLE OF WIGHT",238497,712332.11,0,0
2025-10-01,09W,"NHS MEDWAY",0,0,0,0
2025-10-01,D4U1Y,"NHS FRIMLEY",303,304.78,0,0
2025-10-01,02G,"NHS WEST LANCASHIRE",17082,36960.21,0,0
2025-10-01,05D,"NHS EAST STAFFORDSHIRE",18930,43459.88,0,0
2025-10-01,05V,"NHS STAFFORD AND SURROUNDS",20818,43793.68,0,0
2025-10-01,01V,"NHS SOUTHPORT AND FORMBY",20880,43791.81,0,0
2025-10-01,04Y,"NHS CANNOCK CHASE",21116,46177.67,0,0
2025-10-01,07G,"NHS THURROCK",21170,40984.45,0,0
2025-10-01,99F,"NHS CASTLE POINT AND ROCHFORD",23355,62131.16,0,0
2025-10-01,02Q,"NHS BASSETLAW",24053,40150.83,0,0
2025-10-01,01F,"NHS HALTON",24232,58795.97,0,0
2025-10-01,00Q,"NHS BLACKBURN WITH DARWEN",25724,39031,0,0
2025-10-01,99G,"NHS SOUTHEND",26244,65057.19,0,0
2025-10-01,00X,"NHS CHORLEY AND SOUTH RIBBLE",28662,60660.2,0,0
2025-10-01,00V,"NHS BURY",29226,61994.89,0,0
2025-10-01,05Q,"NHS SOUTH EAST STAFFORDSHIRE AND SEISDON PENINSULA",29279,62710.78,0,0
2025-10-01,01T,"NHS SOUTH SEFTON",30002,52998.78,0,0
2025-10-01,03H,"NHS NORTH EAST LINCOLNSHIRE",30014,45940.43,0,0
2025-10-01,03Q,"NHS VALE OF YORK",31027,59934.74,0,0
2025-10-01,02E,"NHS WARRINGTON",31420,79189.79,0,0
2025-10-01,10R,"NHS PORTSMOUTH",31714,74481.04,0,0
2025-10-01,99E,"NHS BASILDON AND BRENTWOOD",32040,78195.72,0,0
2025-10-01,01E,"NHS GREATER PRESTON",32207,63711.65,0,0
2025-10-01,01J,"NHS KNOWSLEY",33679,65248.47,0,0
2025-10-01,02M,"NHS FYLDE AND WYRE",34686,57125.2,0,0
2025-10-01,03K,"NHS NORTH LINCOLNSHIRE",35383,54965.16,0,0
2025-10-01,02A,"NHS TRAFFORD",35599,75488.71,0,0
2025-10-01,02T,"NHS CALDERDALE",36821,67908.31,0,0
2025-10-01,01D,"NHS HEYWOOD, MIDDLETON AND ROCHDALE",37138,68910.76,0,0
2025-10-01,00Y,"NHS OLDHAM",37405,66271.61,0,0
2025-10-01,05G,"NHS NORTH STAFFORDSHIRE",37497,79907.38,0,0
2025-10-01,00N,"NHS SOUTH TYNESIDE",38154,54512.04,0,0
2025-10-01,U2G6B,"NHS THAMES VALLEY ICB - U2G6B",38851,105051.8,0,0
2025-10-01,01Y,"NHS TAMESIDE AND GLOSSOP",38884,61834.98,0,0
2025-10-01,00R,"NHS BLACKPOOL",40034,59016.89,0,0
2025-10-01,01X,"NHS ST HELENS",40843,81343.84,0,0
2025-10-01,09D,"NHS BRIGHTON AND HOVE",40986,111349.16,0,0
2025-10-01,07H,"NHS WEST ESSEX",41132,95662.14,0,0
2025-10-01,04C,"NHS LEICESTER CITY",45281,85368.75,0,0
2025-10-01,03W,"NHS EAST LEICESTERSHIRE AND RUTLAND",45407,115107.12,0,0
2025-10-01,00T,"NHS BOLTON",46523,90026.56,0,0
2025-10-01,05W,"NHS STOKE ON TRENT",47227,91247.83,0,0
2025-10-01,99C,"NHS NORTH TYNESIDE",47583,73192.35,0,0
2025-10-01,07K,"NHS WEST SUFFOLK",50120,110468.32,0,0
2025-10-01,14Y,"NHS BUCKINGHAMSHIRE",50504,126142.26,0,0
2025-10-01,03L,"NHS ROTHERHAM",50981,84350.99,0,0
2025-10-01,01W,"NHS STOCKPORT",52066,100234.15,0,0
2025-10-01,01G,"NHS SALFORD",53233,89474.33,0,0
2025-10-01,02Y,"NHS EAST RIDING OF YORKSHIRE",53234,99311.45,0,0
2025-10-01,03F,"NHS HULL",54361,79646.34,0,0
2025-10-01,01K,"NHS MORECAMBE BAY",54458,101758.68,0,0
2025-10-01,15A,"NHS BERKSHIRE WEST",55875,161863.9,0,0
2025-10-01,01H,"NHS NORTH CUMBRIA",57514,93901.26,0,0
2025-10-01,02H,"NHS WIGAN BOROUGH",59150,127468.19,0,0
2025-10-01,02X,"NHS DONCASTER",59947,89659.67,0,0
2025-10-01,01A,"NHS EAST LANCASHIRE",61055,94649.34,0,0
2025-10-01,02P,"NHS BARNSLEY",61951,79473.28,0,0
2025-10-01,06N,"NHS HERTS VALLEYS",62622,150066,0,0
2025-10-01,04V,"NHS WEST LEICESTERSHIRE",63425,135512.89,0,0
2025-10-01,12F,"NHS WIRRAL",64152,133783.62,0,0
2025-10-01,06Q,"NHS MID ESSEX",64328,129262.12,0,0
2025-10-01,X2C4Y,"NHS KIRKLEES",66517,134414.67,0,0
2025-10-01,03R,"NHS WAKEFIELD",67200,135390.94,0,0
2025-10-01,M2L0M,"NHS SHROPSHIRE, TELFORD AND WREKIN",67616,168441.17,0,0
2025-10-01,06T,"NHS NORTH EAST ESSEX",68396,139185.74,0,0
2025-10-01,06L,"NHS IPSWICH AND EAST SUFFOLK",69449,174650.74,0,0
2025-10-01,00L,"NHS NORTHUMBERLAND",73096,114543.3,0,0
2025-10-01,11X,"NHS SOMERSET",76346,159055.07,0,0
2025-10-01,06K,"NHS EAST AND NORTH HERTFORDSHIRE",77041,172271.76,0,0
2025-10-01,00P,"NHS SUNDERLAND",80438,106413.81,0,0
2025-10-01,97R,"NHS EAST SUSSEX",81440,196161.49,0,0
2025-10-01,42D,"NHS NORTH YORKSHIRE",82191,147850.18,0,0
2025-10-01,10Q,"NHS OXFORDSHIRE",86665,182369.53,0,0
2025-10-01,36J,"NHS BRADFORD DISTRICT AND CRAVEN",91093,168725.79,0,0
2025-10-01,99A,"NHS LIVERPOOL",96356,195119.88,0,0
2025-10-01,14L,"NHS MANCHESTER",99276,190789.32,0,0
2025-10-01,11N,"NHS CORNWALL AND THE ISLES OF SCILLY",99830,239593.05,0,0
2025-10-01,11M,"NHS GLOUCESTERSHIRE",102894,190948,0,0
2025-10-01,03N,"NHS SHEFFIELD",105542,154868.53,0,0
2025-10-01,M1J4Y,"NHS BEDFORDSHIRE, LUTON AND MILTON KEYNES",106395,239797.25,0,0
2025-10-01,18C,"NHS HEREFORDSHIRE AND WORCESTERSHIRE",111285,243859.91,0,0
2025-10-01,92A,"NHS SURREY HEARTLANDS",111679,317926.7,0,0
2025-10-01,11J,"NHS DORSET",112044,255509.48,0,0
2025-10-01,70F,"NHS WEST SUSSEX",112655,295536.68,0,0
2025-10-01,13T,"NHS NEWCASTLE GATESHEAD",113144,163601.79,0,0
2025-10-01,15C,"NHS BRISTOL, NORTH SOMERSET AND SOUTH GLOUCESTERSHIRE",113480,241196.94,0,0
2025-10-01,15F,"NHS LEEDS",116316,233837.35,0,0
2025-10-01,78H,"NHS NORTHAMPTONSHIRE",122023,218718.27,0,0
2025-10-01,27D,"NHS CHESHIRE",123887,252030.89,0,0
2025-10-01,92G,"NHS BATH AND NORTH EAST SOMERSET, SWINDON AND WILTSHIRE",134200,258540.96,0,0
2025-10-01,B2M3M,"NHS COVENTRY AND WARWICKSHIRE",140451,325517.89,0,0
2025-10-01,36L,"NHS SOUTH WEST LONDON",141422,277450.3,0,0
2025-10-01,84H,"NHS COUNTY DURHAM",143272,221104.31,0,0
2025-10-01,06H,"NHS CAMBRIDGESHIRE AND PETERBOROUGH",143296,265658.71,0,0
2025-10-01,93C,"NHS NORTH CENTRAL LONDON",149319,328181.05,0,0
2025-10-01,72Q,"NHS SOUTH EAST LONDON",152459,337483.87,0,0
2025-10-01,16C,"NHS TEES VALLEY",154971,250900.5,0,0
2025-10-01,15E,"NHS BIRMINGHAM AND SOLIHULL",156552,367464.47,0,0
2025-10-01,52R,"NHS NOTTINGHAM AND NOTTINGHAMSHIRE",157706,317697.97,0,0
2025-10-01,71E,"NHS LINCOLNSHIRE",159907,318267.69,0,0
2025-10-01,15M,"NHS DERBY AND DERBYSHIRE",161834,310913.99,0,0
2025-10-01,D2P2L,"NHS BLACK COUNTRY",163938,357377.1,0,0
2025-10-01,W2U3Z,"NHS NORTH WEST LONDON",183867,381146.88,0,0
2025-10-01,15N,"NHS DEVON",186477,423595.25,0,0
2025-10-01,A3A8R,"NHS NORTH EAST LONDON",192548,360898.14,0,0
2025-10-01,26A,"NHS NORFOLK AND WAVENEY",201850,440343.79,0,0
2025-10-01,91Q,"NHS KENT AND MEDWAY",244767,518124.6,0,0
2025-10-01,D9Y0V,"NHS HAMPSHIRE, SOUTHAMPTON AND ISLE OF WIGHT",245267,724204.31,0,0
2025-11-01,09W,"NHS MEDWAY",0,0,0,0
2025-11-01,D4U1Y,"NHS FRIMLEY",248,405.97,0,0
2025-11-01,02G,"NHS WEST LANCASHIRE",15789,33600.63,0,0
2025-11-01,05D,"NHS EAST STAFFORDSHIRE",17205,36469.47,0,0
2025-11-01,01V,"NHS SOUTHPORT AND FORMBY",19093,38993.57,0,0
2025-11-01,05V,"NHS STAFFORD AND SURROUNDS",19246,40695.36,0,0
2025-11-01,07G,"NHS THURROCK",19772,41061.33,0,0
2025-11-01,04Y,"NHS CANNOCK CHASE",20063,43973.02,0,0
2025-11-01,99F,"NHS CASTLE POINT AND ROCHFORD",21236,57741.46,0,0
2025-11-01,02Q,"NHS BASSETLAW",22185,36907.63,0,0
2025-11-01,01F,"NHS HALTON",22284,52657.57,0,0
2025-11-01,00Q,"NHS BLACKBURN WITH DARWEN",24004,36051.88,0,0
2025-11-01,99G,"NHS SOUTHEND",24323,61858.83,0,0
2025-11-01,00X,"NHS CHORLEY AND SOUTH RIBBLE",26095,56138.17,0,0
2025-11-01,00V,"NHS BURY",26335,55247.43,0,0
2025-11-01,03H,"NHS NORTH EAST LINCOLNSHIRE",26738,41872.92,0,0
2025-11-01,05Q,"NHS SOUTH EAST STAFFORDSHIRE AND SEISDON PENINSULA",27247,57316.01,0,0
2025-11-01,01T,"NHS SOUTH SEFTON",27388,49229.15,0,0
2025-11-01,03Q,"NHS VALE OF YORK",28221,55037.12,0,0
2025-11-01,02E,"NHS WARRINGTON",28670,68397.98,0,0
2025-11-01,99E,"NHS BASILDON AND BRENTWOOD",28993,69642.74,0,0
2025-11-01,10R,"NHS PORTSMOUTH",29008,65756.13,0,0
2025-11-01,01E,"NHS GREATER PRESTON",29908,59987.33,0,0
2025-11-01,01J,"NHS KNOWSLEY",29909,54056.67,0,0
2025-11-01,02M,"NHS FYLDE AND WYRE",31795,53584.07,0,0
2025-11-01,02A,"NHS TRAFFORD",32552,70722.62,0,0
2025-11-01,03K,"NHS NORTH LINCOLNSHIRE",33007,50519.95,0,0
2025-11-01,01D,"NHS HEYWOOD, MIDDLETON AND ROCHDALE",33154,61738.17,0,0
2025-11-01,02T,"NHS CALDERDALE",33287,58086.16,0,0
2025-11-01,00Y,"NHS OLDHAM",34201,59142.95,0,0
2025-11-01,05G,"NHS NORTH STAFFORDSHIRE",34539,72300.49,0,0
2025-11-01,00N,"NHS SOUTH TYNESIDE",35040,50618.64,0,0
2025-11-01,01Y,"NHS TAMESIDE AND GLOSSOP",36788,57298.7,0,0
2025-11-01,U2G6B,"NHS THAMES VALLEY ICB - U2G6B",36842,101787.92,0,0
2025-11-01,00R,"NHS BLACKPOOL",36856,53458.5,0,0
2025-11-01,01X,"NHS ST HELENS",37053,76349.76,0,0
2025-11-01,09D,"NHS BRIGHTON AND HOVE",37874,105784.81,0,0
2025-11-01,07H,"NHS WEST ESSEX",39429,90635.79,0,0
2025-11-01,04C,"NHS LEICESTER CITY",41524,76430.29,0,0
2025-11-01,03W,"NHS EAST LEICESTERSHIRE AND RUTLAND",42441,109131.03,0,0
2025-11-01,00T,"NHS BOLTON",42451,86527.15,0,0
2025-11-01,05W,"NHS STOKE ON TRENT",44107,85048.12,0,0
2025-11-01,99C,"NHS NORTH TYNESIDE",45339,68907.7,0,0
2025-11-01,03L,"NHS ROTHERHAM",46442,74778.27,0,0
2025-11-01,14Y,"NHS BUCKINGHAMSHIRE",47115,118385.38,0,0
2025-11-01,07K,"NHS WEST SUFFOLK",47310,103559.36,0,0
2025-11-01,01W,"NHS STOCKPORT",47922,88131.89,0,0
2025-11-01,01G,"NHS SALFORD",48266,80770.59,0,0
2025-11-01,02Y,"NHS EAST RIDING OF YORKSHIRE",48431,92323.9,0,0
2025-11-01,03F,"NHS HULL",49396,74628.21,0,0
2025-11-01,01K,"NHS MORECAMBE BAY",49813,92597.98,0,0
2025-11-01,15A,"NHS BERKSHIRE WEST",51550,137281.33,0,0
2025-11-01,01H,"NHS NORTH CUMBRIA",53441,87332.91,0,0
2025-11-01,02H,"NHS WIGAN BOROUGH",53898,116905.26,0,0
2025-11-01,02X,"NHS DONCASTER",54377,79621.78,0,0
2025-11-01,02P,"NHS BARNSLEY",55389,69213.32,0,0
2025-11-01,01A,"NHS EAST LANCASHIRE",56217,89790.74,0,0
2025-11-01,04V,"NHS WEST LEICESTERSHIRE",57450,118076.47,0,0
2025-11-01,06N,"NHS HERTS VALLEYS",57770,139530.77,0,0
2025-11-01,12F,"NHS WIRRAL",57931,108541.58,0,0
2025-11-01,06Q,"NHS MID ESSEX",58399,115055.96,0,0
2025-11-01,03R,"NHS WAKEFIELD",60895,126818.98,0,0
2025-11-01,M2L0M,"NHS SHROPSHIRE, TELFORD AND WREKIN",62351,158786.89,0,0
2025-11-01,X2C4Y,"NHS KIRKLEES",62628,128541.57,0,0
2025-11-01,06L,"NHS IPSWICH AND EAST SUFFOLK",63451,163275.55,0,0
2025-11-01,06T,"NHS NORTH EAST ESSEX",63504,126681.63,0,0
2025-11-01,00L,"NHS NORTHUMBERLAND",67031,100083.12,0,0
2025-11-01,11X,"NHS SOMERSET",70084,147782.35,0,0
2025-11-01,06K,"NHS EAST AND NORTH HERTFORDSHIRE",71223,160558.02,0,0
2025-11-01,00P,"NHS SUNDERLAND",72559,89750.99,0,0
2025-11-01,42D,"NHS NORTH YORKSHIRE",74307,136082.97,0,0
2025-11-01,97R,"NHS EAST SUSSEX",75391,180569.37,0,0
2025-11-01,10Q,"NHS OXFORDSHIRE",80863,182186.09,0,0
2025-11-01,36J,"NHS BRADFORD DISTRICT AND CRAVEN",83342,150455.45,0,0
2025-11-01,99A,"NHS LIVERPOOL",89630,176906.23,0,0
2025-11-01,14L,"NHS MANCHESTER",91577,178175.47,0,0
2025-11-01,11N,"NHS CORNWALL AND THE ISLES OF SCILLY",92206,224093.22,0,0
2025-11-01,11M,"NHS GLOUCESTERSHIRE",94212,179976.62,0,0
2025-11-01,03N,"NHS SHEFFIELD",97156,143259.63,0,0
2025-11-01,M1J4Y,"NHS BEDFORDSHIRE, LUTON AND MILTON KEYNES",100511,230585.79,0,0
2025-11-01,18C,"NHS HEREFORDSHIRE AND WORCESTERSHIRE",102563,224105.84,0,0
2025-11-01,11J,"NHS DORSET",103576,225304.01,0,0
2025-11-01,70F,"NHS WEST SUSSEX",104175,265294.88,0,0
2025-11-01,15C,"NHS BRISTOL, NORTH SOMERSET AND SOUTH GLOUCESTERSHIRE",104646,226478.07,0,0
2025-11-01,13T,"NHS NEWCASTLE GATESHEAD",105331,141582.53,0,0
2025-11-01,92A,"NHS SURREY HEARTLANDS",105470,307187.07,0,0
2025-11-01,15F,"NHS LEEDS",106049,217741.6,0,0
2025-11-01,78H,"NHS NORTHAMPTONSHIRE",110920,205094.9,0,0
2025-11-01,27D,"NHS CHESHIRE",111399,220370.08,0,0
2025-11-01,92G,"NHS BATH AND NORTH EAST SOMERSET, SWINDON AND WILTSHIRE",123287,237465.82,0,0
2025-11-01,B2M3M,"NHS COVENTRY AND WARWICKSHIRE",128313,295919.61,0,0
2025-11-01,84H,"NHS COUNTY DURHAM",130884,199893.91,0,0
2025-11-01,06H,"NHS CAMBRIDGESHIRE AND PETERBOROUGH",131843,246588.83,0,0
2025-11-01,36L,"NHS SOUTH WEST LONDON",132689,264025.21,0,0
2025-11-01,93C,"NHS NORTH CENTRAL LONDON",140369,323702.25,0,0
2025-11-01,72Q,"NHS SOUTH EAST LONDON",143555,316447.42,0,0
2025-11-01,16C,"NHS TEES VALLEY",143844,239371.45,0,0
2025-11-01,15E,"NHS BIRMINGHAM AND SOLIHULL",144601,340808.35,0,0
2025-11-01,71E,"NHS LINCOLNSHIRE",146566,290115.57,0,0
2025-11-01,52R,"NHS NOTTINGHAM AND NOTTINGHAMSHIRE",146929,292286.86,0,0
2025-11-01,15M,"NHS DERBY AND DERBYSHIRE",148905,279766.38,0,0
2025-11-01,D2P2L,"NHS BLACK COUNTRY",149876,332452.96,0,0
2025-11-01,W2U3Z,"NHS NORTH WEST LONDON",171326,361466.96,0,0
2025-11-01,15N,"NHS DEVON",172520,396300.26,0,0
2025-11-01,A3A8R,"NHS NORTH EAST LONDON",182214,341259.75,0,0
2025-11-01,26A,"NHS NORFOLK AND WAVENEY",186740,414658.94,0,0
2025-11-01,91Q,"NHS KENT AND MEDWAY",225560,469403.68,0,0
2025-11-01,D9Y0V,"NHS HAMPSHIRE, SOUTHAMPTON AND ISLE OF WIGHT",227826,659845.71,0,0
2025-12-01,09W,"NHS MEDWAY",0,0,0,0
2025-12-01,D4U1Y,"NHS FRIMLEY",236,255.89,0,0
2025-12-01,02G,"NHS WEST LANCASHIRE",17405,39161.22,0,0
2025-12-01,05D,"NHS EAST STAFFORDSHIRE",19660,43321.76,0,0
2025-12-01,01V,"NHS SOUTHPORT AND FORMBY",21345,46750.33,0,0
2025-12-01,05V,"NHS STAFFORD AND SURROUNDS",21351,51997.29,0,0
2025-12-01,04Y,"NHS CANNOCK CHASE",21487,49700.29,0,0
2025-12-01,07G,"NHS THURROCK",21653,45176.01,0,0
2025-12-01,99F,"NHS CASTLE POINT AND ROCHFORD",23436,67660.36,0,0
2025-12-01,01F,"NHS HALTON",24722,60420.77,0,0
2025-12-01,02Q,"NHS BASSETLAW",25056,46438.69,0,0
2025-12-01,00Q,"NHS BLACKBURN WITH DARWEN",26803,42594.1,0,0
2025-12-01,99G,"NHS SOUTHEND",27972,70976.94,0,0
2025-12-01,00X,"NHS CHORLEY AND SOUTH RIBBLE",29593,67507.37,0,0
2025-12-01,00V,"NHS BURY",29860,64861.21,0,0
2025-12-01,05Q,"NHS SOUTH EAST STAFFORDSHIRE AND SEISDON PENINSULA",29922,64295.42,0,0
2025-12-01,03H,"NHS NORTH EAST LINCOLNSHIRE",30202,52085.04,0,0
2025-12-01,01T,"NHS SOUTH SEFTON",31038,57291.31,0,0
2025-12-01,02E,"NHS WARRINGTON",31241,79308.72,0,0
2025-12-01,03Q,"NHS VALE OF YORK",31894,66267.8,0,0
2025-12-01,10R,"NHS PORTSMOUTH",32003,79248.78,0,0
2025-12-01,99E,"NHS BASILDON AND BRENTWOOD",32785,83866.12,0,0
2025-12-01,01E,"NHS GREATER PRESTON",33276,68514.71,0,0
2025-12-01,01J,"NHS KNOWSLEY",34398,64958.66,0,0
2025-12-01,02M,"NHS FYLDE AND WYRE",34797,59570.73,0,0
2025-12-01,02A,"NHS TRAFFORD",35523,83909.57,0,0
2025-12-01,03K,"NHS NORTH LINCOLNSHIRE",35828,56929.13,0,0
2025-12-01,01D,"NHS HEYWOOD, MIDDLETON AND ROCHDALE",36980,71393.05,0,0
2025-12-01,02T,"NHS CALDERDALE",37152,73536.53,0,0
2025-12-01,00Y,"NHS OLDHAM",37643,67754.64,0,0
2025-12-01,05G,"NHS NORTH STAFFORDSHIRE",38217,86321.16,0,0
2025-12-01,00N,"NHS SOUTH TYNESIDE",38758,61929.36,0,0
2025-12-01,01Y,"NHS TAMESIDE AND GLOSSOP",40056,65508.37,0,0
2025-12-01,U2G6B,"NHS THAMES VALLEY ICB - U2G6B",40189,110057.25,0,0
2025-12-01,00R,"NHS BLACKPOOL",40529,63428.51,0,0
2025-12-01,01X,"NHS ST HELENS",41755,93423.16,0,0
2025-12-01,07H,"NHS WEST ESSEX",42224,100983.94,0,0
2025-12-01,09D,"NHS BRIGHTON AND HOVE",42504,117951.04,0,0
2025-12-01,04C,"NHS LEICESTER CITY",45794,95659.51,0,0
2025-12-01,03W,"NHS EAST LEICESTERSHIRE AND RUTLAND",46729,122860.69,0,0
2025-12-01,00T,"NHS BOLTON",47467,99181.63,0,0
2025-12-01,05W,"NHS STOKE ON TRENT",47992,94150.8,0,0
2025-12-01,99C,"NHS NORTH TYNESIDE",48719,81163.92,0,0
2025-12-01,03L,"NHS ROTHERHAM",50900,89320.31,0,0
2025-12-01,07K,"NHS WEST SUFFOLK",51073,116879.04,0,0
2025-12-01,14Y,"NHS BUCKINGHAMSHIRE",51096,145203.16,0,0
2025-12-01,01W,"NHS STOCKPORT",53164,109169.33,0,0
2025-12-01,01G,"NHS SALFORD",53789,95605.31,0,0
2025-12-01,03F,"NHS HULL",54115,86057.72,0,0
2025-12-01,02Y,"NHS EAST RIDING OF YORKSHIRE",54389,104660.42,0,0
2025-12-01,01K,"NHS MORECAMBE BAY",55411,110271.36,0,0
2025-12-01,15A,"NHS BERKSHIRE WEST",57524,168360.19,0,0
2025-12-01,01H,"NHS NORTH CUMBRIA",58041,101831.98,0,0
2025-12-01,02X,"NHS DONCASTER",60300,95962.7,0,0
2025-12-01,02H,"NHS WIGAN BOROUGH",60632,137740.02,0,0
2025-12-01,02P,"NHS BARNSLEY",61671,82817.86,0,0
2025-12-01,01A,"NHS EAST LANCASHIRE",61727,102210.7,0,0
2025-12-01,06N,"NHS HERTS VALLEYS",63322,167005.52,0,0
2025-12-01,04V,"NHS WEST LEICESTERSHIRE",64413,142415.95,0,0
2025-12-01,06Q,"NHS MID ESSEX",64806,136012.1,0,0
2025-12-01,12F,"NHS WIRRAL",66120,127110.79,0,0
2025-12-01,03R,"NHS WAKEFIELD",67092,142832.74,0,0
2025-12-01,X2C4Y,"NHS KIRKLEES",68001,141980.88,0,0
2025-12-01,M2L0M,"NHS SHROPSHIRE, TELFORD AND WREKIN",68920,178155.23,0,0
2025-12-01,06T,"NHS NORTH EAST ESSEX",70089,153519.32,0,0
2025-12-01,06L,"NHS IPSWICH AND EAST SUFFOLK",70771,185551.82,0,0
2025-12-01,00L,"NHS NORTHUMBERLAND",72914,115777.74,0,0
2025-12-01,06K,"NHS EAST AND NORTH HERTFORDSHIRE",76502,184868.99,0,0
2025-12-01,11X,"NHS SOMERSET",78468,178194.68,0,0
2025-12-01,00P,"NHS SUNDERLAND",80092,106097.43,0,0
2025-12-01,42D,"NHS NORTH YORKSHIRE",83407,162237.57,0,0
2025-12-01,97R,"NHS EAST SUSSEX",84432,223575.89,0,0
2025-12-01,10Q,"NHS OXFORDSHIRE",88505,199696.02,0,0
2025-12-01,36J,"NHS BRADFORD DISTRICT AND CRAVEN",92103,170660.83,0,0
2025-12-01,99A,"NHS LIVERPOOL",99936,211946.25,0,0
2025-12-01,14L,"NHS MANCHESTER",101194,192309.83,0,0
2025-12-01,11N,"NHS CORNWALL AND THE ISLES OF SCILLY",101726,253140.9,0,0
2025-12-01,11M,"NHS GLOUCESTERSHIRE",105339,222274.04,0,0
2025-12-01,03N,"NHS SHEFFIELD",107070,161854.5,0,0
2025-12-01,18C,"NHS HEREFORDSHIRE AND WORCESTERSHIRE",111068,261449.45,0,0
2025-12-01,M1J4Y,"NHS BEDFORDSHIRE, LUTON AND MILTON KEYNES",111323,264327.55,0,0
2025-12-01,13T,"NHS NEWCASTLE GATESHEAD",113373,172174.48,0,0
2025-12-01,92A,"NHS SURREY HEARTLANDS",113944,358144.79,0,0
2025-12-01,11J,"NHS DORSET",114030,267507.17,0,0
2025-12-01,15C,"NHS BRISTOL, NORTH SOMERSET AND SOUTH GLOUCESTERSHIRE",114576,264361.96,0,0
2025-12-01,15F,"NHS LEEDS",117565,252460.38,0,0
2025-12-01,70F,"NHS WEST SUSSEX",118314,320414.8,0,0
2025-12-01,78H,"NHS NORTHAMPTONSHIRE",122155,232811.94,0,0
2025-12-01,27D,"NHS CHESHIRE",123026,248264.62,0,0
2025-12-01,92G,"NHS BATH AND NORTH EAST SOMERSET, SWINDON AND WILTSHIRE",137115,277358.32,0,0
2025-12-01,B2M3M,"NHS COVENTRY AND WARWICKSHIRE",142616,340789.11,0,0
2025-12-01,36L,"NHS SOUTH WEST LONDON",143469,299320.81,0,0
2025-12-01,06H,"NHS CAMBRIDGESHIRE AND PETERBOROUGH",143711,282225.55,0,0
2025-12-01,84H,"NHS COUNTY DURHAM",143791,229020.78,0,0
2025-12-01,93C,"NHS NORTH CENTRAL LONDON",150989,353632.96,0,0
2025-12-01,72Q,"NHS SOUTH EAST LONDON",156098,353350.73,0,0
2025-12-01,16C,"NHS TEES VALLEY",157813,273203.28,0,0
2025-12-01,15E,"NHS BIRMINGHAM AND SOLIHULL",159098,390266.28,0,0
2025-12-01,71E,"NHS LINCOLNSHIRE",160660,340920.1,0,0
2025-12-01,52R,"NHS NOTTINGHAM AND NOTTINGHAMSHIRE",161018,337379.91,0,0
2025-12-01,15M,"NHS DERBY AND DERBYSHIRE",166099,332205.48,0,0
2025-12-01,D2P2L,"NHS BLACK COUNTRY",166844,380935.09,0,0
2025-12-01,W2U3Z,"NHS NORTH WEST LONDON",186011,401744.68,0,0
2025-12-01,15N,"NHS DEVON",188842,463284.7,0,0
2025-12-01,A3A8R,"NHS NORTH EAST LONDON",194081,391483.69,0,0
2025-12-01,26A,"NHS NORFOLK AND WAVENEY",205590,475464.17,0,0
2025-12-01,91Q,"NHS KENT AND MEDWAY",251544,567475.06,0,0
2025-12-01,D9Y0V,"NHS HAMPSHIRE, SOUTHAMPTON AND ISLE OF WIGHT",251846,769246.11,0,0
2026-01-01,09W,"NHS MEDWAY",0,0,0,0
2026-01-01,D4U1Y,"NHS FRIMLEY",234,536.84,0,0
2026-01-01,02G,"NHS WEST LANCASHIRE",16795,35386.62,0,0
2026-01-01,05D,"NHS EAST STAFFORDSHIRE",18971,39156.83,0,0
2026-01-01,01V,"NHS SOUTHPORT AND FORMBY",20437,43436.86,0,0
2026-01-01,05V,"NHS STAFFORD AND SURROUNDS",20678,42785.86,0,0
2026-01-01,07G,"NHS THURROCK",21109,40776.85,0,0
2026-01-01,04Y,"NHS CANNOCK CHASE",21311,45089,0,0
2026-01-01,99F,"NHS CASTLE POINT AND ROCHFORD",22810,60427.47,0,0
2026-01-01,01F,"NHS HALTON",23364,54478.75,0,0
2026-01-01,02Q,"NHS BASSETLAW",24680,43899.25,0,0
2026-01-01,00Q,"NHS BLACKBURN WITH DARWEN",25163,36857.04,0,0
2026-01-01,99G,"NHS SOUTHEND",26564,68286.86,0,0
2026-01-01,00X,"NHS CHORLEY AND SOUTH RIBBLE",27933,58824.46,0,0
2026-01-01,00V,"NHS BURY",28181,59397.08,0,0
2026-01-01,05Q,"NHS SOUTH EAST STAFFORDSHIRE AND SEISDON PENINSULA",28449,61429.68,0,0
2026-01-01,01T,"NHS SOUTH SEFTON",29122,51434.61,0,0
2026-01-01,03H,"NHS NORTH EAST LINCOLNSHIRE",29399,46173.95,0,0
2026-01-01,03Q,"NHS VALE OF YORK",30187,63664.66,0,0
2026-01-01,02E,"NHS WARRINGTON",30733,75765.66,0,0
2026-01-01,01E,"NHS GREATER PRESTON",31173,60158.22,0,0
2026-01-01,99E,"NHS BASILDON AND BRENTWOOD",31587,73598.52,0,0
2026-01-01,10R,"NHS PORTSMOUTH",32296,72589.54,0,0
2026-01-01,01J,"NHS KNOWSLEY",32636,58218.69,0,0
2026-01-01,02M,"NHS FYLDE AND WYRE",34135,54928.41,0,0
2026-01-01,02T,"NHS CALDERDALE",34677,58957.12,0,0
2026-01-01,02A,"NHS TRAFFORD",34914,81146.67,0,0
2026-01-01,03K,"NHS NORTH LINCOLNSHIRE",35189,52459.16,0,0
2026-01-01,01D,"NHS HEYWOOD, MIDDLETON AND ROCHDALE",36213,63494.8,0,0
2026-01-01,00Y,"NHS OLDHAM",36558,60675.91,0,0
2026-01-01,05G,"NHS NORTH STAFFORDSHIRE",36740,77344.39,0,0
2026-01-01,00N,"NHS SOUTH TYNESIDE",37939,50850.12,0,0
2026-01-01,01Y,"NHS TAMESIDE AND GLOSSOP",38188,56599.75,0,0
2026-01-01,00R,"NHS BLACKPOOL",38268,56557.22,0,0
2026-01-01,U2G6B,"NHS THAMES VALLEY ICB - U2G6B",39089,105191.73,0,0
2026-01-01,01X,"NHS ST HELENS",39467,81844.84,0,0
2026-01-01,09D,"NHS BRIGHTON AND HOVE",40624,117451.24,0,0
2026-01-01,07H,"NHS WEST ESSEX",41559,95063.44,0,0
2026-01-01,04C,"NHS LEICESTER CITY",44763,89054.3,0,0
2026-01-01,03W,"NHS EAST LEICESTERSHIRE AND RUTLAND",44792,111542.71,0,0
2026-01-01,00T,"NHS BOLTON",45252,89811.4,0,0
2026-01-01,05W,"NHS STOKE ON TRENT",46800,90420.75,0,0
2026-01-01,99C,"NHS NORTH TYNESIDE",47648,72364.56,0,0
2026-01-01,14Y,"NHS BUCKINGHAMSHIRE",49875,135006.23,0,0
2026-01-01,07K,"NHS WEST SUFFOLK",50163,108240.92,0,0
2026-01-01,03L,"NHS ROTHERHAM",50493,80659.27,0,0
2026-01-01,01W,"NHS STOCKPORT",50805,98037.69,0,0
2026-01-01,02Y,"NHS EAST RIDING OF YORKSHIRE",52758,96577.74,0,0
2026-01-01,01K,"NHS MORECAMBE BAY",52789,93812.57,0,0
2026-01-01,01G,"NHS SALFORD",52799,86131.02,0,0
2026-01-01,03F,"NHS HULL",53407,78808.79,0,0
2026-01-01,15A,"NHS BERKSHIRE WEST",55387,137671.96,0,0
2026-01-01,01H,"NHS NORTH CUMBRIA",57043,89615.87,0,0
2026-01-01,02H,"NHS WIGAN BOROUGH",58605,125098.52,0,0
2026-01-01,02X,"NHS DONCASTER",58842,84874.74,0,0
2026-01-01,01A,"NHS EAST LANCASHIRE",59429,90415.96,0,0
2026-01-01,02P,"NHS BARNSLEY",59558,72931.86,0,0
2026-01-01,06N,"NHS HERTS VALLEYS",60512,141336.81,0,0
2026-01-01,12F,"NHS WIRRAL",61566,106029.4,0,0
2026-01-01,04V,"NHS WEST LEICESTERSHIRE",62295,131068.89,0,0
2026-01-01,06Q,"NHS MID ESSEX",62473,121525.43,0,0
2026-01-01,03R,"NHS WAKEFIELD",64715,128708.08,0,0
2026-01-01,M2L0M,"NHS SHROPSHIRE, TELFORD AND WREKIN",66141,167298.72,0,0
2026-01-01,X2C4Y,"NHS KIRKLEES",66642,136772.71,0,0
2026-01-01,06T,"NHS NORTH EAST ESSEX",67606,132590.72,0,0
2026-01-01,06L,"NHS IPSWICH AND EAST SUFFOLK",68224,169734.25,0,0
2026-01-01,00L,"NHS NORTHUMBERLAND",70245,104607.81,0,0
2026-01-01,11X,"NHS SOMERSET",74769,158350.68,0,0
2026-01-01,06K,"NHS EAST AND NORTH HERTFORDSHIRE",75260,167397.74,0,0
2026-01-01,00P,"NHS SUNDERLAND",78430,94676.55,0,0
2026-01-01,97R,"NHS EAST SUSSEX",79733,190677.77,0,0
2026-01-01,42D,"NHS NORTH YORKSHIRE",80785,148843.36,0,0
2026-01-01,10Q,"NHS OXFORDSHIRE",85457,185120.59,0,0
2026-01-01,36J,"NHS BRADFORD DISTRICT AND CRAVEN",89557,169449.48,0,0
2026-01-01,99A,"NHS LIVERPOOL",95173,193991.16,0,0
2026-01-01,11N,"NHS CORNWALL AND THE ISLES OF SCILLY",96950,227367.36,0,0
2026-01-01,14L,"NHS MANCHESTER",97274,184085.83,0,0
2026-01-01,11M,"NHS GLOUCESTERSHIRE",101836,187392.61,0,0
2026-01-01,03N,"NHS SHEFFIELD",102765,146718.88,0,0
2026-01-01,M1J4Y,"NHS BEDFORDSHIRE, LUTON AND MILTON KEYNES",107181,237485.4,0,0
2026-01-01,18C,"NHS HEREFORDSHIRE AND WORCESTERSHIRE",108684,234424.33,0,0
2026-01-01,11J,"NHS DORSET",110106,241065.67,0,0
2026-01-01,70F,"NHS WEST SUSSEX",111498,281668.99,0,0
2026-01-01,13T,"NHS NEWCASTLE GATESHEAD",111624,157438.65,0,0
2026-01-01,15C,"NHS BRISTOL, NORTH SOMERSET AND SOUTH GLOUCESTERSHIRE",111896,238127.46,0,0
2026-01-01,92A,"NHS SURREY HEARTLANDS",112853,333622.47,0,0
2026-01-01,15F,"NHS LEEDS",115438,237351.62,0,0
2026-01-01,78H,"NHS NORTHAMPTONSHIRE",120707,218392.45,0,0
2026-01-01,27D,"NHS CHESHIRE",121700,223050.9,0,0
2026-01-01,92G,"NHS BATH AND NORTH EAST SOMERSET, SWINDON AND WILTSHIRE",131564,245021.29,0,0
2026-01-01,B2M3M,"NHS COVENTRY AND WARWICKSHIRE",137267,310103.97,0,0
2026-01-01,36L,"NHS SOUTH WEST LONDON",138374,268598.94,0,0
2026-01-01,84H,"NHS COUNTY DURHAM",140235,214228.87,0,0
2026-01-01,06H,"NHS CAMBRIDGESHIRE AND PETERBOROUGH",140519,264480.91,0,0
2026-01-01,93C,"NHS NORTH CENTRAL LONDON",149175,332523.12,0,0
2026-01-01,16C,"NHS TEES VALLEY",154622,253939.27,0,0
2026-01-01,72Q,"NHS SOUTH EAST LONDON",154851,342890.44,0,0
2026-01-01,15E,"NHS BIRMINGHAM AND SOLIHULL",154966,363475.74,0,0
2026-01-01,52R,"NHS NOTTINGHAM AND NOTTINGHAMSHIRE",157381,317151.48,0,0
2026-01-01,71E,"NHS LINCOLNSHIRE",157662,308632.82,0,0
2026-01-01,15M,"NHS DERBY AND DERBYSHIRE",159814,303635.03,0,0
2026-01-01,D2P2L,"NHS BLACK COUNTRY",161758,347935.92,0,0
2026-01-01,W2U3Z,"NHS NORTH WEST LONDON",184012,378556.07,0,0
2026-01-01,15N,"NHS DEVON",184644,422159.03,0,0
2026-01-01,A3A8R,"NHS NORTH EAST LONDON",194206,373849.77,0,0
2026-01-01,26A,"NHS NORFOLK AND WAVENEY",198008,430791.67,0,0
2026-01-01,91Q,"NHS KENT AND MEDWAY",240800,499476.08,0,0
2026-01-01,D9Y0V,"NHS HAMPSHIRE, SOUTHAMPTON AND ISLE OF WIGHT",240978,708608.64,0,0
2026-02-01,09W,"NHS MEDWAY",0,0,0,0
2026-02-01,D4U1Y,"NHS FRIMLEY",231,454.9,0,0
2026-02-01,02G,"NHS WEST LANCASHIRE",15409,36116.73,0,0
2026-02-01,05D,"NHS EAST STAFFORDSHIRE",17274,39830.38,0,0
2026-02-01,01V,"NHS SOUTHPORT AND FORMBY",18543,45988.9,0,0
2026-02-01,04Y,"NHS CANNOCK CHASE",19092,45776.19,0,0
2026-02-01,05V,"NHS STAFFORD AND SURROUNDS",19115,45802.86,0,0
2026-02-01,07G,"NHS THURROCK",19491,43467.97,0,0
2026-02-01,99F,"NHS CASTLE POINT AND ROCHFORD",20924,64483.67,0,0
2026-02-01,01F,"NHS HALTON",21909,58382.79,0,0
2026-02-01,02Q,"NHS BASSETLAW",21978,44701.72,0,0
2026-02-01,00Q,"NHS BLACKBURN WITH DARWEN",23210,42655.53,0,0
2026-02-01,99G,"NHS SOUTHEND",24631,65095.76,0,0
2026-02-01,00X,"NHS CHORLEY AND SOUTH RIBBLE",25860,59864.22,0,0
2026-02-01,00V,"NHS BURY",26106,61202.34,0,0
2026-02-01,03H,"NHS NORTH EAST LINCOLNSHIRE",26237,48997.14,0,0
2026-02-01,05Q,"NHS SOUTH EAST STAFFORDSHIRE AND SEISDON PENINSULA",26733,64293.08,0,0
2026-02-01,01T,"NHS SOUTH SEFTON",26910,58630.22,0,0
2026-02-01,03Q,"NHS VALE OF YORK",27604,65376.49,0,0
2026-02-01,02E,"NHS WARRINGTON",27749,75690.04,0,0
2026-02-01,10R,"NHS PORTSMOUTH",28141,75659.5,0,0
2026-02-01,99E,"NHS BASILDON AND BRENTWOOD",28516,80746.12,0,0
2026-02-01,01E,"NHS GREATER PRESTON",29021,61586.92,0,0
2026-02-01,01J,"NHS KNOWSLEY",30816,66818.32,0,0
2026-02-01,02M,"NHS FYLDE AND WYRE",30885,59150.97,0,0
2026-02-01,02A,"NHS TRAFFORD",31976,76900.64,0,0
2026-02-01,03K,"NHS NORTH LINCOLNSHIRE",32366,60067.81,0,0
2026-02-01,00Y,"NHS OLDHAM",33208,64424.94,0,0
2026-02-01,02T,"NHS CALDERDALE",33217,71202.96,0,0
2026-02-01,01D,"NHS HEYWOOD, MIDDLETON AND ROCHDALE",33329,71639.47,0,0
2026-02-01,05G,"NHS NORTH STAFFORDSHIRE",33674,81877.88,0,0
2026-02-01,00N,"NHS SOUTH TYNESIDE",34866,60406,0,0
2026-02-01,01Y,"NHS TAMESIDE AND GLOSSOP",35237,63940.23,0,0
2026-02-01,00R,"NHS BLACKPOOL",35503,60232.65,0,0
2026-02-01,U2G6B,"NHS THAMES VALLEY ICB - U2G6B",36129,103733.91,0,0
2026-02-01,01X,"NHS ST HELENS",36166,86028.04,0,0
2026-02-01,09D,"NHS BRIGHTON AND HOVE",37488,105915.6,0,0
2026-02-01,07H,"NHS WEST ESSEX",38358,96149.32,0,0
2026-02-01,04C,"NHS LEICESTER CITY",41247,85755.02,0,0
2026-02-01,03W,"NHS EAST LEICESTERSHIRE AND RUTLAND",41402,118972.78,0,0
2026-02-01,00T,"NHS BOLTON",42157,89878.24,0,0
2026-02-01,05W,"NHS STOKE ON TRENT",42846,94897.69,0,0
2026-02-01,99C,"NHS NORTH TYNESIDE",43228,85197.83,0,0
2026-02-01,03L,"NHS ROTHERHAM",45036,93933.93,0,0
2026-02-01,07K,"NHS WEST SUFFOLK",45890,109081.93,0,0
2026-02-01,14Y,"NHS BUCKINGHAMSHIRE",46013,133719.28,0,0
2026-02-01,01W,"NHS STOCKPORT",47078,103975.66,0,0
2026-02-01,02Y,"NHS EAST RIDING OF YORKSHIRE",47624,98479.91,0,0
2026-02-01,01K,"NHS MORECAMBE BAY",48480,105431.32,0,0
2026-02-01,03F,"NHS HULL",48555,85277.29,0,0
2026-02-01,01G,"NHS SALFORD",48988,93270.19,0,0
2026-02-01,15A,"NHS BERKSHIRE WEST",51244,160060.54,0,0
2026-02-01,01H,"NHS NORTH CUMBRIA",51845,106926.03,0,0
2026-02-01,02X,"NHS DONCASTER",53604,92226.79,0,0
2026-02-01,02H,"NHS WIGAN BOROUGH",53750,129874.47,0,0
2026-02-01,02P,"NHS BARNSLEY",54507,87563.46,0,0
2026-02-01,01A,"NHS EAST LANCASHIRE",54738,102789.54,0,0
2026-02-01,04V,"NHS WEST LEICESTERSHIRE",56600,137440.8,0,0
2026-02-01,12F,"NHS WIRRAL",57730,123001,0,0
2026-02-01,06N,"NHS HERTS VALLEYS",57880,152847.92,0,0
2026-02-01,06Q,"NHS MID ESSEX",58555,128981.97,0,0
2026-02-01,06T,"NHS NORTH EAST ESSEX",61055,137088.9,0,0
2026-02-01,03R,"NHS WAKEFIELD",61066,146986.56,0,0
2026-02-01,M2L0M,"NHS SHROPSHIRE, TELFORD AND WREKIN",61333,182109.81,0,0
2026-02-01,X2C4Y,"NHS KIRKLEES",61607,136217.74,0,0
2026-02-01,06L,"NHS IPSWICH AND EAST SUFFOLK",63079,170911.62,0,0
2026-02-01,00L,"NHS NORTHUMBERLAND",66235,124389.93,0,0
2026-02-01,06K,"NHS EAST AND NORTH HERTFORDSHIRE",69376,173852.25,0,0
2026-02-01,11X,"NHS SOMERSET",69744,174058.04,0,0
2026-02-01,00P,"NHS SUNDERLAND",72439,112340.66,0,0
2026-02-01,97R,"NHS EAST SUSSEX",73926,194248.88,0,0
2026-02-01,42D,"NHS NORTH YORKSHIRE",74027,159375.75,0,0
2026-02-01,10Q,"NHS OXFORDSHIRE",78820,202877.26,0,0
2026-02-01,36J,"NHS BRADFORD DISTRICT AND CRAVEN",83141,171384.89,0,0
2026-02-01,99A,"NHS LIVERPOOL",88458,210814.34,0,0
2026-02-01,11N,"NHS CORNWALL AND THE ISLES OF SCILLY",90623,227943.72,0,0
2026-02-01,14L,"NHS MANCHESTER",90876,193948.49,0,0
2026-02-01,11M,"NHS GLOUCESTERSHIRE",93564,197654.47,0,0
2026-02-01,03N,"NHS SHEFFIELD",94368,166215.11,0,0
2026-02-01,M1J4Y,"NHS BEDFORDSHIRE, LUTON AND MILTON KEYNES",98694,242969.54,0,0
2026-02-01,18C,"NHS HEREFORDSHIRE AND WORCESTERSHIRE",100010,254072.91,0,0
2026-02-01,11J,"NHS DORSET",101056,257571.33,0,0
2026-02-01,15C,"NHS BRISTOL, NORTH SOMERSET AND SOUTH GLOUCESTERSHIRE",102214,241059.86,0,0
2026-02-01,13T,"NHS NEWCASTLE GATESHEAD",102495,179688.77,0,0
2026-02-01,92A,"NHS SURREY HEARTLANDS",102853,313090.88,0,0
2026-02-01,70F,"NHS WEST SUSSEX",104784,299932.52,0,0
2026-02-01,15F,"NHS LEEDS",104862,248829.81,0,0
2026-02-01,78H,"NHS NORTHAMPTONSHIRE",110201,239207.23,0,0
2026-02-01,27D,"NHS CHESHIRE",110648,229651.25,0,0
2026-02-01,92G,"NHS BATH AND NORTH EAST SOMERSET, SWINDON AND WILTSHIRE",120388,265014.36,0,0
2026-02-01,B2M3M,"NHS COVENTRY AND WARWICKSHIRE",128236,328406.07,0,0
2026-02-01,06H,"NHS CAMBRIDGESHIRE AND PETERBOROUGH",128737,274210,0,0
2026-02-01,84H,"NHS COUNTY DURHAM",129004,240466.13,0,0
2026-02-01,36L,"NHS SOUTH WEST LONDON",129587,286840.25,0,0
2026-02-01,93C,"NHS NORTH CENTRAL LONDON",138661,340119.08,0,0
2026-02-01,16C,"NHS TEES VALLEY",139780,278498.72,0,0
2026-02-01,72Q,"NHS SOUTH EAST LONDON",142108,354445.57,0,0
2026-02-01,52R,"NHS NOTTINGHAM AND NOTTINGHAMSHIRE",143040,319347.64,0,0
2026-02-01,15E,"NHS BIRMINGHAM AND SOLIHULL",144063,379421.87,0,0
2026-02-01,71E,"NHS LINCOLNSHIRE",144480,321069.38,0,0
2026-02-01,15M,"NHS DERBY AND DERBYSHIRE",145610,333073.49,0,0
2026-02-01,D2P2L,"NHS BLACK COUNTRY",149445,361013,0,0
2026-02-01,15N,"NHS DEVON",167279,447063.83,0,0
2026-02-01,W2U3Z,"NHS NORTH WEST LONDON",169620,393055.36,0,0
2026-02-01,A3A8R,"NHS NORTH EAST LONDON",180843,374780.48,0,0
2026-02-01,26A,"NHS NORFOLK AND WAVENEY",182886,446460.6,0,0
2026-02-01,91Q,"NHS KENT AND MEDWAY",222231,523766.6,0,0
2026-02-01,D9Y0V,"NHS HAMPSHIRE, SOUTHAMPTON AND ISLE OF WIGHT",222716,704719.92,0,0
2026-03-01,09W,"NHS MEDWAY",0,0,0,0
2026-03-01,D4U1Y,"NHS FRIMLEY",225,299.94,0,0
2026-03-01,02G,"NHS WEST LANCASHIRE",17293,42722.87,0,0
2026-03-01,05D,"NHS EAST STAFFORDSHIRE",19074,44550,0,0
2026-03-01,01V,"NHS SOUTHPORT AND FORMBY",19477,44885.11,0,0
2026-03-01,07G,"NHS THURROCK",20897,45856.92,0,0
2026-03-01,05V,"NHS STAFFORD AND SURROUNDS",21020,51351.1,0,0
2026-03-01,04Y,"NHS CANNOCK CHASE",22111,49399.34,0,0
2026-03-01,99F,"NHS CASTLE POINT AND ROCHFORD",23335,67791.18,0,0
2026-03-01,01F,"NHS HALTON",24226,59252.27,0,0
2026-03-01,02Q,"NHS BASSETLAW",24543,47130.13,0,0
2026-03-01,00Q,"NHS BLACKBURN WITH DARWEN",26243,44919.91,0,0
2026-03-01,99G,"NHS SOUTHEND",26768,67490.18,0,0
2026-03-01,00X,"NHS CHORLEY AND SOUTH RIBBLE",28387,65460.58,0,0
2026-03-01,00V,"NHS BURY",28562,65552.2,0,0
2026-03-01,05Q,"NHS SOUTH EAST STAFFORDSHIRE AND SEISDON PENINSULA",29321,64431.06,0,0
2026-03-01,03H,"NHS NORTH EAST LINCOLNSHIRE",29375,52850.84,0,0
2026-03-01,01T,"NHS SOUTH SEFTON",29705,61322.34,0,0
2026-03-01,02E,"NHS WARRINGTON",30775,80866.81,0,0
2026-03-01,03Q,"NHS VALE OF YORK",31057,69221.4,0,0
2026-03-01,99E,"NHS BASILDON AND BRENTWOOD",31578,85561.06,0,0
2026-03-01,10R,"NHS PORTSMOUTH",31660,77926.8,0,0
2026-03-01,01E,"NHS GREATER PRESTON",32055,63874.32,0,0
2026-03-01,01J,"NHS KNOWSLEY",32400,64986.85,0,0
2026-03-01,02M,"NHS FYLDE AND WYRE",34467,61445.3,0,0
2026-03-01,02A,"NHS TRAFFORD",35050,84002.72,0,0
2026-03-01,03K,"NHS NORTH LINCOLNSHIRE",35674,59627.36,0,0
2026-03-01,01D,"NHS HEYWOOD, MIDDLETON AND ROCHDALE",36352,71914,0,0
2026-03-01,02T,"NHS CALDERDALE",36637,78063.31,0,0
2026-03-01,05G,"NHS NORTH STAFFORDSHIRE",36771,82923.87,0,0
2026-03-01,00Y,"NHS OLDHAM",37026,71804.81,0,0
2026-03-01,00N,"NHS SOUTH TYNESIDE",37900,63530.18,0,0
2026-03-01,01Y,"NHS TAMESIDE AND GLOSSOP",39049,65858.82,0,0
2026-03-01,00R,"NHS BLACKPOOL",39462,66011.3,0,0
2026-03-01,U2G6B,"NHS THAMES VALLEY ICB - U2G6B",40020,116976.52,0,0
2026-03-01,09D,"NHS BRIGHTON AND HOVE",40716,122238.37,0,0
2026-03-01,01X,"NHS ST HELENS",40926,89613.46,0,0
2026-03-01,07H,"NHS WEST ESSEX",41089,95729.9,0,0
2026-03-01,04C,"NHS LEICESTER CITY",44884,100436.4,0,0
2026-03-01,03W,"NHS EAST LEICESTERSHIRE AND RUTLAND",45518,124501.05,0,0
2026-03-01,05W,"NHS STOKE ON TRENT",46078,95522.22,0,0
2026-03-01,00T,"NHS BOLTON",46105,96026.98,0,0
2026-03-01,99C,"NHS NORTH TYNESIDE",47905,89110.44,0,0
2026-03-01,07K,"NHS WEST SUFFOLK",49702,117474.85,0,0
2026-03-01,03L,"NHS ROTHERHAM",49829,93703.78,0,0
2026-03-01,14Y,"NHS BUCKINGHAMSHIRE",50147,136949.31,0,0
2026-03-01,01W,"NHS STOCKPORT",51773,108902.1,0,0
2026-03-01,02Y,"NHS EAST RIDING OF YORKSHIRE",51978,105256.96,0,0
2026-03-01,01K,"NHS MORECAMBE BAY",53016,112563.59,0,0
2026-03-01,03F,"NHS HULL",53646,89503.15,0,0
2026-03-01,01G,"NHS SALFORD",54220,99460.65,0,0
2026-03-01,15A,"NHS BERKSHIRE WEST",55852,162956.59,0,0
2026-03-01,01H,"NHS NORTH CUMBRIA",56995,111125.62,0,0
2026-03-01,02H,"NHS WIGAN BOROUGH",59400,138107.65,0,0
2026-03-01,02X,"NHS DONCASTER",59434,95802.84,0,0
2026-03-01,01A,"NHS EAST LANCASHIRE",60039,106615.7,0,0
2026-03-01,02P,"NHS BARNSLEY",60208,90278.01,0,0
2026-03-01,06N,"NHS HERTS VALLEYS",62409,167972.19,0,0
2026-03-01,06Q,"NHS MID ESSEX",62717,136029.12,0,0
2026-03-01,04V,"NHS WEST LEICESTERSHIRE",63158,147348.61,0,0
2026-03-01,12F,"NHS WIRRAL",65620,129719.6,0,0
2026-03-01,M2L0M,"NHS SHROPSHIRE, TELFORD AND WREKIN",66021,177617.56,0,0
2026-03-01,X2C4Y,"NHS KIRKLEES",66399,146039.67,0,0
2026-03-01,03R,"NHS WAKEFIELD",66900,153765.92,0,0
2026-03-01,06T,"NHS NORTH EAST ESSEX",68135,141531.29,0,0
2026-03-01,06L,"NHS IPSWICH AND EAST SUFFOLK",68458,180054.29,0,0
2026-03-01,00L,"NHS NORTHUMBERLAND",70859,125487.48,0,0
2026-03-01,06K,"NHS EAST AND NORTH HERTFORDSHIRE",75271,175202.46,0,0
2026-03-01,11X,"NHS SOMERSET",75997,183626.56,0,0
2026-03-01,00P,"NHS SUNDERLAND",80079,119802.8,0,0
2026-03-01,42D,"NHS NORTH YORKSHIRE",81121,163023.01,0,0
2026-03-01,97R,"NHS EAST SUSSEX",81451,221309.03,0,0
2026-03-01,10Q,"NHS OXFORDSHIRE",86311,213155.9,0,0
2026-03-01,36J,"NHS BRADFORD DISTRICT AND CRAVEN",92429,183738.66,0,0
2026-03-01,99A,"NHS LIVERPOOL",96863,221612.84,0,0
2026-03-01,11N,"NHS CORNWALL AND THE ISLES OF SCILLY",97573,249343.07,0,0
2026-03-01,14L,"NHS MANCHESTER",100073,202456.48,0,0
2026-03-01,11M,"NHS GLOUCESTERSHIRE",101526,231951.85,0,0
2026-03-01,03N,"NHS SHEFFIELD",104390,167625.99,0,0
2026-03-01,M1J4Y,"NHS BEDFORDSHIRE, LUTON AND MILTON KEYNES",107822,259998.6,0,0
2026-03-01,18C,"NHS HEREFORDSHIRE AND WORCESTERSHIRE",108831,258897.46,0,0
2026-03-01,11J,"NHS DORSET",111457,270277.26,0,0
2026-03-01,13T,"NHS NEWCASTLE GATESHEAD",111499,184566.53,0,0
2026-03-01,92A,"NHS SURREY HEARTLANDS",111965,350079.86,0,0
2026-03-01,15C,"NHS BRISTOL, NORTH SOMERSET AND SOUTH GLOUCESTERSHIRE",112444,263295.45,0,0
2026-03-01,70F,"NHS WEST SUSSEX",112809,314228.85,0,0
2026-03-01,15F,"NHS LEEDS",115555,258464.73,0,0
2026-03-01,78H,"NHS NORTHAMPTONSHIRE",120693,241239.82,0,0
2026-03-01,27D,"NHS CHESHIRE",120861,239877,0,0
2026-03-01,92G,"NHS BATH AND NORTH EAST SOMERSET, SWINDON AND WILTSHIRE",133657,276004.36,0,0
2026-03-01,B2M3M,"NHS COVENTRY AND WARWICKSHIRE",139491,353719.48,0,0
2026-03-01,36L,"NHS SOUTH WEST LONDON",140273,311416.82,0,0
2026-03-01,06H,"NHS CAMBRIDGESHIRE AND PETERBOROUGH",141414,287172.71,0,0
2026-03-01,84H,"NHS COUNTY DURHAM",144162,250539.38,0,0
2026-03-01,93C,"NHS NORTH CENTRAL LONDON",151095,373866.07,0,0
2026-03-01,72Q,"NHS SOUTH EAST LONDON",152562,369172.32,0,0
2026-03-01,16C,"NHS TEES VALLEY",155359,292479.45,0,0
2026-03-01,71E,"NHS LINCOLNSHIRE",156573,322253.91,0,0
2026-03-01,15E,"NHS BIRMINGHAM AND SOLIHULL",156660,400374.41,0,0
2026-03-01,52R,"NHS NOTTINGHAM AND NOTTINGHAMSHIRE",157494,339354.76,0,0
2026-03-01,15M,"NHS DERBY AND DERBYSHIRE",161164,353737.55,0,0
2026-03-01,D2P2L,"NHS BLACK COUNTRY",163925,386767.18,0,0
2026-03-01,15N,"NHS DEVON",184501,458382.97,0,0
2026-03-01,W2U3Z,"NHS NORTH WEST LONDON",185799,428552.75,0,0
2026-03-01,A3A8R,"NHS NORTH EAST LONDON",193547,392275.79,0,0
2026-03-01,26A,"NHS NORFOLK AND WAVENEY",200403,467872.54,0,0
2026-03-01,D9Y0V,"NHS HAMPSHIRE, SOUTHAMPTON AND ISLE OF WIGHT",243121,742131.17,0,0
2026-03-01,91Q,"NHS KENT AND MEDWAY",245721,564427.06,0,0