date,id,name,y_items,y_actual_cost,x_items,x_actual_cost
2021-04-01,09W,"NHS MEDWAY",0,0,0,0
2021-04-01,D4U1Y,"NHS FRIMLEY",438,1025.13,0,0
2021-04-01,07G,"NHS THURROCK",623,2130.7,0,0
2021-04-01,02Q,"NHS BASSETLAW",976,3722.77,0,0
2021-04-01,02G,"NHS WEST LANCASHIRE",1019,5455.9,0,0
2021-04-01,99F,"NHS CASTLE POINT AND ROCHFORD",1060,4619.61,0,0
2021-04-01,00V,"NHS BURY",1101,5351.37,0,0
2021-04-01,03H,"NHS NORTH EAST LINCOLNSHIRE",1133,6647.91,0,0
2021-04-01,05D,"NHS EAST STAFFORDSHIRE",1166,4937.05,0,0
2021-04-01,00N,"NHS SOUTH TYNESIDE",1168,5050.92,0,0
2021-04-01,01E,"NHS GREATER PRESTON",1275,7643.01,0,0
2021-04-01,00R,"NHS BLACKPOOL",1278,5030.85,0,0
2021-04-01,03Q,"NHS VALE OF YORK",1303,5285.69,0,0
2021-04-01,04Y,"NHS CANNOCK CHASE",1319,7178.62,0,0
2021-04-01,00X,"NHS CHORLEY AND SOUTH RIBBLE",1351,9888.5,0,0
2021-04-01,03K,"NHS NORTH LINCOLNSHIRE",1357,7141.34,0,0
2021-04-01,01D,"NHS HEYWOOD, MIDDLETON AND ROCHDALE",1403,7150.61,0,0
2021-04-01,99G,"NHS SOUTHEND",1516,4216.81,0,0
2021-04-01,02T,"NHS CALDERDALE",1538,4673.94,0,0
2021-04-01,02M,"NHS FYLDE AND WYRE",1548,6729.25,0,0
2021-04-01,99E,"NHS BASILDON AND BRENTWOOD",1596,5045.95,0,0
2021-04-01,05V,"NHS STAFFORD AND SURROUNDS",1684,6027.17,0,0
2021-04-01,01V,"NHS SOUTHPORT AND FORMBY",1719,6292.8,0,0
2021-04-01,01G,"NHS SALFORD",1803,6998.32,0,0
2021-04-01,00T,"NHS BOLTON",1809,10254.45,0,0
2021-04-01,10R,"NHS PORTSMOUTH",1851,5866.09,0,0
2021-04-01,05Q,"NHS SOUTH EAST STAFFORDSHIRE AND SEISDON PENINSULA",1903,8519.19,0,0
2021-04-01,07H,"NHS WEST ESSEX",1939,5715.06,0,0
2021-04-01,00Y,"NHS OLDHAM",1949,8931.98,0,0
2021-04-01,02A,"NHS TRAFFORD",1968,9130.53,0,0
2021-04-01,99C,"NHS NORTH TYNESIDE",1970,7289.49,0,0
2021-04-01,01H,"NHS NORTH CUMBRIA",2063,6741.98,0,0
2021-04-01,03L,"NHS ROTHERHAM",2065,9793.08,0,0
2021-04-01,01F,"NHS HALTON",2095,12518.96,0,0
2021-04-01,02X,"NHS DONCASTER",2107,9594.28,0,0
2021-04-01,07K,"NHS WEST SUFFOLK",2109,6294,0,0
2021-04-01,02Y,"NHS EAST RIDING OF YORKSHIRE",2131,8534.56,0,0
2021-04-01,00Q,"NHS BLACKBURN WITH DARWEN",2179,7877.13,0,0
2021-04-01,01J,"NHS KNOWSLEY",2210,10450.82,0,0
2021-04-01,03F,"NHS HULL",2210,9025.71,0,0
2021-04-01,02E,"NHS WARRINGTON",2253,12239.75,0,0
2021-04-01,U2G6B,"NHS THAMES VALLEY ICB - U2G6B",2271,9756.81,0,0
2021-04-01,05G,"NHS NORTH STAFFORDSHIRE",2318,9180.26,0,0
2021-04-01,00P,"NHS SUNDERLAND",2351,6939.52,0,0
2021-04-01,01T,"NHS SOUTH SEFTON",2375,12176.18,0,0
2021-04-01,00L,"NHS NORTHUMBERLAND",2518,10093.24,0,0
2021-04-01,01A,"NHS EAST LANCASHIRE",2596,18984.1,0,0
2021-04-01,15A,"NHS BERKSHIRE WEST",2700,8752.56,0,0
2021-04-01,05W,"NHS STOKE ON TRENT",2789,8845.01,0,0
2021-04-01,01Y,"NHS TAMESIDE AND GLOSSOP",2797,8482.97,0,0
2021-04-01,03W,"NHS EAST LEICESTERSHIRE AND RUTLAND",2935,13405.86,0,0
2021-04-01,01K,"NHS MORECAMBE BAY",2998,10539.21,0,0
2021-04-01,14Y,"NHS BUCKINGHAMSHIRE",3048,10749.57,0,0
2021-04-01,02P,"NHS BARNSLEY",3055,13050.06,0,0
2021-04-01,03R,"NHS WAKEFIELD",3270,16073.78,0,0
2021-04-01,02H,"NHS WIGAN BOROUGH",3271,18172.16,0,0
2021-04-01,01W,"NHS STOCKPORT",3312,10142.7,0,0
2021-04-01,04C,"NHS LEICESTER CITY",3390,13529.09,0,0
2021-04-01,X2C4Y,"NHS KIRKLEES",3616,12869.95,0,0
2021-04-01,06L,"NHS IPSWICH AND EAST SUFFOLK",3648,12073.82,0,0
2021-04-01,06Q,"NHS MID ESSEX",3801,13008.97,0,0
2021-04-01,10Q,"NHS OXFORDSHIRE",3896,17598.9,0,0
2021-04-01,06N,"NHS HERTS VALLEYS",4009,12124.64,0,0
2021-04-01,42D,"NHS NORTH YORKSHIRE",4114,13331.92,0,0
2021-04-01,04V,"NHS WEST LEICESTERSHIRE",4305,14370.61,0,0
2021-04-01,01X,"NHS ST HELENS",4372,19065.02,0,0
2021-04-01,06K,"NHS EAST AND NORTH HERTFORDSHIRE",4390,12969.06,0,0
2021-04-01,15F,"NHS LEEDS",4402,17001.05,0,0
2021-04-01,M2L0M,"NHS SHROPSHIRE, TELFORD AND WREKIN",4532,18076.08,0,0
2021-04-01,36J,"NHS BRADFORD DISTRICT AND CRAVEN",4599,17909.41,0,0
2021-04-01,12F,"NHS WIRRAL",4626,16646.44,0,0
2021-04-01,09D,"NHS BRIGHTON AND HOVE",4637,8745.16,0,0
2021-04-01,84H,"NHS COUNTY DURHAM",4680,16835.59,0,0
2021-04-01,13T,"NHS NEWCASTLE GATESHEAD",4806,20225.48,0,0
2021-04-01,06T,"NHS NORTH EAST ESSEX",5371,17294.3,0,0
2021-04-01,16C,"NHS TEES VALLEY",5738,22674.08,0,0
2021-04-01,03N,"NHS SHEFFIELD",5748,21155.95,0,0
2021-04-01,14L,"NHS MANCHESTER",5956,17974.49,0,0
2021-04-01,27D,"NHS CHESHIRE",6373,26665.79,0,0
2021-04-01,11X,"NHS SOMERSET",6516,19636.48,0,0
2021-04-01,70F,"NHS WEST SUSSEX",6553,24005.54,0,0
2021-04-01,52R,"NHS NOTTINGHAM AND NOTTINGHAMSHIRE",6668,30556.93,0,0
2021-04-01,M1J4Y,"NHS BEDFORDSHIRE, LUTON AND MILTON KEYNES",6901,21545.72,0,0
2021-04-01,72Q,"NHS SOUTH EAST LONDON",7137,18192.82,0,0
2021-04-01,97R,"NHS EAST SUSSEX",7166,24305.12,0,0
2021-04-01,78H,"NHS NORTHAMPTONSHIRE",7182,20200.17,0,0
2021-04-01,11N,"NHS CORNWALL AND THE ISLES OF SCILLY",7459,18129.55,0,0
2021-04-01,11J,"NHS DORSET",7891,22059.82,0,0
2021-04-01,06H,"NHS CAMBRIDGESHIRE AND PETERBOROUGH",7918,25051.89,0,0
2021-04-01,99A,"NHS LIVERPOOL",7995,31024.51,0,0
2021-04-01,11M,"NHS GLOUCESTERSHIRE",8171,19901.43,0,0
2021-04-01,B2M3M,"NHS COVENTRY AND WARWICKSHIRE",8205,31541.87,0,0
2021-04-01,A3A8R,"NHS NORTH EAST LONDON",8577,30915.27,0,0
2021-04-01,18C,"NHS HEREFORDSHIRE AND WORCESTERSHIRE",8649,28667.83,0,0
2021-04-01,92A,"NHS SURREY HEARTLANDS",9180,32421.41,0,0
2021-04-01,36L,"NHS SOUTH WEST LONDON",9202,20790.9,0,0
2021-04-01,93C,"NHS NORTH CENTRAL LONDON",9307,24948.1,0,0
2021-04-01,92G,"NHS BATH AND NORTH EAST SOMERSET, SWINDON AND WILTSHIRE",9370,23230.74,0,0
2021-04-01,71E,"NHS LINCOLNSHIRE",9904,36310.02,0,0
2021-04-01,15C,"NHS BRISTOL, NORTH SOMERSET AND SOUTH GLOUCESTERSHIRE",10261,27533.26,0,0
2021-04-01,15E,"NHS BIRMINGHAM AND SOLIHULL",10288,39993.09,0,0
2021-04-01,D2P2L,"NHS BLACK COUNTRY",10660,49914.56,0,0
2021-04-01,15M,"NHS DERBY AND DERBYSHIRE",12065,39248.25,0,0
2021-04-01,W2U3Z,"NHS NORTH WEST LONDON",12248,28226.6,0,0
2021-04-01,D9Y0V,"NHS HAMPSHIRE, SOUTHAMPTON AND ISLE OF WIGHT",12764,46312.57,0,0
2021-04-01,91Q,"NHS KENT AND MEDWAY",14622,51486.65,0,0
2021-04-01,15N,"NHS DEVON",15235,43361.18,0,0
2021-04-01,26A,"NHS NORFOLK AND WAVENEY",15245,38691.29,0,0
2021-05-01,09W,"NHS MEDWAY",0,0,0,0
2021-05-01,D4U1Y,"NHS FRIMLEY",401,996.54,0,0
2021-05-01,07G,"NHS THURROCK",564,1846.57,0,0
2021-05-01,02G,"NHS WEST LANCASHIRE",937,6092.58,0,0
2021-05-01,02Q,"NHS BASSETLAW",971,3342.99,0,0
2021-05-01,99F,"NHS CASTLE POINT AND ROCHFORD",982,5422.67,0,0
2021-05-01,00V,"NHS BURY",1017,5661.15,0,0
2021-05-01,03H,"NHS NORTH EAST LINCOLNSHIRE",1069,5161.32,0,0
2021-05-01,05D,"NHS EAST STAFFORDSHIRE",1076,4354.77,0,0
2021-05-01,00N,"NHS SOUTH TYNESIDE",1103,4653.63,0,0
2021-05-01,01E,"NHS GREATER PRESTON",1140,7263.41,0,0
2021-05-01,04Y,"NHS CANNOCK CHASE",1217,6001.01,0,0
2021-05-01,00R,"NHS BLACKPOOL",1254,5506.36,0,0
2021-05-01,03Q,"NHS VALE OF YORK",1267,6937.39,0,0
2021-05-01,00X,"NHS CHORLEY AND SOUTH RIBBLE",1332,8837.54,0,0
2021-05-01,01D,"NHS HEYWOOD, MIDDLETON AND ROCHDALE",1334,6751.68,0,0
2021-05-01,99G,"NHS SOUTHEND",1363,3827.27,0,0
2021-05-01,03K,"NHS NORTH LINCOLNSHIRE",1370,6392.45,0,0
2021-05-01,02T,"NHS CALDERDALE",1434,4436.95,0,0
2021-05-01,02M,"NHS FYLDE AND WYRE",1481,6457.66,0,0
2021-05-01,99E,"NHS BASILDON AND BRENTWOOD",1556,4843.96,0,0
2021-05-01,05V,"NHS STAFFORD AND SURROUNDS",1575,6118.92,0,0
2021-05-01,01V,"NHS SOUTHPORT AND FORMBY",1655,5918.43,0,0
2021-05-01,01G,"NHS SALFORD",1673,6281.02,0,0
2021-05-01,05Q,"NHS SOUTH EAST STAFFORDSHIRE AND SEISDON PENINSULA",1707,8744.82,0,0
2021-05-01,00T,"NHS BOLTON",1749,10909.47,0,0
2021-05-01,10R,"NHS PORTSMOUTH",1786,4953.28,0,0
2021-05-01,07H,"NHS WEST ESSEX",1800,4933.45,0,0
2021-05-01,99C,"NHS NORTH TYNESIDE",1823,5808.21,0,0
2021-05-01,00Y,"NHS OLDHAM",1833,9427.43,0,0
2021-05-01,01F,"NHS HALTON",1904,11256.62,0,0
2021-05-01,02A,"NHS TRAFFORD",1917,8292.48,0,0
2021-05-01,01H,"NHS NORTH CUMBRIA",1927,5876.59,0,0
2021-05-01,03L,"NHS ROTHERHAM",1981,10413.95,0,0
2021-05-01,02Y,"NHS EAST RIDING OF YORKSHIRE",1999,6847.8,0,0
2021-05-01,01J,"NHS KNOWSLEY",2011,9422.64,0,0
2021-05-01,02X,"NHS DONCASTER",2011,8706.44,0,0
2021-05-01,00Q,"NHS BLACKBURN WITH DARWEN",2042,7143.83,0,0
2021-05-01,07K,"NHS WEST SUFFOLK",2049,6049.69,0,0
2021-05-01,02E,"NHS WARRINGTON",2082,12821.93,0,0
2021-05-01,U2G6B,"NHS THAMES VALLEY ICB - U2G6B",2106,8568.96,0,0
2021-05-01,03F,"NHS HULL",2110,9252.07,0,0
2021-05-01,05G,"NHS NORTH STAFFORDSHIRE",2117,8168.51,0,0
2021-05-01,01T,"NHS SOUTH SEFTON",2192,9557.06,0,0
2021-05-01,00P,"NHS SUNDERLAND",2368,6448.31,0,0
2021-05-01,00L,"NHS NORTHUMBERLAND",2452,9249.33,0,0
2021-05-01,01A,"NHS EAST LANCASHIRE",2523,18156.96,0,0
2021-05-01,01Y,"NHS TAMESIDE AND GLOSSOP",2562,9290.13,0,0
2021-05-01,15A,"NHS BERKSHIRE WEST",2603,8111.29,0,0
2021-05-01,03W,"NHS EAST LEICESTERSHIRE AND RUTLAND",2622,14231.72,0,0
2021-05-01,02P,"NHS BARNSLEY",2862,11918.06,0,0
2021-05-01,14Y,"NHS BUCKINGHAMSHIRE",2904,9227.43,0,0
2021-05-01,01K,"NHS MORECAMBE BAY",2905,10515.31,0,0
2021-05-01,05W,"NHS STOKE ON TRENT",2925,9812.38,0,0
2021-05-01,02H,"NHS WIGAN BOROUGH",2966,17517.89,0,0
2021-05-01,04C,"NHS LEICESTER CITY",3089,12181.13,0,0
2021-05-01,03R,"NHS WAKEFIELD",3150,16961.16,0,0
2021-05-01,01W,"NHS STOCKPORT",3176,9390.49,0,0
2021-05-01,X2C4Y,"NHS KIRKLEES",3532,12101.73,0,0
2021-05-01,06Q,"NHS MID ESSEX",3553,12576.01,0,0
2021-05-01,06L,"NHS IPSWICH AND EAST SUFFOLK",3622,11014.99,0,0
2021-05-01,06N,"NHS HERTS VALLEYS",3750,12265.3,0,0
2021-05-01,42D,"NHS NORTH YORKSHIRE",3843,12773.63,0,0
2021-05-01,10Q,"NHS OXFORDSHIRE",3879,15044.16,0,0
2021-05-01,04V,"NHS WEST LEICESTERSHIRE",4090,14748.38,0,0
2021-05-01,01X,"NHS ST HELENS",4110,17507.06,0,0
2021-05-01,36J,"NHS BRADFORD DISTRICT AND CRAVEN",4136,19386.76,0,0
2021-05-01,15F,"NHS LEEDS",4154,16077.19,0,0
2021-05-01,06K,"NHS EAST AND NORTH HERTFORDSHIRE",4260,13575.29,0,0
2021-05-01,12F,"NHS WIRRAL",4343,16934.08,0,0
2021-05-01,M2L0M,"NHS SHROPSHIRE, TELFORD AND WREKIN",4395,19287.04,0,0
2021-05-01,09D,"NHS BRIGHTON AND HOVE",4439,8701.69,0,0
2021-05-01,13T,"NHS NEWCASTLE GATESHEAD",4527,16525.84,0,0
2021-05-01,84H,"NHS COUNTY DURHAM",4595,16343.55,0,0
2021-05-01,06T,"NHS NORTH EAST ESSEX",5062,17587.7,0,0
2021-05-01,03N,"NHS SHEFFIELD",5424,17839.99,0,0
2021-05-01,14L,"NHS MANCHESTER",5557,16867.34,0,0
2021-05-01,16C,"NHS TEES VALLEY",5601,23852.02,0,0
2021-05-01,11X,"NHS SOMERSET",5993,18521.48,0,0
2021-05-01,52R,"NHS NOTTINGHAM AND NOTTINGHAMSHIRE",6208,29364.83,0,0
2021-05-01,27D,"NHS CHESHIRE",6237,24124.74,0,0
2021-05-01,70F,"NHS WEST SUSSEX",6333,24113.12,0,0
2021-05-01,M1J4Y,"NHS BEDFORDSHIRE, LUTON AND MILTON KEYNES",6626,21347.43,0,0
2021-05-01,78H,"NHS NORTHAMPTONSHIRE",6647,18003.61,0,0
2021-05-01,72Q,"NHS SOUTH EAST LONDON",6883,17066.65,0,0
2021-05-01,97R,"NHS EAST SUSSEX",6883,23162.03,0,0
2021-05-01,11N,"NHS CORNWALL AND THE ISLES OF SCILLY",7253,17665.88,0,0
2021-05-01,06H,"NHS CAMBRIDGESHIRE AND PETERBOROUGH",7443,21488.72,0,0
2021-05-01,11J,"NHS DORSET",7494,21235.69,0,0
2021-05-01,99A,"NHS LIVERPOOL",7514,29189.78,0,0
2021-05-01,B2M3M,"NHS COVENTRY AND WARWICKSHIRE",7859,29448.47,0,0
2021-05-01,11M,"NHS GLOUCESTERSHIRE",7902,23477.74,0,0
2021-05-01,A3A8R,"NHS NORTH EAST LONDON",8030,23903.73,0,0
2021-05-01,18C,"NHS HEREFORDSHIRE AND WORCESTERSHIRE",8270,27091.49,0,0
2021-05-01,93C,"NHS NORTH CENTRAL LONDON",8758,23493.02,0,0
2021-05-01,36L,"NHS SOUTH WEST LONDON",8918,20805.51,0,0
2021-05-01,92G,"NHS BATH AND NORTH EAST SOMERSET, SWINDON AND WILTSHIRE",8941,22625.77,0,0
2021-05-01,92A,"NHS SURREY HEARTLANDS",9081,32792.54,0,0
2021-05-01,15C,"NHS BRISTOL, NORTH SOMERSET AND SOUTH GLOUCESTERSHIRE",9433,26682.82,0,0
2021-05-01,71E,"NHS LINCOLNSHIRE",9536,37202.41,0,0
2021-05-01,15E,"NHS BIRMINGHAM AND SOLIHULL",9707,39845.12,0,0
2021-05-01,D2P2L,"NHS BLACK COUNTRY",9930,48571.32,0,0
2021-05-01,15M,"NHS DERBY AND DERBYSHIRE",11583,37558.21,0,0
2021-05-01,W2U3Z,"NHS NORTH WEST LONDON",11740,29562.88,0,0
2021-05-01,D9Y0V,"NHS HAMPSHIRE, SOUTHAMPTON AND ISLE OF WIGHT",12424,49254.32,0,0
2021-05-01,91Q,"NHS KENT AND MEDWAY",13631,47461.74,0,0
2021-05-01,26A,"NHS NORFOLK AND WAVENEY",14483,37948.91,0,0
2021-05-01,15N,"NHS DEVON",14535,41141.28,0,0
2021-06-01,09W,"NHS MEDWAY",0,0,0,0
2021-06-01,D4U1Y,"NHS FRIMLEY",409,1039.12,0,0
2021-06-01,07G,"NHS THURROCK",586,2113.15,0,0
2021-06-01,02Q,"NHS BASSETLAW",1028,3321.7,0,0
2021-06-01,99F,"NHS CASTLE POINT AND ROCHFORD",1034,4874.2,0,0
2021-06-01,02G,"NHS WEST LANCASHIRE",1070,6271.3,0,0
2021-06-01,00V,"NHS BURY",1097,5790.8,0,0
2021-06-01,03H,"NHS NORTH EAST LINCOLNSHIRE",1142,6408.94,0,0
2021-06-01,00N,"NHS SOUTH TYNESIDE",1176,5606.63,0,0
2021-06-01,05D,"NHS EAST STAFFORDSHIRE",1213,4789.15,0,0
2021-06-01,01E,"NHS GREATER PRESTON",1232,8715.03,0,0
2021-06-01,04Y,"NHS CANNOCK CHASE",1275,6716.93,0,0
2021-06-01,03Q,"NHS VALE OF YORK",1282,4764.07,0,0
2021-06-01,00R,"NHS BLACKPOOL",1342,6060.58,0,0
2021-06-01,00X,"NHS CHORLEY AND SOUTH RIBBLE",1410,8399.14,0,0
2021-06-01,03K,"NHS NORTH LINCOLNSHIRE",1451,7098.56,0,0
2021-06-01,01D,"NHS HEYWOOD, MIDDLETON AND ROCHDALE",1465,7997.37,0,0
2021-06-01,99G,"NHS SOUTHEND",1510,4061,0,0
2021-06-01,99E,"NHS BASILDON AND BRENTWOOD",1560,5458.28,0,0
2021-06-01,02T,"NHS CALDERDALE",1572,4786.09,0,0
2021-06-01,02M,"NHS FYLDE AND WYRE",1574,7018.69,0,0
2021-06-01,05V,"NHS STAFFORD AND SURROUNDS",1698,5891.35,0,0
2021-06-01,01V,"NHS SOUTHPORT AND FORMBY",1751,6809.63,0,0
2021-06-01,00T,"NHS BOLTON",1799,10121.32,0,0
2021-06-01,05Q,"NHS SOUTH EAST STAFFORDSHIRE AND SEISDON PENINSULA",1860,10502.9,0,0
2021-06-01,01G,"NHS SALFORD",1866,6910.57,0,0
2021-06-01,99C,"NHS NORTH TYNESIDE",1907,5389.44,0,0
2021-06-01,00Y,"NHS OLDHAM",1935,8720.33,0,0
2021-06-01,10R,"NHS PORTSMOUTH",1947,6491.42,0,0
2021-06-01,07H,"NHS WEST ESSEX",2001,6714.94,0,0
2021-06-01,01H,"NHS NORTH CUMBRIA",2004,6168.8,0,0
2021-06-01,02A,"NHS TRAFFORD",2033,9876.28,0,0
2021-06-01,03L,"NHS ROTHERHAM",2078,9340.5,0,0
2021-06-01,01F,"NHS HALTON",2088,12832.56,0,0
2021-06-01,07K,"NHS WEST SUFFOLK",2150,7020.72,0,0
2021-06-01,02X,"NHS DONCASTER",2203,9912.24,0,0
2021-06-01,00Q,"NHS BLACKBURN WITH DARWEN",2213,8925.26,0,0
2021-06-01,03F,"NHS HULL",2224,10860.81,0,0
2021-06-01,02E,"NHS WARRINGTON",2244,12179.38,0,0
2021-06-01,01J,"NHS KNOWSLEY",2254,11443.56,0,0
2021-06-01,U2G6B,"NHS THAMES VALLEY ICB - U2G6B",2273,9156.44,0,0
2021-06-01,02Y,"NHS EAST RIDING OF YORKSHIRE",2277,9718.32,0,0
2021-06-01,05G,"NHS NORTH STAFFORDSHIRE",2346,9753.8,0,0
2021-06-01,00P,"NHS SUNDERLAND",2414,7154.13,0,0
2021-06-01,01T,"NHS SOUTH SEFTON",2432,11399.12,0,0
2021-06-01,00L,"NHS NORTHUMBERLAND",2553,11180.05,0,0
2021-06-01,15A,"NHS BERKSHIRE WEST",2596,8845.16,0,0
2021-06-01,01A,"NHS EAST LANCASHIRE",2666,20688.4,0,0
2021-06-01,01Y,"NHS TAMESIDE AND GLOSSOP",2791,9434.66,0,0
2021-06-01,01K,"NHS MORECAMBE BAY",2995,10822.48,0,0
2021-06-01,05W,"NHS STOKE ON TRENT",3035,10825.54,0,0
2021-06-01,02P,"NHS BARNSLEY",3073,13561.77,0,0
2021-06-01,02H,"NHS WIGAN BOROUGH",3135,17691.38,0,0
2021-06-01,03W,"NHS EAST LEICESTERSHIRE AND RUTLAND",3166,12566.54,0,0
2021-06-01,14Y,"NHS BUCKINGHAMSHIRE",3215,10658.86,0,0
2021-06-01,03R,"NHS WAKEFIELD",3305,17311.98,0,0
2021-06-01,04C,"NHS LEICESTER CITY",3343,12787.75,0,0
2021-06-01,01W,"NHS STOCKPORT",3353,11656.49,0,0
2021-06-01,06L,"NHS IPSWICH AND EAST SUFFOLK",3681,12212.97,0,0
2021-06-01,06Q,"NHS MID ESSEX",3784,12676.99,0,0
2021-06-01,X2C4Y,"NHS KIRKLEES",3803,14667.84,0,0
2021-06-01,10Q,"NHS OXFORDSHIRE",3858,17155.63,0,0
2021-06-01,06N,"NHS HERTS VALLEYS",3894,12217,0,0
2021-06-01,42D,"NHS NORTH YORKSHIRE",4160,13586.86,0,0
2021-06-01,01X,"NHS ST HELENS",4290,17705.2,0,0
2021-06-01,06K,"NHS EAST AND NORTH HERTFORDSHIRE",4400,13352.41,0,0
2021-06-01,36J,"NHS BRADFORD DISTRICT AND CRAVEN",4415,20418.55,0,0
2021-06-01,04V,"NHS WEST LEICESTERSHIRE",4439,15242.56,0,0
2021-06-01,15F,"NHS LEEDS",4541,18223.02,0,0
2021-06-01,M2L0M,"NHS SHROPSHIRE, TELFORD AND WREKIN",4615,18513.87,0,0
2021-06-01,09D,"NHS BRIGHTON AND HOVE",4722,8935.1,0,0
2021-06-01,12F,"NHS WIRRAL",4770,17309.42,0,0
2021-06-01,84H,"NHS COUNTY DURHAM",4789,17950.54,0,0
2021-06-01,13T,"NHS NEWCASTLE GATESHEAD",4876,17594,0,0
2021-06-01,06T,"NHS NORTH EAST ESSEX",5443,19644.95,0,0
2021-06-01,14L,"NHS MANCHESTER",5832,20044.21,0,0
2021-06-01,03N,"NHS SHEFFIELD",5882,20119.64,0,0
2021-06-01,16C,"NHS TEES VALLEY",5935,24948.82,0,0
2021-06-01,11X,"NHS SOMERSET",6341,19228.53,0,0
2021-06-01,27D,"NHS CHESHIRE",6560,26907.19,0,0
2021-06-01,70F,"NHS WEST SUSSEX",6572,23009.75,0,0
2021-06-01,52R,"NHS NOTTINGHAM AND NOTTINGHAMSHIRE",6659,29127.5,0,0
2021-06-01,M1J4Y,"NHS BEDFORDSHIRE, LUTON AND MILTON KEYNES",6909,22066.35,0,0
2021-06-01,78H,"NHS NORTHAMPTONSHIRE",7035,20527.72,0,0
2021-06-01,97R,"NHS EAST SUSSEX",7277,24811.54,0,0
2021-06-01,72Q,"NHS SOUTH EAST LONDON",7551,21026.21,0,0
2021-06-01,11N,"NHS CORNWALL AND THE ISLES OF SCILLY",7667,17816.08,0,0
2021-06-01,06H,"NHS CAMBRIDGESHIRE AND PETERBOROUGH",7823,24862.03,0,0
2021-06-01,11J,"NHS DORSET",7876,22906.83,0,0
2021-06-01,99A,"NHS LIVERPOOL",8017,31566.05,0,0
2021-06-01,11M,"NHS GLOUCESTERSHIRE",8249,23688.09,0,0
2021-06-01,A3A8R,"NHS NORTH EAST LONDON",8514,26330.06,0,0
2021-06-01,B2M3M,"NHS COVENTRY AND WARWICKSHIRE",8551,34020.1,0,0
2021-06-01,18C,"NHS HEREFORDSHIRE AND WORCESTERSHIRE",8568,29112.62,0,0
2021-06-01,92A,"NHS SURREY HEARTLANDS",9328,32739.5,0,0
2021-06-01,36L,"NHS SOUTH WEST LONDON",9346,23788.29,0,0
2021-06-01,93C,"NHS NORTH CENTRAL LONDON",9368,25835.6,0,0
2021-06-01,92G,"NHS BATH AND NORTH EAST SOMERSET, SWINDON AND WILTSHIRE",9418,25781.41,0,0
2021-06-01,71E,"NHS LINCOLNSHIRE",10124,38482.66,0,0
2021-06-01,15C,"NHS BRISTOL, NORTH SOMERSET AND SOUTH GLOUCESTERSHIRE",10129,29212.86,0,0
2021-06-01,15E,"NHS BIRMINGHAM AND SOLIHULL",10517,41413.56,0,0
2021-06-01,D2P2L,"NHS BLACK COUNTRY",10700,53536.79,0,0
2021-06-01,W2U3Z,"NHS NORTH WEST LONDON",12337,29633.79,0,0
2021-06-01,15M,"NHS DERBY AND DERBYSHIRE",12381,38428.36,0,0
2021-06-01,D9Y0V,"NHS HAMPSHIRE, SOUTHAMPTON AND ISLE OF WIGHT",13098,51584.57,0,0
2021-06-01,91Q,"NHS KENT AND MEDWAY",14450,52909.76,0,0
2021-06-01,26A,"NHS NORFOLK AND WAVENEY",15287,40920.44,0,0
2021-06-01,15N,"NHS DEVON",15373,43695.46,0,0
2021-07-01,09W,"NHS MEDWAY",0,0,0,0
2021-07-01,D4U1Y,"NHS FRIMLEY",408,1342.49,0,0
2021-07-01,07G,"NHS THURROCK",621,2345.59,0,0
2021-07-01,02Q,"NHS BASSETLAW",1042,3170.83,0,0
2021-07-01,02G,"NHS WEST LANCASHIRE",1059,6433.51,0,0
2021-07-01,99F,"NHS CASTLE POINT AND ROCHFORD",1062,7667.97,0,0
2021-07-01,00V,"NHS BURY",1078,7017.23,0,0
2021-07-01,03H,"NHS NORTH EAST LINCOLNSHIRE",1134,6396.65,0,0
2021-07-01,00N,"NHS SOUTH TYNESIDE",1169,5309.95,0,0
2021-07-01,05D,"NHS EAST STAFFORDSHIRE",1210,5552.85,0,0
2021-07-01,04Y,"NHS CANNOCK CHASE",1265,5842.78,0,0
2021-07-01,01E,"NHS GREATER PRESTON",1295,8521.01,0,0
2021-07-01,00R,"NHS BLACKPOOL",1297,6652.73,0,0
2021-07-01,03Q,"NHS VALE OF YORK",1297,6425.78,0,0
2021-07-01,00X,"NHS CHORLEY AND SOUTH RIBBLE",1380,9924.37,0,0
2021-07-01,03K,"NHS NORTH LINCOLNSHIRE",1408,6055.92,0,0
2021-07-01,99G,"NHS SOUTHEND",1433,5285.07,0,0
2021-07-01,01D,"NHS HEYWOOD, MIDDLETON AND ROCHDALE",1447,7060.83,0,0
2021-07-01,02T,"NHS CALDERDALE",1491,5244.41,0,0
2021-07-01,99E,"NHS BASILDON AND BRENTWOOD",1566,5077.42,0,0
2021-07-01,02M,"NHS FYLDE AND WYRE",1585,7157.71,0,0
2021-07-01,05V,"NHS STAFFORD AND SURROUNDS",1656,6464.79,0,0
2021-07-01,01V,"NHS SOUTHPORT AND FORMBY",1796,7081.26,0,0
2021-07-01,05Q,"NHS SOUTH EAST STAFFORDSHIRE AND SEISDON PENINSULA",1812,8295.36,0,0
2021-07-01,00T,"NHS BOLTON",1829,10770.18,0,0
2021-07-01,01G,"NHS SALFORD",1880,7539.44,0,0
2021-07-01,10R,"NHS PORTSMOUTH",1927,6992.23,0,0
2021-07-01,00Y,"NHS OLDHAM",1934,9195.67,0,0
2021-07-01,99C,"NHS NORTH TYNESIDE",1943,6915.51,0,0
2021-07-01,02A,"NHS TRAFFORD",1972,10898.68,0,0
2021-07-01,07H,"NHS WEST ESSEX",2012,6589.44,0,0
2021-07-01,01H,"NHS NORTH CUMBRIA",2015,6111.89,0,0
2021-07-01,01F,"NHS HALTON",2033,13681.76,0,0
2021-07-01,03F,"NHS HULL",2117,10858.59,0,0
2021-07-01,02Y,"NHS EAST RIDING OF YORKSHIRE",2121,8583.13,0,0
2021-07-01,00Q,"NHS BLACKBURN WITH DARWEN",2123,8762.54,0,0
2021-07-01,03L,"NHS ROTHERHAM",2161,11373.85,0,0
2021-07-01,02X,"NHS DONCASTER",2175,11481.99,0,0
2021-07-01,05G,"NHS NORTH STAFFORDSHIRE",2209,13331.66,0,0
2021-07-01,02E,"NHS WARRINGTON",2239,20301.41,0,0
2021-07-01,01J,"NHS KNOWSLEY",2249,13188.31,0,0
2021-07-01,07K,"NHS WEST SUFFOLK",2265,8156.28,0,0
2021-07-01,00P,"NHS SUNDERLAND",2354,7451.18,0,0
2021-07-01,U2G6B,"NHS THAMES VALLEY ICB - U2G6B",2396,11627.13,0,0
2021-07-01,01T,"NHS SOUTH SEFTON",2468,16948.51,0,0
2021-07-01,00L,"NHS NORTHUMBERLAND",2556,11253.46,0,0
2021-07-01,15A,"NHS BERKSHIRE WEST",2718,10003.62,0,0
2021-07-01,01A,"NHS EAST LANCASHIRE",2765,21864.86,0,0
2021-07-01,01Y,"NHS TAMESIDE AND GLOSSOP",2772,10049.91,0,0
2021-07-01,05W,"NHS STOKE ON TRENT",3019,10898.12,0,0
2021-07-01,01K,"NHS MORECAMBE BAY",3049,11923.02,0,0
2021-07-01,02P,"NHS BARNSLEY",3069,17480.53,0,0
2021-07-01,03W,"NHS EAST LEICESTERSHIRE AND RUTLAND",3091,13760.12,0,0
2021-07-01,14Y,"NHS BUCKINGHAMSHIRE",3190,10154.37,0,0
2021-07-01,03R,"NHS WAKEFIELD",3227,16739.21,0,0
2021-07-01,02H,"NHS WIGAN BOROUGH",3229,23844.28,0,0
2021-07-01,01W,"NHS STOCKPORT",3332,12311.35,0,0
2021-07-01,04C,"NHS LEICESTER CITY",3368,15262.31,0,0
2021-07-01,X2C4Y,"NHS KIRKLEES",3698,15750.08,0,0
2021-07-01,06L,"NHS IPSWICH AND EAST SUFFOLK",3775,12935.02,0,0
2021-07-01,06Q,"NHS MID ESSEX",3822,13796.73,0,0
2021-07-01,06N,"NHS HERTS VALLEYS",4010,15016.32,0,0
2021-07-01,10Q,"NHS OXFORDSHIRE",4055,19394.93,0,0
2021-07-01,42D,"NHS NORTH YORKSHIRE",4121,13801.28,0,0
2021-07-01,06K,"NHS EAST AND NORTH HERTFORDSHIRE",4466,13523.37,0,0
2021-07-01,04V,"NHS WEST LEICESTERSHIRE",4476,20266.81,0,0
2021-07-01,01X,"NHS ST HELENS",4499,29983.54,0,0
2021-07-01,15F,"NHS LEEDS",4542,19611.8,0,0
2021-07-01,36J,"NHS BRADFORD DISTRICT AND CRAVEN",4553,22655.54,0,0
2021-07-01,M2L0M,"NHS SHROPSHIRE, TELFORD AND WREKIN",4670,20935.11,0,0
2021-07-01,09D,"NHS BRIGHTON AND HOVE",4741,10206.41,0,0
2021-07-01,84H,"NHS COUNTY DURHAM",4767,18705.17,0,0
2021-07-01,12F,"NHS WIRRAL",4791,18541.54,0,0
2021-07-01,13T,"NHS NEWCASTLE GATESHEAD",4913,21659.85,0,0
2021-07-01,06T,"NHS NORTH EAST ESSEX",5486,22320.94,0,0
2021-07-01,14L,"NHS MANCHESTER",5801,23342.71,0,0
2021-07-01,03N,"NHS SHEFFIELD",5903,21383.78,0,0
2021-07-01,16C,"NHS TEES VALLEY",5970,31991.85,0,0
2021-07-01,11X,"NHS SOMERSET",6459,22583.24,0,0
2021-07-01,70F,"NHS WEST SUSSEX",6614,25554.71,0,0
2021-07-01,52R,"NHS NOTTINGHAM AND NOTTINGHAMSHIRE",6716,34668.96,0,0
2021-07-01,27D,"NHS CHESHIRE",6758,27680.66,0,0
2021-07-01,78H,"NHS NORTHAMPTONSHIRE",7131,20969.14,0,0
2021-07-01,M1J4Y,"NHS BEDFORDSHIRE, LUTON AND MILTON KEYNES",7319,22058.37,0,0
2021-07-01,97R,"NHS EAST SUSSEX",7350,29996.05,0,0
2021-07-01,72Q,"NHS SOUTH EAST LONDON",7482,20374.19,0,0
2021-07-01,11N,"NHS CORNWALL AND THE ISLES OF SCILLY",7631,18834.83,0,0
2021-07-01,06H,"NHS CAMBRIDGESHIRE AND PETERBOROUGH",7716,27307.08,0,0
2021-07-01,11J,"NHS DORSET",7944,23364.5,0,0
2021-07-01,99A,"NHS LIVERPOOL",8037,40199.28,0,0
2021-07-01,11M,"NHS GLOUCESTERSHIRE",8330,22262.53,0,0
2021-07-01,B2M3M,"NHS COVENTRY AND WARWICKSHIRE",8534,37730.44,0,0
2021-07-01,A3A8R,"NHS NORTH EAST LONDON",8654,27937.77,0,0
2021-07-01,18C,"NHS HEREFORDSHIRE AND WORCESTERSHIRE",8758,33353.95,0,0
2021-07-01,92A,"NHS SURREY HEARTLANDS",9590,41991.47,0,0
2021-07-01,36L,"NHS SOUTH WEST LONDON",9621,25308.98,0,0
2021-07-01,92G,"NHS BATH AND NORTH EAST SOMERSET, SWINDON AND WILTSHIRE",9753,26264,0,0
2021-07-01,93C,"NHS NORTH CENTRAL LONDON",9789,27869.97,0,0
2021-07-01,71E,"NHS LINCOLNSHIRE",10136,41375.74,0,0
2021-07-01,15C,"NHS BRISTOL, NORTH SOMERSET AND SOUTH GLOUCESTERSHIRE",10279,29533.68,0,0
2021-07-01,15E,"NHS BIRMINGHAM AND SOLIHULL",10284,43172.21,0,0
2021-07-01,D2P2L,"NHS BLACK COUNTRY",10593,56060.5,0,0
2021-07-01,15M,"NHS DERBY AND DERBYSHIRE",12521,40999.21,0,0
2021-07-01,W2U3Z,"NHS NORTH WEST LONDON",12728,33488.18,0,0
2021-07-01,D9Y0V,"NHS HAMPSHIRE, SOUTHAMPTON AND ISLE OF WIGHT",12911,52153.55,0,0
2021-07-01,91Q,"NHS KENT AND MEDWAY",14763,58905.88,0,0
2021-07-01,15N,"NHS DEVON",15078,43318.35,0,0
2021-07-01,26A,"NHS NORFOLK AND WAVENEY",15719,42391.23,0,0
2021-08-01,09W,"NHS MEDWAY",0,0,0,0
2021-08-01,D4U1Y,"NHS FRIMLEY",388,1083.11,0,0
2021-08-01,07G,"NHS THURROCK",584,2318.46,0,0
2021-08-01,02G,"NHS WEST LANCASHIRE",935,5996.29,0,0
2021-08-01,02Q,"NHS BASSETLAW",939,3335.38,0,0
2021-08-01,99F,"NHS CASTLE POINT AND ROCHFORD",989,6543.68,0,0
2021-08-01,00V,"NHS BURY",1027,6136.02,0,0
2021-08-01,03H,"NHS NORTH EAST LINCOLNSHIRE",1061,7508.35,0,0
2021-08-01,05D,"NHS EAST STAFFORDSHIRE",1072,4298.21,0,0
2021-08-01,00N,"NHS SOUTH TYNESIDE",1112,5000.25,0,0
2021-08-01,01E,"NHS GREATER PRESTON",1207,7983.58,0,0
2021-08-01,04Y,"NHS CANNOCK CHASE",1213,5132.17,0,0
2021-08-01,03Q,"NHS VALE OF YORK",1248,6709.38,0,0
2021-08-01,00R,"NHS BLACKPOOL",1283,6107.43,0,0
2021-08-01,99G,"NHS SOUTHEND",1374,5388.56,0,0
2021-08-01,01D,"NHS HEYWOOD, MIDDLETON AND ROCHDALE",1383,8527.1,0,0
2021-08-01,03K,"NHS NORTH LINCOLNSHIRE",1390,5474.62,0,0
2021-08-01,00X,"NHS CHORLEY AND SOUTH RIBBLE",1394,9985.06,0,0
2021-08-01,99E,"NHS BASILDON AND BRENTWOOD",1474,5644.15,0,0
2021-08-01,02T,"NHS CALDERDALE",1485,5586.25,0,0
2021-08-01,02M,"NHS FYLDE AND WYRE",1538,8744.28,0,0
2021-08-01,05V,"NHS STAFFORD AND SURROUNDS",1592,6883.47,0,0
2021-08-01,05Q,"NHS SOUTH EAST STAFFORDSHIRE AND SEISDON PENINSULA",1754,8698.84,0,0
2021-08-01,01G,"NHS SALFORD",1775,6743.47,0,0
2021-08-01,01V,"NHS SOUTHPORT AND FORMBY",1796,7236.46,0,0
2021-08-01,10R,"NHS PORTSMOUTH",1810,5495.52,0,0
2021-08-01,99C,"NHS NORTH TYNESIDE",1847,6154.91,0,0
2021-08-01,00Y,"NHS OLDHAM",1849,9143.73,0,0
2021-08-01,00T,"NHS BOLTON",1856,10743.03,0,0
2021-08-01,07H,"NHS WEST ESSEX",1894,6427.17,0,0
2021-08-01,01H,"NHS NORTH CUMBRIA",1912,6513.39,0,0
2021-08-01,01F,"NHS HALTON",1986,12814.35,0,0
2021-08-01,02X,"NHS DONCASTER",2034,11340.72,0,0
2021-08-01,03F,"NHS HULL",2057,9446.54,0,0
2021-08-01,02A,"NHS TRAFFORD",2058,8887.28,0,0
2021-08-01,00Q,"NHS BLACKBURN WITH DARWEN",2076,8284.12,0,0
2021-08-01,03L,"NHS ROTHERHAM",2099,13096.7,0,0
2021-08-01,07K,"NHS WEST SUFFOLK",2121,7809.67,0,0
2021-08-01,02Y,"NHS EAST RIDING OF YORKSHIRE",2126,9542.62,0,0
2021-08-01,U2G6B,"NHS THAMES VALLEY ICB - U2G6B",2163,9815.61,0,0
2021-08-01,01J,"NHS KNOWSLEY",2166,13904.94,0,0
2021-08-01,02E,"NHS WARRINGTON",2175,17802.34,0,0
2021-08-01,05G,"NHS NORTH STAFFORDSHIRE",2180,14257.83,0,0
2021-08-01,01T,"NHS SOUTH SEFTON",2221,14340.82,0,0
2021-08-01,00P,"NHS SUNDERLAND",2271,6914.55,0,0
2021-08-01,15A,"NHS BERKSHIRE WEST",2496,9409.24,0,0
2021-08-01,00L,"NHS NORTHUMBERLAND",2601,11002.04,0,0
2021-08-01,01A,"NHS EAST LANCASHIRE",2627,20165.27,0,0
2021-08-01,01Y,"NHS TAMESIDE AND GLOSSOP",2700,10592.05,0,0
2021-08-01,05W,"NHS STOKE ON TRENT",2700,10857.57,0,0
2021-08-01,03W,"NHS EAST LEICESTERSHIRE AND RUTLAND",2874,14498.99,0,0
2021-08-01,01K,"NHS MORECAMBE BAY",2925,12042.23,0,0
2021-08-01,02P,"NHS BARNSLEY",3035,18318.44,0,0
2021-08-01,14Y,"NHS BUCKINGHAMSHIRE",3035,8565.2,0,0
2021-08-01,02H,"NHS WIGAN BOROUGH",3079,22368.23,0,0
2021-08-01,04C,"NHS LEICESTER CITY",3216,15227.68,0,0
2021-08-01,01W,"NHS STOCKPORT",3254,12336.66,0,0
2021-08-01,03R,"NHS WAKEFIELD",3265,16112.81,0,0
2021-08-01,06L,"NHS IPSWICH AND EAST SUFFOLK",3482,11407.68,0,0
2021-08-01,X2C4Y,"NHS KIRKLEES",3745,16181.94,0,0
2021-08-01,06Q,"NHS MID ESSEX",3772,12768.93,0,0
2021-08-01,10Q,"NHS OXFORDSHIRE",3795,18005.01,0,0
2021-08-01,06N,"NHS HERTS VALLEYS",3927,13743.82,0,0
2021-08-01,42D,"NHS NORTH YORKSHIRE",3998,14190.63,0,0
2021-08-01,01X,"NHS ST HELENS",4134,28525.08,0,0
2021-08-01,06K,"NHS EAST AND NORTH HERTFORDSHIRE",4182,13538.39,0,0
2021-08-01,36J,"NHS BRADFORD DISTRICT AND CRAVEN",4243,19020.78,0,0
2021-08-01,04V,"NHS WEST LEICESTERSHIRE",4330,18192.75,0,0
2021-08-01,84H,"NHS COUNTY DURHAM",4404,19866.76,0,0
2021-08-01,15F,"NHS LEEDS",4430,20723.45,0,0
2021-08-01,09D,"NHS BRIGHTON AND HOVE",4487,9290.58,0,0
2021-08-01,M2L0M,"NHS SHROPSHIRE, TELFORD AND WREKIN",4509,19991.8,0,0
2021-08-01,12F,"NHS WIRRAL",4660,18433.11,0,0
2021-08-01,13T,"NHS NEWCASTLE GATESHEAD",4728,19951.84,0,0
2021-08-01,06T,"NHS NORTH EAST ESSEX",5063,20873.18,0,0
2021-08-01,14L,"NHS MANCHESTER",5503,21987.29,0,0
2021-08-01,03N,"NHS SHEFFIELD",5626,18347.11,0,0
2021-08-01,16C,"NHS TEES VALLEY",5884,34490.53,0,0
2021-08-01,11X,"NHS SOMERSET",6072,19747.08,0,0
2021-08-01,27D,"NHS CHESHIRE",6389,28915.68,0,0
2021-08-01,52R,"NHS NOTTINGHAM AND NOTTINGHAMSHIRE",6453,31282.42,0,0
2021-08-01,70F,"NHS WEST SUSSEX",6458,24999.9,0,0
2021-08-01,M1J4Y,"NHS BEDFORDSHIRE, LUTON AND MILTON KEYNES",6831,22950.5,0,0
2021-08-01,78H,"NHS NORTHAMPTONSHIRE",6873,19629.78,0,0
2021-08-01,72Q,"NHS SOUTH EAST LONDON",7055,18905.12,0,0
2021-08-01,97R,"NHS EAST SUSSEX",7072,27196.98,0,0
2021-08-01,11N,"NHS CORNWALL AND THE ISLES OF SCILLY",7204,16682.38,0,0
2021-08-01,06H,"NHS CAMBRIDGESHIRE AND PETERBOROUGH",7489,25029.81,0,0
2021-08-01,11J,"NHS DORSET",7652,22196.51,0,0
2021-08-01,99A,"NHS LIVERPOOL",7669,35152.69,0,0
2021-08-01,11M,"NHS GLOUCESTERSHIRE",8034,23370.89,0,0
2021-08-01,A3A8R,"NHS NORTH EAST LONDON",8074,30278.59,0,0
2021-08-01,B2M3M,"NHS COVENTRY AND WARWICKSHIRE",8311,37676.22,0,0
2021-08-01,18C,"NHS HEREFORDSHIRE AND WORCESTERSHIRE",8415,29610.51,0,0
2021-08-01,93C,"NHS NORTH CENTRAL LONDON",8900,24485,0,0
2021-08-01,92G,"NHS BATH AND NORTH EAST SOMERSET, SWINDON AND WILTSHIRE",9097,23901.18,0,0
2021-08-01,92A,"NHS SURREY HEARTLANDS",9166,43208.87,0,0
2021-08-01,36L,"NHS SOUTH WEST LONDON",9169,24477.77,0,0
2021-08-01,15C,"NHS BRISTOL, NORTH SOMERSET AND SOUTH GLOUCESTERSHIRE",9674,27626.94,0,0
2021-08-01,71E,"NHS LINCOLNSHIRE",9754,40740.99,0,0
2021-08-01,15E,"NHS BIRMINGHAM AND SOLIHULL",10120,44037.28,0,0
2021-08-01,D2P2L,"NHS BLACK COUNTRY",10281,56940.07,0,0
2021-08-01,15M,"NHS DERBY AND DERBYSHIRE",11785,38756.99,0,0
2021-08-01,W2U3Z,"NHS NORTH WEST LONDON",12089,30277.43,0,0
2021-08-01,D9Y0V,"NHS HAMPSHIRE, SOUTHAMPTON AND ISLE OF WIGHT",12625,53859.14,0,0
2021-08-01,91Q,"NHS KENT AND MEDWAY",13739,55607.85,0,0
2021-08-01,15N,"NHS DEVON",14557,45015.98,0,0
2021-08-01,26A,"NHS NORFOLK AND WAVENEY",14909,41182.1,0,0
2021-09-01,09W,"NHS MEDWAY",0,0,0,0
2021-09-01,D4U1Y,"NHS FRIMLEY",396,1241.25,0,0
2021-09-01,07G,"NHS THURROCK",607,2202.84,0,0
2021-09-01,02Q,"NHS BASSETLAW",952,3254.5,0,0
2021-09-01,02G,"NHS WEST LANCASHIRE",1019,7639.17,0,0
2021-09-01,05D,"NHS EAST STAFFORDSHIRE",1050,4405.48,0,0
2021-09-01,99F,"NHS CASTLE POINT AND ROCHFORD",1053,7348.46,0,0
2021-09-01,03H,"NHS NORTH EAST LINCOLNSHIRE",1120,7731.6,0,0
2021-09-01,00V,"NHS BURY",1141,7744.2,0,0
2021-09-01,00N,"NHS SOUTH TYNESIDE",1144,5697.04,0,0
2021-09-01,03Q,"NHS VALE OF YORK",1253,5803.58,0,0
2021-09-01,04Y,"NHS CANNOCK CHASE",1282,7999,0,0
2021-09-01,01E,"NHS GREATER PRESTON",1291,8902.68,0,0
2021-09-01,00R,"NHS BLACKPOOL",1391,6998.94,0,0
2021-09-01,00X,"NHS CHORLEY AND SOUTH RIBBLE",1404,8531.95,0,0
2021-09-01,03K,"NHS NORTH LINCOLNSHIRE",1407,7145.31,0,0
2021-09-01,01D,"NHS HEYWOOD, MIDDLETON AND ROCHDALE",1445,8670.21,0,0
2021-09-01,99G,"NHS SOUTHEND",1494,5599.51,0,0
2021-09-01,02T,"NHS CALDERDALE",1506,5853.12,0,0
2021-09-01,99E,"NHS BASILDON AND BRENTWOOD",1546,5473.27,0,0
2021-09-01,02M,"NHS FYLDE AND WYRE",1594,6605.56,0,0
2021-09-01,05V,"NHS STAFFORD AND SURROUNDS",1639,6128.57,0,0
2021-09-01,01G,"NHS SALFORD",1765,7101.09,0,0
2021-09-01,05Q,"NHS SOUTH EAST STAFFORDSHIRE AND SEISDON PENINSULA",1848,10259.83,0,0
2021-09-01,01V,"NHS SOUTHPORT AND FORMBY",1849,7799.19,0,0
2021-09-01,10R,"NHS PORTSMOUTH",1892,6180.57,0,0
2021-09-01,99C,"NHS NORTH TYNESIDE",1910,6161.06,0,0
2021-09-01,00T,"NHS BOLTON",1913,10781,0,0
2021-09-01,07H,"NHS WEST ESSEX",2003,5804.17,0,0
2021-09-01,01F,"NHS HALTON",2034,14257.34,0,0
2021-09-01,00Y,"NHS OLDHAM",2042,10986.39,0,0
2021-09-01,01H,"NHS NORTH CUMBRIA",2058,7190.07,0,0
2021-09-01,02A,"NHS TRAFFORD",2073,8405.69,0,0
2021-09-01,07K,"NHS WEST SUFFOLK",2097,7984.99,0,0
2021-09-01,02X,"NHS DONCASTER",2129,9106.75,0,0
2021-09-01,03F,"NHS HULL",2142,9879.9,0,0
2021-09-01,03L,"NHS ROTHERHAM",2154,11370.02,0,0
2021-09-01,00Q,"NHS BLACKBURN WITH DARWEN",2176,8275.54,0,0
2021-09-01,U2G6B,"NHS THAMES VALLEY ICB - U2G6B",2208,11329.41,0,0
2021-09-01,02Y,"NHS EAST RIDING OF YORKSHIRE",2230,10128.39,0,0
2021-09-01,05G,"NHS NORTH STAFFORDSHIRE",2232,14207.75,0,0
2021-09-01,01J,"NHS KNOWSLEY",2294,13260.99,0,0
2021-09-01,02E,"NHS WARRINGTON",2340,22862.46,0,0
2021-09-01,00P,"NHS SUNDERLAND",2354,6710.51,0,0
2021-09-01,01T,"NHS SOUTH SEFTON",2446,16145.8,0,0
2021-09-01,00L,"NHS NORTHUMBERLAND",2566,11325.03,0,0
2021-09-01,15A,"NHS BERKSHIRE WEST",2650,10163.64,0,0
2021-09-01,01A,"NHS EAST LANCASHIRE",2706,20272.01,0,0
2021-09-01,01Y,"NHS TAMESIDE AND GLOSSOP",2785,10139.73,0,0
2021-09-01,05W,"NHS STOKE ON TRENT",3003,12710.59,0,0
2021-09-01,01K,"NHS MORECAMBE BAY",3041,12273.99,0,0
2021-09-01,02P,"NHS BARNSLEY",3069,18980.98,0,0
2021-09-01,14Y,"NHS BUCKINGHAMSHIRE",3101,10553.98,0,0
2021-09-01,03W,"NHS EAST LEICESTERSHIRE AND RUTLAND",3126,14418.76,0,0
2021-09-01,02H,"NHS WIGAN BOROUGH",3212,26251.32,0,0
2021-09-01,03R,"NHS WAKEFIELD",3288,18255.11,0,0
2021-09-01,04C,"NHS LEICESTER CITY",3346,15870.78,0,0
2021-09-01,01W,"NHS STOCKPORT",3366,12686.3,0,0
2021-09-01,06L,"NHS IPSWICH AND EAST SUFFOLK",3724,12448.65,0,0
2021-09-01,X2C4Y,"NHS KIRKLEES",3865,16386,0,0
2021-09-01,06Q,"NHS MID ESSEX",3899,14198.45,0,0
2021-09-01,10Q,"NHS OXFORDSHIRE",3922,19651.05,0,0
2021-09-01,06N,"NHS HERTS VALLEYS",4036,14484.44,0,0
2021-09-01,42D,"NHS NORTH YORKSHIRE",4107,15422.15,0,0
2021-09-01,36J,"NHS BRADFORD DISTRICT AND CRAVEN",4312,25070.23,0,0
2021-09-01,06K,"NHS EAST AND NORTH HERTFORDSHIRE",4369,13897.51,0,0
2021-09-01,01X,"NHS ST HELENS",4394,29365.89,0,0
2021-09-01,09D,"NHS BRIGHTON AND HOVE",4510,9160.89,0,0
2021-09-01,04V,"NHS WEST LEICESTERSHIRE",4513,20225.51,0,0
2021-09-01,15F,"NHS LEEDS",4587,23658.78,0,0
2021-09-01,M2L0M,"NHS SHROPSHIRE, TELFORD AND WREKIN",4650,22619.58,0,0
2021-09-01,12F,"NHS WIRRAL",4727,18724.85,0,0
2021-09-01,84H,"NHS COUNTY DURHAM",4740,18820.03,0,0
2021-09-01,13T,"NHS NEWCASTLE GATESHEAD",4859,20110.98,0,0
2021-09-01,06T,"NHS NORTH EAST ESSEX",5530,22310.45,0,0
2021-09-01,14L,"NHS MANCHESTER",5748,22369.36,0,0
2021-09-01,16C,"NHS TEES VALLEY",5788,34423.86,0,0
2021-09-01,03N,"NHS SHEFFIELD",5841,22383.97,0,0
2021-09-01,11X,"NHS SOMERSET",6412,19615.42,0,0
2021-09-01,27D,"NHS CHESHIRE",6565,30316.94,0,0
2021-09-01,52R,"NHS NOTTINGHAM AND NOTTINGHAMSHIRE",6702,34206.31,0,0
2021-09-01,70F,"NHS WEST SUSSEX",6706,26772.55,0,0
2021-09-01,M1J4Y,"NHS BEDFORDSHIRE, LUTON AND MILTON KEYNES",6894,25761.01,0,0
2021-09-01,78H,"NHS NORTHAMPTONSHIRE",7034,19577.85,0,0
2021-09-01,72Q,"NHS SOUTH EAST LONDON",7382,20647.13,0,0
2021-09-01,06H,"NHS CAMBRIDGESHIRE AND PETERBOROUGH",7464,26388.35,0,0
2021-09-01,11N,"NHS CORNWALL AND THE ISLES OF SCILLY",7475,18028.02,0,0
2021-09-01,97R,"NHS EAST SUSSEX",7489,29117.95,0,0
2021-09-01,11J,"NHS DORSET",8029,23474.13,0,0
2021-09-01,99A,"NHS LIVERPOOL",8090,38148.9,0,0
2021-09-01,11M,"NHS GLOUCESTERSHIRE",8266,22292.14,0,0
2021-09-01,A3A8R,"NHS NORTH EAST LONDON",8498,28292.47,0,0
2021-09-01,B2M3M,"NHS COVENTRY AND WARWICKSHIRE",8637,40497.06,0,0
2021-09-01,18C,"NHS HEREFORDSHIRE AND WORCESTERSHIRE",8779,33418.03,0,0
2021-09-01,92A,"NHS SURREY HEARTLANDS",9321,45537.8,0,0
2021-09-01,36L,"NHS SOUTH WEST LONDON",9384,26071.77,0,0
2021-09-01,93C,"NHS NORTH CENTRAL LONDON",9389,26707.84,0,0
2021-09-01,92G,"NHS BATH AND NORTH EAST SOMERSET, SWINDON AND WILTSHIRE",9462,24907.26,0,0
2021-09-01,15C,"NHS BRISTOL, NORTH SOMERSET AND SOUTH GLOUCESTERSHIRE",9897,29675.61,0,0
2021-09-01,71E,"NHS LINCOLNSHIRE",10218,42613.31,0,0
2021-09-01,15E,"NHS BIRMINGHAM AND SOLIHULL",10379,45838.02,0,0
2021-09-01,D2P2L,"NHS BLACK COUNTRY",10735,59018.37,0,0
2021-09-01,W2U3Z,"NHS NORTH WEST LONDON",12491,35254.8,0,0
2021-09-01,15M,"NHS DERBY AND DERBYSHIRE",12590,41839.6,0,0
2021-09-01,D9Y0V,"NHS HAMPSHIRE, SOUTHAMPTON AND ISLE OF WIGHT",12967,56001.84,0,0
2021-09-01,91Q,"NHS KENT AND MEDWAY",14576,63875.77,0,0
2021-09-01,26A,"NHS NORFOLK AND WAVENEY",14972,40897.1,0,0
2021-09-01,15N,"NHS DEVON",15067,47089.81,0,0
2021-10-01,09W,"NHS MEDWAY",0,0,0,0
2021-10-01,D4U1Y,"NHS FRIMLEY",377,1099.32,0,0
2021-10-01,07G,"NHS THURROCK",569,2166.21,0,0
2021-10-01,02Q,"NHS BASSETLAW",911,2607.09,0,0
2021-10-01,02G,"NHS WEST LANCASHIRE",1001,6448.53,0,0
2021-10-01,03H,"NHS NORTH EAST LINCOLNSHIRE",1021,7066.96,0,0
2021-10-01,00V,"NHS BURY",1028,4815.78,0,0
2021-10-01,99F,"NHS CASTLE POINT AND ROCHFORD",1032,6542.03,0,0
2021-10-01,05D,"NHS EAST STAFFORDSHIRE",1048,3640.6,0,0
2021-10-01,00N,"NHS SOUTH TYNESIDE",1171,5436.2,0,0
2021-10-01,03Q,"NHS VALE OF YORK",1185,5229.42,0,0
2021-10-01,04Y,"NHS CANNOCK CHASE",1220,6333.94,0,0
2021-10-01,01E,"NHS GREATER PRESTON",1299,8824.83,0,0
2021-10-01,00R,"NHS BLACKPOOL",1313,7664.43,0,0
2021-10-01,03K,"NHS NORTH LINCOLNSHIRE",1343,6053.12,0,0
2021-10-01,01D,"NHS HEYWOOD, MIDDLETON AND ROCHDALE",1354,7651.97,0,0
2021-10-01,00X,"NHS CHORLEY AND SOUTH RIBBLE",1375,9257.56,0,0
2021-10-01,02M,"NHS FYLDE AND WYRE",1447,7398.74,0,0
2021-10-01,99G,"NHS SOUTHEND",1449,5534.79,0,0
2021-10-01,02T,"NHS CALDERDALE",1455,8936.66,0,0
2021-10-01,99E,"NHS BASILDON AND BRENTWOOD",1455,5429.97,0,0
2021-10-01,05V,"NHS STAFFORD AND SURROUNDS",1581,5841.5,0,0
2021-10-01,05Q,"NHS SOUTH EAST STAFFORDSHIRE AND SEISDON PENINSULA",1633,8587.16,0,0
2021-10-01,01G,"NHS SALFORD",1734,7006.76,0,0
2021-10-01,01V,"NHS SOUTHPORT AND FORMBY",1738,5879.27,0,0
2021-10-01,10R,"NHS PORTSMOUTH",1749,5081.82,0,0
2021-10-01,00T,"NHS BOLTON",1795,12125.7,0,0
2021-10-01,99C,"NHS NORTH TYNESIDE",1816,5149.49,0,0
2021-10-01,07H,"NHS WEST ESSEX",1878,5488.09,0,0
2021-10-01,00Y,"NHS OLDHAM",1882,9583.46,0,0
2021-10-01,02A,"NHS TRAFFORD",1912,10149.13,0,0
2021-10-01,03F,"NHS HULL",1999,10012.22,0,0
2021-10-01,01F,"NHS HALTON",2019,13849.77,0,0
2021-10-01,02X,"NHS DONCASTER",2021,10118.61,0,0
2021-10-01,03L,"NHS ROTHERHAM",2029,10784.81,0,0
2021-10-01,01H,"NHS NORTH CUMBRIA",2047,6941.19,0,0
2021-10-01,02Y,"NHS EAST RIDING OF YORKSHIRE",2050,7924.07,0,0
2021-10-01,05G,"NHS NORTH STAFFORDSHIRE",2086,12640.73,0,0
2021-10-01,00Q,"NHS BLACKBURN WITH DARWEN",2125,7241,0,0
2021-10-01,01J,"NHS KNOWSLEY",2134,12043.78,0,0
2021-10-01,07K,"NHS WEST SUFFOLK",2151,6646.82,0,0
2021-10-01,02E,"NHS WARRINGTON",2157,18964.19,0,0
2021-10-01,U2G6B,"NHS THAMES VALLEY ICB - U2G6B",2158,10780.41,0,0
2021-10-01,01T,"NHS SOUTH SEFTON",2187,14232.61,0,0
2021-10-01,00P,"NHS SUNDERLAND",2292,6380.44,0,0
2021-10-01,00L,"NHS NORTHUMBERLAND",2378,10269.27,0,0
2021-10-01,15A,"NHS BERKSHIRE WEST",2535,10043.42,0,0
2021-10-01,01Y,"NHS TAMESIDE AND GLOSSOP",2627,8605.16,0,0
2021-10-01,01A,"NHS EAST LANCASHIRE",2672,23196.39,0,0
2021-10-01,05W,"NHS STOKE ON TRENT",2783,10895.67,0,0
2021-10-01,01K,"NHS MORECAMBE BAY",2857,10028,0,0
2021-10-01,02P,"NHS BARNSLEY",2911,17655.9,0,0
2021-10-01,03W,"NHS EAST LEICESTERSHIRE AND RUTLAND",2920,13799,0,0
2021-10-01,02H,"NHS WIGAN BOROUGH",2992,21791.13,0,0
2021-10-01,14Y,"NHS BUCKINGHAMSHIRE",3007,8807.73,0,0
2021-10-01,03R,"NHS WAKEFIELD",3121,16128.97,0,0
2021-10-01,01W,"NHS STOCKPORT",3134,11712.97,0,0
2021-10-01,04C,"NHS LEICESTER CITY",3245,14684.27,0,0
2021-10-01,06L,"NHS IPSWICH AND EAST SUFFOLK",3588,12257.95,0,0
2021-10-01,X2C4Y,"NHS KIRKLEES",3596,15726.45,0,0
2021-10-01,06Q,"NHS MID ESSEX",3698,12847.73,0,0
2021-10-01,10Q,"NHS OXFORDSHIRE",3698,18612.47,0,0
2021-10-01,06N,"NHS HERTS VALLEYS",3857,14186.4,0,0
2021-10-01,42D,"NHS NORTH YORKSHIRE",3929,13934.72,0,0
2021-10-01,01X,"NHS ST HELENS",4092,27160.76,0,0
2021-10-01,06K,"NHS EAST AND NORTH HERTFORDSHIRE",4128,12840.38,0,0
2021-10-01,15F,"NHS LEEDS",4341,20493.94,0,0
2021-10-01,04V,"NHS WEST LEICESTERSHIRE",4349,18049.7,0,0
2021-10-01,36J,"NHS BRADFORD DISTRICT AND CRAVEN",4355,23109.46,0,0
2021-10-01,84H,"NHS COUNTY DURHAM",4406,18226.62,0,0
2021-10-01,M2L0M,"NHS SHROPSHIRE, TELFORD AND WREKIN",4444,20912.55,0,0
2021-10-01,09D,"NHS BRIGHTON AND HOVE",4597,9579.73,0,0
2021-10-01,12F,"NHS WIRRAL",4604,18180.81,0,0
2021-10-01,13T,"NHS NEWCASTLE GATESHEAD",4632,19989.59,0,0
2021-10-01,06T,"NHS NORTH EAST ESSEX",5223,19503.64,0,0
2021-10-01,14L,"NHS MANCHESTER",5334,18664.51,0,0
2021-10-01,03N,"NHS SHEFFIELD",5581,19969.9,0,0
2021-10-01,16C,"NHS TEES VALLEY",5600,24425.12,0,0
2021-10-01,11X,"NHS SOMERSET",5924,20136.07,0,0
2021-10-01,70F,"NHS WEST SUSSEX",6416,23754.96,0,0
2021-10-01,27D,"NHS CHESHIRE",6519,30554.85,0,0
2021-10-01,52R,"NHS NOTTINGHAM AND NOTTINGHAMSHIRE",6527,28551.54,0,0
2021-10-01,78H,"NHS NORTHAMPTONSHIRE",6794,18348.85,0,0
2021-10-01,M1J4Y,"NHS BEDFORDSHIRE, LUTON AND MILTON KEYNES",6800,26208.29,0,0
2021-10-01,72Q,"NHS SOUTH EAST LONDON",6862,18659.43,0,0
2021-10-01,97R,"NHS EAST SUSSEX",6960,26620.78,0,0
2021-10-01,11N,"NHS CORNWALL AND THE ISLES OF SCILLY",7089,16959.29,0,0
2021-10-01,06H,"NHS CAMBRIDGESHIRE AND PETERBOROUGH",7330,24302.54,0,0
2021-10-01,11J,"NHS DORSET",7492,22558.2,0,0
2021-10-01,99A,"NHS LIVERPOOL",7706,36716.81,0,0
2021-10-01,11M,"NHS GLOUCESTERSHIRE",7837,19745.35,0,0
2021-10-01,B2M3M,"NHS COVENTRY AND WARWICKSHIRE",8030,36225.77,0,0
2021-10-01,A3A8R,"NHS NORTH EAST LONDON",8358,26616.38,0,0
2021-10-01,18C,"NHS HEREFORDSHIRE AND WORCESTERSHIRE",8516,30885.27,0,0
2021-10-01,92G,"NHS BATH AND NORTH EAST SOMERSET, SWINDON AND WILTSHIRE",8749,22656.02,0,0
2021-10-01,36L,"NHS SOUTH WEST LONDON",8798,24249.72,0,0
2021-10-01,93C,"NHS NORTH CENTRAL LONDON",8977,23271.31,0,0
2021-10-01,92A,"NHS SURREY HEARTLANDS",9073,42066.22,0,0
2021-10-01,15C,"NHS BRISTOL, NORTH SOMERSET AND SOUTH GLOUCESTERSHIRE",9314,27855.44,0,0
2021-10-01,71E,"NHS LINCOLNSHIRE",9454,40284.41,0,0
2021-10-01,15E,"NHS BIRMINGHAM AND SOLIHULL",10116,41633.92,0,0
2021-10-01,D2P2L,"NHS BLACK COUNTRY",10269,55769.33,0,0
2021-10-01,15M,"NHS DERBY AND DERBYSHIRE",11672,39717.51,0,0
2021-10-01,W2U3Z,"NHS NORTH WEST LONDON",11950,31603.2,0,0
2021-10-01,D9Y0V,"NHS HAMPSHIRE, SOUTHAMPTON AND ISLE OF WIGHT",12520,47611.11,0,0
2021-10-01,91Q,"NHS KENT AND MEDWAY",14009,56469.4,0,0
2021-10-01,15N,"NHS DEVON",14335,40465.35,0,0
2021-10-01,26A,"NHS NORFOLK AND WAVENEY",14636,39077.35,0,0
2021-11-01,09W,"NHS MEDWAY",0,0,0,0
2021-11-01,D4U1Y,"NHS FRIMLEY",386,1487.98,0,0
2021-11-01,07G,"NHS THURROCK",578,2351.55,0,0
2021-11-01,02Q,"NHS BASSETLAW",961,2608.76,0,0
2021-11-01,02G,"NHS WEST LANCASHIRE",1016,7569.09,0,0
2021-11-01,99F,"NHS CASTLE POINT AND ROCHFORD",1060,5509,0,0
2021-11-01,00V,"NHS BURY",1070,6021.64,0,0
2021-11-01,05D,"NHS EAST STAFFORDSHIRE",1103,4090.36,0,0
2021-11-01,03H,"NHS NORTH EAST LINCOLNSHIRE",1128,6922.74,0,0
2021-11-01,04Y,"NHS CANNOCK CHASE",1175,7099.23,0,0
2021-11-01,00N,"NHS SOUTH TYNESIDE",1217,5241.05,0,0
2021-11-01,03Q,"NHS VALE OF YORK",1221,5162.79,0,0
2021-11-01,01E,"NHS GREATER PRESTON",1259,9167.1,0,0
2021-11-01,00R,"NHS BLACKPOOL",1339,7503.43,0,0
2021-11-01,00X,"NHS CHORLEY AND SOUTH RIBBLE",1379,9149.05,0,0
2021-11-01,03K,"NHS NORTH LINCOLNSHIRE",1385,6208.83,0,0
2021-11-01,01D,"NHS HEYWOOD, MIDDLETON AND ROCHDALE",1399,7105.9,0,0
2021-11-01,99G,"NHS SOUTHEND",1435,5432.19,0,0
2021-11-01,02T,"NHS CALDERDALE",1458,5341.37,0,0
2021-11-01,99E,"NHS BASILDON AND BRENTWOOD",1499,5958.7,0,0
2021-11-01,05V,"NHS STAFFORD AND SURROUNDS",1599,5866.6,0,0
2021-11-01,02M,"NHS FYLDE AND WYRE",1638,6960.78,0,0
2021-11-01,01V,"NHS SOUTHPORT AND FORMBY",1695,7059.69,0,0
2021-11-01,01G,"NHS SALFORD",1740,7584.81,0,0
2021-11-01,05Q,"NHS SOUTH EAST STAFFORDSHIRE AND SEISDON PENINSULA",1767,9657,0,0
2021-11-01,00T,"NHS BOLTON",1817,11488.42,0,0
2021-11-01,10R,"NHS PORTSMOUTH",1835,5826.74,0,0
2021-11-01,99C,"NHS NORTH TYNESIDE",1898,5948.86,0,0
2021-11-01,01H,"NHS NORTH CUMBRIA",1929,7250.52,0,0
2021-11-01,00Y,"NHS OLDHAM",1944,9583.65,0,0
2021-11-01,07H,"NHS WEST ESSEX",1954,6802.64,0,0
2021-11-01,03F,"NHS HULL",2028,10151.68,0,0
2021-11-01,01F,"NHS HALTON",2034,13854.92,0,0
2021-11-01,02A,"NHS TRAFFORD",2057,9182.84,0,0
2021-11-01,03L,"NHS ROTHERHAM",2086,12139.46,0,0
2021-11-01,02Y,"NHS EAST RIDING OF YORKSHIRE",2092,8226.92,0,0
2021-11-01,02X,"NHS DONCASTER",2129,9969.73,0,0
2021-11-01,00Q,"NHS BLACKBURN WITH DARWEN",2136,10378.72,0,0
2021-11-01,07K,"NHS WEST SUFFOLK",2173,7558.38,0,0
2021-11-01,01J,"NHS KNOWSLEY",2186,13165.55,0,0
2021-11-01,02E,"NHS WARRINGTON",2192,18939,0,0
2021-11-01,05G,"NHS NORTH STAFFORDSHIRE",2207,14867.62,0,0
2021-11-01,00P,"NHS SUNDERLAND",2299,6590.3,0,0
2021-11-01,U2G6B,"NHS THAMES VALLEY ICB - U2G6B",2306,12619.91,0,0
2021-11-01,00L,"NHS NORTHUMBERLAND",2407,10899.11,0,0
2021-11-01,01T,"NHS SOUTH SEFTON",2445,14765.71,0,0
2021-11-01,15A,"NHS BERKSHIRE WEST",2460,9476.18,0,0
2021-11-01,01A,"NHS EAST LANCASHIRE",2651,21897,0,0
2021-11-01,01Y,"NHS TAMESIDE AND GLOSSOP",2715,10584.31,0,0
2021-11-01,01K,"NHS MORECAMBE BAY",2830,11997.02,0,0
2021-11-01,05W,"NHS STOKE ON TRENT",2843,11857.98,0,0
2021-11-01,02P,"NHS BARNSLEY",2941,18693.8,0,0
2021-11-01,03W,"NHS EAST LEICESTERSHIRE AND RUTLAND",3013,13413.16,0,0
2021-11-01,02H,"NHS WIGAN BOROUGH",3199,25306.52,0,0
2021-11-01,01W,"NHS STOCKPORT",3236,12978.09,0,0
2021-11-01,03R,"NHS WAKEFIELD",3244,19477.84,0,0
2021-11-01,14Y,"NHS BUCKINGHAMSHIRE",3312,10744.48,0,0
2021-11-01,04C,"NHS LEICESTER CITY",3339,15149.52,0,0
2021-11-01,06Q,"NHS MID ESSEX",3597,12215.44,0,0
2021-11-01,X2C4Y,"NHS KIRKLEES",3705,16359.73,0,0
2021-11-01,06L,"NHS IPSWICH AND EAST SUFFOLK",3742,12000.34,0,0
2021-11-01,10Q,"NHS OXFORDSHIRE",3765,20254.71,0,0
2021-11-01,06N,"NHS HERTS VALLEYS",3943,14893.31,0,0
2021-11-01,42D,"NHS NORTH YORKSHIRE",3968,14225.62,0,0
2021-11-01,01X,"NHS ST HELENS",4254,28669.71,0,0
2021-11-01,06K,"NHS EAST AND NORTH HERTFORDSHIRE",4306,13520.68,0,0
2021-11-01,36J,"NHS BRADFORD DISTRICT AND CRAVEN",4386,26556.04,0,0
2021-11-01,04V,"NHS WEST LEICESTERSHIRE",4426,19206.41,0,0
2021-11-01,M2L0M,"NHS SHROPSHIRE, TELFORD AND WREKIN",4464,22880.56,0,0
2021-11-01,84H,"NHS COUNTY DURHAM",4566,17860.57,0,0
2021-11-01,12F,"NHS WIRRAL",4659,18864.3,0,0
2021-11-01,15F,"NHS LEEDS",4693,22118.49,0,0
2021-11-01,13T,"NHS NEWCASTLE GATESHEAD",4696,20279.3,0,0
2021-11-01,09D,"NHS BRIGHTON AND HOVE",4794,9864.13,0,0
2021-11-01,06T,"NHS NORTH EAST ESSEX",5175,19729.51,0,0
2021-11-01,16C,"NHS TEES VALLEY",5671,31596.83,0,0
2021-11-01,14L,"NHS MANCHESTER",5757,23396.92,0,0
2021-11-01,03N,"NHS SHEFFIELD",5904,21083.45,0,0
2021-11-01,11X,"NHS SOMERSET",6125,20605.52,0,0
2021-11-01,52R,"NHS NOTTINGHAM AND NOTTINGHAMSHIRE",6649,31970.42,0,0
2021-11-01,70F,"NHS WEST SUSSEX",6651,25696.1,0,0
2021-11-01,27D,"NHS CHESHIRE",6654,28758.84,0,0
2021-11-01,M1J4Y,"NHS BEDFORDSHIRE, LUTON AND MILTON KEYNES",6901,24808.54,0,0
2021-11-01,78H,"NHS NORTHAMPTONSHIRE",7129,20443.35,0,0
2021-11-01,72Q,"NHS SOUTH EAST LONDON",7183,19523.32,0,0
2021-11-01,97R,"NHS EAST SUSSEX",7261,28214.13,0,0
2021-11-01,11N,"NHS CORNWALL AND THE ISLES OF SCILLY",7285,19126.69,0,0
2021-11-01,06H,"NHS CAMBRIDGESHIRE AND PETERBOROUGH",7623,28855.48,0,0
2021-11-01,11J,"NHS DORSET",7821,22420.66,0,0
2021-11-01,99A,"NHS LIVERPOOL",7972,39140.95,0,0
2021-11-01,11M,"NHS GLOUCESTERSHIRE",8360,24268.25,0,0
2021-11-01,B2M3M,"NHS COVENTRY AND WARWICKSHIRE",8587,41071.55,0,0
2021-11-01,18C,"NHS HEREFORDSHIRE AND WORCESTERSHIRE",8738,33990.18,0,0
2021-11-01,A3A8R,"NHS NORTH EAST LONDON",8744,29296.01,0,0
2021-11-01,92G,"NHS BATH AND NORTH EAST SOMERSET, SWINDON AND WILTSHIRE",9082,22354.82,0,0
2021-11-01,36L,"NHS SOUTH WEST LONDON",9192,26290.42,0,0
2021-11-01,92A,"NHS SURREY HEARTLANDS",9303,45106.06,0,0
2021-11-01,93C,"NHS NORTH CENTRAL LONDON",9582,25884.9,0,0
2021-11-01,71E,"NHS LINCOLNSHIRE",9874,42855.68,0,0
2021-11-01,15C,"NHS BRISTOL, NORTH SOMERSET AND SOUTH GLOUCESTERSHIRE",9961,28585.36,0,0
2021-11-01,15E,"NHS BIRMINGHAM AND SOLIHULL",10253,45089.69,0,0
2021-11-01,D2P2L,"NHS BLACK COUNTRY",10550,55976.54,0,0
2021-11-01,15M,"NHS DERBY AND DERBYSHIRE",12205,43932.94,0,0
2021-11-01,W2U3Z,"NHS NORTH WEST LONDON",12352,34503.45,0,0
2021-11-01,D9Y0V,"NHS HAMPSHIRE, SOUTHAMPTON AND ISLE OF WIGHT",12537,51630.84,0,0
2021-11-01,91Q,"NHS KENT AND MEDWAY",14353,58488.03,0,0
2021-11-01,26A,"NHS NORFOLK AND WAVENEY",14800,41866.08,0,0
2021-11-01,15N,"NHS DEVON",14801,45214.97,0,0
2021-12-01,09W,"NHS MEDWAY",0,0,0,0
2021-12-01,D4U1Y,"NHS FRIMLEY",396,1313.08,0,0
2021-12-01,07G,"NHS THURROCK",608,2642,0,0
2021-12-01,02Q,"NHS BASSETLAW",1011,3248.29,0,0
2021-12-01,02G,"NHS WEST LANCASHIRE",1031,7145.51,0,0
2021-12-01,00V,"NHS BURY",1102,6296.67,0,0
2021-12-01,05D,"NHS EAST STAFFORDSHIRE",1123,4228.11,0,0
2021-12-01,03H,"NHS NORTH EAST LINCOLNSHIRE",1165,6817.53,0,0
2021-12-01,99F,"NHS CASTLE POINT AND ROCHFORD",1183,7997.69,0,0
2021-12-01,00N,"NHS SOUTH TYNESIDE",1234,5851.34,0,0
2021-12-01,03Q,"NHS VALE OF YORK",1259,7573.53,0,0
2021-12-01,04Y,"NHS CANNOCK CHASE",1260,6553.98,0,0
2021-12-01,01E,"NHS GREATER PRESTON",1345,9094.92,0,0
2021-12-01,00R,"NHS BLACKPOOL",1358,7104.98,0,0
2021-12-01,01D,"NHS HEYWOOD, MIDDLETON AND ROCHDALE",1405,7772.07,0,0
2021-12-01,00X,"NHS CHORLEY AND SOUTH RIBBLE",1446,9331.6,0,0
2021-12-01,02T,"NHS CALDERDALE",1452,5911.35,0,0
2021-12-01,03K,"NHS NORTH LINCOLNSHIRE",1492,6460.76,0,0
2021-12-01,99G,"NHS SOUTHEND",1529,5503.6,0,0
2021-12-01,99E,"NHS BASILDON AND BRENTWOOD",1535,5817.58,0,0
2021-12-01,02M,"NHS FYLDE AND WYRE",1630,5993.38,0,0
2021-12-01,05V,"NHS STAFFORD AND SURROUNDS",1651,5970.89,0,0
2021-12-01,01V,"NHS SOUTHPORT AND FORMBY",1727,7485.81,0,0
2021-12-01,01G,"NHS SALFORD",1736,7388.78,0,0
2021-12-01,10R,"NHS PORTSMOUTH",1870,6355.73,0,0
2021-12-01,00T,"NHS BOLTON",1893,10029.08,0,0
2021-12-01,05Q,"NHS SOUTH EAST STAFFORDSHIRE AND SEISDON PENINSULA",1901,11136.8,0,0
2021-12-01,99C,"NHS NORTH TYNESIDE",1973,6309.88,0,0
2021-12-01,00Y,"NHS OLDHAM",1984,9430.65,0,0
2021-12-01,07H,"NHS WEST ESSEX",2025,6637.39,0,0
2021-12-01,02A,"NHS TRAFFORD",2037,10166.54,0,0
2021-12-01,01F,"NHS HALTON",2128,15905.13,0,0
2021-12-01,03L,"NHS ROTHERHAM",2146,12357.33,0,0
2021-12-01,03F,"NHS HULL",2151,9956.87,0,0
2021-12-01,02X,"NHS DONCASTER",2192,10154.87,0,0
2021-12-01,01J,"NHS KNOWSLEY",2194,12644.25,0,0
2021-12-01,01H,"NHS NORTH CUMBRIA",2201,8051.46,0,0
2021-12-01,00Q,"NHS BLACKBURN WITH DARWEN",2214,10909.36,0,0
2021-12-01,02Y,"NHS EAST RIDING OF YORKSHIRE",2235,9947.59,0,0
2021-12-01,07K,"NHS WEST SUFFOLK",2240,7437.47,0,0
2021-12-01,05G,"NHS NORTH STAFFORDSHIRE",2315,14328.4,0,0
2021-12-01,02E,"NHS WARRINGTON",2339,20183.3,0,0
2021-12-01,U2G6B,"NHS THAMES VALLEY ICB - U2G6B",2345,13596.16,0,0
2021-12-01,00P,"NHS SUNDERLAND",2416,7407.02,0,0
2021-12-01,01T,"NHS SOUTH SEFTON",2519,15342.42,0,0
2021-12-01,00L,"NHS NORTHUMBERLAND",2572,11400.25,0,0
2021-12-01,01A,"NHS EAST LANCASHIRE",2639,21183.81,0,0
2021-12-01,15A,"NHS BERKSHIRE WEST",2778,11239.1,0,0
2021-12-01,01Y,"NHS TAMESIDE AND GLOSSOP",2804,9492.2,0,0
2021-12-01,05W,"NHS STOKE ON TRENT",2908,12583.44,0,0
2021-12-01,02P,"NHS BARNSLEY",3088,18018.04,0,0
2021-12-01,01K,"NHS MORECAMBE BAY",3153,13539.98,0,0
2021-12-01,03W,"NHS EAST LEICESTERSHIRE AND RUTLAND",3183,13999.84,0,0
2021-12-01,03R,"NHS WAKEFIELD",3297,14981.05,0,0
2021-12-01,14Y,"NHS BUCKINGHAMSHIRE",3311,10638.25,0,0
2021-12-01,02H,"NHS WIGAN BOROUGH",3344,24565.38,0,0
2021-12-01,04C,"NHS LEICESTER CITY",3519,17262.9,0,0
2021-12-01,01W,"NHS STOCKPORT",3539,14411.96,0,0
2021-12-01,X2C4Y,"NHS KIRKLEES",3857,16717.21,0,0
2021-12-01,06Q,"NHS MID ESSEX",3914,12821.57,0,0
2021-12-01,06L,"NHS IPSWICH AND EAST SUFFOLK",4014,14748.32,0,0
2021-12-01,10Q,"NHS OXFORDSHIRE",4066,21014.53,0,0
2021-12-01,06N,"NHS HERTS VALLEYS",4126,14244.59,0,0
2021-12-01,42D,"NHS NORTH YORKSHIRE",4195,16620.57,0,0
2021-12-01,01X,"NHS ST HELENS",4481,30620.88,0,0
2021-12-01,06K,"NHS EAST AND NORTH HERTFORDSHIRE",4500,15168.89,0,0
2021-12-01,15F,"NHS LEEDS",4536,20739,0,0
2021-12-01,84H,"NHS COUNTY DURHAM",4594,19252.65,0,0
2021-12-01,36J,"NHS BRADFORD DISTRICT AND CRAVEN",4613,24091.92,0,0
2021-12-01,12F,"NHS WIRRAL",4674,18277.12,0,0
2021-12-01,04V,"NHS WEST LEICESTERSHIRE",4708,21154.16,0,0
2021-12-01,M2L0M,"NHS SHROPSHIRE, TELFORD AND WREKIN",4791,22524.97,0,0
2021-12-01,09D,"NHS BRIGHTON AND HOVE",4898,12132.88,0,0
2021-12-01,13T,"NHS NEWCASTLE GATESHEAD",5004,20756.39,0,0
2021-12-01,06T,"NHS NORTH EAST ESSEX",5664,19834.51,0,0
2021-12-01,14L,"NHS MANCHESTER",5819,24211.68,0,0
2021-12-01,16C,"NHS TEES VALLEY",5991,35476.3,0,0
2021-12-01,03N,"NHS SHEFFIELD",6008,21837.82,0,0
2021-12-01,11X,"NHS SOMERSET",6491,22511.31,0,0
2021-12-01,52R,"NHS NOTTINGHAM AND NOTTINGHAMSHIRE",6771,32288.25,0,0
2021-12-01,27D,"NHS CHESHIRE",6779,30654.67,0,0
2021-12-01,70F,"NHS WEST SUSSEX",6812,26872.22,0,0
2021-12-01,M1J4Y,"NHS BEDFORDSHIRE, LUTON AND MILTON KEYNES",7152,22016.28,0,0
2021-12-01,72Q,"NHS SOUTH EAST LONDON",7191,20895.85,0,0
2021-12-01,78H,"NHS NORTHAMPTONSHIRE",7202,21176.85,0,0
2021-12-01,11N,"NHS CORNWALL AND THE ISLES OF SCILLY",7626,19753.19,0,0
2021-12-01,97R,"NHS EAST SUSSEX",7663,30643.77,0,0
2021-12-01,06H,"NHS CAMBRIDGESHIRE AND PETERBOROUGH",7768,28043.57,0,0
2021-12-01,99A,"NHS LIVERPOOL",8133,39490.55,0,0
2021-12-01,11J,"NHS DORSET",8419,23597.05,0,0
2021-12-01,11M,"NHS GLOUCESTERSHIRE",8451,24071.95,0,0
2021-12-01,A3A8R,"NHS NORTH EAST LONDON",8696,29135.6,0,0
2021-12-01,B2M3M,"NHS COVENTRY AND WARWICKSHIRE",8749,41465.72,0,0
2021-12-01,18C,"NHS HEREFORDSHIRE AND WORCESTERSHIRE",9001,32461.93,0,0
2021-12-01,92G,"NHS BATH AND NORTH EAST SOMERSET, SWINDON AND WILTSHIRE",9456,24935.45,0,0
2021-12-01,36L,"NHS SOUTH WEST LONDON",9518,27232.23,0,0
2021-12-01,93C,"NHS NORTH CENTRAL LONDON",9605,26631.04,0,0
2021-12-01,92A,"NHS SURREY HEARTLANDS",9773,49794.14,0,0
2021-12-01,15C,"NHS BRISTOL, NORTH SOMERSET AND SOUTH GLOUCESTERSHIRE",10201,30610.24,0,0
2021-12-01,71E,"NHS LINCOLNSHIRE",10347,45951.85,0,0
2021-12-01,15E,"NHS BIRMINGHAM AND SOLIHULL",10826,53866.76,0,0
2021-12-01,D2P2L,"NHS BLACK COUNTRY",10976,60309.87,0,0
2021-12-01,W2U3Z,"NHS NORTH WEST LONDON",12471,34696.97,0,0
2021-12-01,15M,"NHS DERBY AND DERBYSHIRE",12774,44771.71,0,0
2021-12-01,D9Y0V,"NHS HAMPSHIRE, SOUTHAMPTON AND ISLE OF WIGHT",13608,52512.35,0,0
2021-12-01,91Q,"NHS KENT AND MEDWAY",14594,61996.54,0,0
2021-12-01,26A,"NHS NORFOLK AND WAVENEY",15494,43515.3,0,0
2021-12-01,15N,"NHS DEVON",15544,44529.92,0,0
2022-01-01,09W,"NHS MEDWAY",0,0,0,0
2022-01-01,D4U1Y,"NHS FRIMLEY",415,1082.73,0,0
2022-01-01,07G,"NHS THURROCK",569,1748.04,0,0
2022-01-01,02Q,"NHS BASSETLAW",923,3338.11,0,0
2022-01-01,02G,"NHS WEST LANCASHIRE",929,6337.1,0,0
2022-01-01,99F,"NHS CASTLE POINT AND ROCHFORD",1025,5533.3,0,0
2022-01-01,03H,"NHS NORTH EAST LINCOLNSHIRE",1055,5671,0,0
2022-01-01,00V,"NHS BURY",1077,5615.16,0,0
2022-01-01,05D,"NHS EAST STAFFORDSHIRE",1078,3603.14,0,0
2022-01-01,00N,"NHS SOUTH TYNESIDE",1126,5316.55,0,0
2022-01-01,04Y,"NHS CANNOCK CHASE",1181,7292.2,0,0
2022-01-01,03Q,"NHS VALE OF YORK",1236,4905.84,0,0
2022-01-01,01E,"NHS GREATER PRESTON",1268,8002.07,0,0
2022-01-01,00R,"NHS BLACKPOOL",1311,5899.05,0,0
2022-01-01,00X,"NHS CHORLEY AND SOUTH RIBBLE",1314,8663.46,0,0
2022-01-01,01D,"NHS HEYWOOD, MIDDLETON AND ROCHDALE",1361,6645.38,0,0
2022-01-01,03K,"NHS NORTH LINCOLNSHIRE",1418,6981.31,0,0
2022-01-01,02T,"NHS CALDERDALE",1429,5015.35,0,0
2022-01-01,99G,"NHS SOUTHEND",1454,4441.09,0,0
2022-01-01,02M,"NHS FYLDE AND WYRE",1487,5270.8,0,0
2022-01-01,99E,"NHS BASILDON AND BRENTWOOD",1533,5361.12,0,0
2022-01-01,05V,"NHS STAFFORD AND SURROUNDS",1550,6400.56,0,0
2022-01-01,01G,"NHS SALFORD",1657,6673.3,0,0
2022-01-01,01V,"NHS SOUTHPORT AND FORMBY",1713,7221.56,0,0
2022-01-01,10R,"NHS PORTSMOUTH",1739,5458.32,0,0
2022-01-01,00T,"NHS BOLTON",1745,15352.92,0,0
2022-01-01,05Q,"NHS SOUTH EAST STAFFORDSHIRE AND SEISDON PENINSULA",1748,9499.36,0,0
2022-01-01,07H,"NHS WEST ESSEX",1878,5984.89,0,0
2022-01-01,00Y,"NHS OLDHAM",1889,9472.67,0,0
2022-01-01,99C,"NHS NORTH TYNESIDE",1889,4610.1,0,0
2022-01-01,02A,"NHS TRAFFORD",1916,9301.42,0,0
2022-01-01,01H,"NHS NORTH CUMBRIA",1971,6711.87,0,0
2022-01-01,01F,"NHS HALTON",1998,11832.16,0,0
2022-01-01,07K,"NHS WEST SUFFOLK",2017,6744.72,0,0
2022-01-01,00Q,"NHS BLACKBURN WITH DARWEN",2022,8670.51,0,0
2022-01-01,02X,"NHS DONCASTER",2038,9779.01,0,0
2022-01-01,03F,"NHS HULL",2052,10908.02,0,0
2022-01-01,02Y,"NHS EAST RIDING OF YORKSHIRE",2053,8221.03,0,0
2022-01-01,01J,"NHS KNOWSLEY",2061,11745.7,0,0
2022-01-01,03L,"NHS ROTHERHAM",2113,11210.11,0,0
2022-01-01,05G,"NHS NORTH STAFFORDSHIRE",2115,11497.81,0,0
2022-01-01,02E,"NHS WARRINGTON",2167,17933.66,0,0
2022-01-01,U2G6B,"NHS THAMES VALLEY ICB - U2G6B",2237,11176.52,0,0
2022-01-01,00P,"NHS SUNDERLAND",2269,7022.4,0,0
2022-01-01,01T,"NHS SOUTH SEFTON",2413,11431.6,0,0
2022-01-01,00L,"NHS NORTHUMBERLAND",2419,11917.43,0,0
2022-01-01,01A,"NHS EAST LANCASHIRE",2517,19269.21,0,0
2022-01-01,15A,"NHS BERKSHIRE WEST",2562,9178.52,0,0
2022-01-01,01Y,"NHS TAMESIDE AND GLOSSOP",2635,8993.73,0,0
2022-01-01,05W,"NHS STOKE ON TRENT",2695,10905.67,0,0
2022-01-01,02P,"NHS BARNSLEY",2818,16930.77,0,0
2022-01-01,01K,"NHS MORECAMBE BAY",2830,11160.12,0,0
2022-01-01,03W,"NHS EAST LEICESTERSHIRE AND RUTLAND",2953,12849.12,0,0
2022-01-01,14Y,"NHS BUCKINGHAMSHIRE",3132,9730.67,0,0
2022-01-01,02H,"NHS WIGAN BOROUGH",3135,22906.48,0,0
2022-01-01,03R,"NHS WAKEFIELD",3205,16268.2,0,0
2022-01-01,04C,"NHS LEICESTER CITY",3212,14697.36,0,0
2022-01-01,01W,"NHS STOCKPORT",3274,10837.89,0,0
2022-01-01,X2C4Y,"NHS KIRKLEES",3684,14737.53,0,0
2022-01-01,06Q,"NHS MID ESSEX",3698,12595.64,0,0
2022-01-01,06L,"NHS IPSWICH AND EAST SUFFOLK",3806,12340.59,0,0
2022-01-01,10Q,"NHS OXFORDSHIRE",3835,19892.53,0,0
2022-01-01,06N,"NHS HERTS VALLEYS",3884,13747.74,0,0
2022-01-01,42D,"NHS NORTH YORKSHIRE",3950,13069.17,0,0
2022-01-01,01X,"NHS ST HELENS",4075,22466.89,0,0
2022-01-01,36J,"NHS BRADFORD DISTRICT AND CRAVEN",4271,23045.15,0,0
2022-01-01,06K,"NHS EAST AND NORTH HERTFORDSHIRE",4326,13836.29,0,0
2022-01-01,04V,"NHS WEST LEICESTERSHIRE",4336,17248.67,0,0
2022-01-01,15F,"NHS LEEDS",4341,16829.69,0,0
2022-01-01,84H,"NHS COUNTY DURHAM",4400,16498.86,0,0
2022-01-01,M2L0M,"NHS SHROPSHIRE, TELFORD AND WREKIN",4458,20523.74,0,0
2022-01-01,13T,"NHS NEWCASTLE GATESHEAD",4474,17415.12,0,0
2022-01-01,09D,"NHS BRIGHTON AND HOVE",4582,9445.48,0,0
2022-01-01,12F,"NHS WIRRAL",4634,18146.27,0,0
2022-01-01,06T,"NHS NORTH EAST ESSEX",5309,16846.41,0,0
2022-01-01,14L,"NHS MANCHESTER",5407,19510.59,0,0
2022-01-01,16C,"NHS TEES VALLEY",5407,29118.54,0,0
2022-01-01,03N,"NHS SHEFFIELD",5425,17761.05,0,0
2022-01-01,11X,"NHS SOMERSET",6031,19203.79,0,0
2022-01-01,27D,"NHS CHESHIRE",6247,25867.68,0,0
2022-01-01,52R,"NHS NOTTINGHAM AND NOTTINGHAMSHIRE",6434,27029.24,0,0
2022-01-01,70F,"NHS WEST SUSSEX",6534,21360.46,0,0
2022-01-01,78H,"NHS NORTHAMPTONSHIRE",6623,16921.91,0,0
2022-01-01,M1J4Y,"NHS BEDFORDSHIRE, LUTON AND MILTON KEYNES",6774,22507.51,0,0
2022-01-01,72Q,"NHS SOUTH EAST LONDON",6977,18767.55,0,0
2022-01-01,97R,"NHS EAST SUSSEX",7043,26805.29,0,0
2022-01-01,11N,"NHS CORNWALL AND THE ISLES OF SCILLY",7083,15084.91,0,0
2022-01-01,06H,"NHS CAMBRIDGESHIRE AND PETERBOROUGH",7502,24938.34,0,0
2022-01-01,99A,"NHS LIVERPOOL",7580,34358.54,0,0
2022-01-01,11J,"NHS DORSET",7701,21480.04,0,0
2022-01-01,11M,"NHS GLOUCESTERSHIRE",7934,23761.69,0,0
2022-01-01,B2M3M,"NHS COVENTRY AND WARWICKSHIRE",8137,38504.22,0,0
2022-01-01,A3A8R,"NHS NORTH EAST LONDON",8163,25921.58,0,0
2022-01-01,18C,"NHS HEREFORDSHIRE AND WORCESTERSHIRE",8408,32237.15,0,0
2022-01-01,92A,"NHS SURREY HEARTLANDS",9011,36269.47,0,0
2022-01-01,92G,"NHS BATH AND NORTH EAST SOMERSET, SWINDON AND WILTSHIRE",9029,21161.49,0,0
2022-01-01,36L,"NHS SOUTH WEST LONDON",9096,25752.61,0,0
2022-01-01,93C,"NHS NORTH CENTRAL LONDON",9101,25039,0,0
2022-01-01,15C,"NHS BRISTOL, NORTH SOMERSET AND SOUTH GLOUCESTERSHIRE",9564,25962.93,0,0
2022-01-01,71E,"NHS LINCOLNSHIRE",9589,38642.14,0,0
2022-01-01,15E,"NHS BIRMINGHAM AND SOLIHULL",10095,41707.29,0,0
2022-01-01,D2P2L,"NHS BLACK COUNTRY",10275,53794.53,0,0
2022-01-01,15M,"NHS DERBY AND DERBYSHIRE",11993,41377.8,0,0
2022-01-01,W2U3Z,"NHS NORTH WEST LONDON",12163,32396.68,0,0
2022-01-01,D9Y0V,"NHS HAMPSHIRE, SOUTHAMPTON AND ISLE OF WIGHT",12277,47581.36,0,0
2022-01-01,91Q,"NHS KENT AND MEDWAY",13933,51977.99,0,0
2022-01-01,15N,"NHS DEVON",14178,40372.28,0,0
2022-01-01,26A,"NHS NORFOLK AND WAVENEY",14549,37260.25,0,0
2022-02-01,09W,"NHS MEDWAY",0,0,0,0
2022-02-01,D4U1Y,"NHS FRIMLEY",372,931.17,0,0
2022-02-01,07G,"NHS THURROCK",575,1722.47,0,0
2022-02-01,02Q,"NHS BASSETLAW",906,1871.22,0,0
2022-02-01,02G,"NHS WEST LANCASHIRE",907,6584.95,0,0
2022-02-01,99F,"NHS CASTLE POINT AND ROCHFORD",970,5003.33,0,0
2022-02-01,00V,"NHS BURY",1002,5070.85,0,0
2022-02-01,03H,"NHS NORTH EAST LINCOLNSHIRE",1002,5654.55,0,0
2022-02-01,05D,"NHS EAST STAFFORDSHIRE",1028,3836.43,0,0
2022-02-01,03Q,"NHS VALE OF YORK",1119,5842.83,0,0
2022-02-01,00N,"NHS SOUTH TYNESIDE",1137,5050.86,0,0
2022-02-01,04Y,"NHS CANNOCK CHASE",1141,8610.87,0,0
2022-02-01,00R,"NHS BLACKPOOL",1177,5702.77,0,0
2022-02-01,00X,"NHS CHORLEY AND SOUTH RIBBLE",1217,7641.42,0,0
2022-02-01,01E,"NHS GREATER PRESTON",1246,9694.19,0,0
2022-02-01,01D,"NHS HEYWOOD, MIDDLETON AND ROCHDALE",1264,5570.51,0,0
2022-02-01,02M,"NHS FYLDE AND WYRE",1356,4856.89,0,0
2022-02-01,99E,"NHS BASILDON AND BRENTWOOD",1366,5001.6,0,0
2022-02-01,99G,"NHS SOUTHEND",1381,4417.05,0,0
2022-02-01,02T,"NHS CALDERDALE",1395,5937.96,0,0
2022-02-01,03K,"NHS NORTH LINCOLNSHIRE",1397,5698.02,0,0
2022-02-01,05V,"NHS STAFFORD AND SURROUNDS",1428,6059.69,0,0
2022-02-01,01V,"NHS SOUTHPORT AND FORMBY",1517,6058.96,0,0
2022-02-01,00T,"NHS BOLTON",1570,8373.01,0,0
2022-02-01,05Q,"NHS SOUTH EAST STAFFORDSHIRE AND SEISDON PENINSULA",1580,8480.01,0,0
2022-02-01,01G,"NHS SALFORD",1656,6220.81,0,0
2022-02-01,10R,"NHS PORTSMOUTH",1662,5350.38,0,0
2022-02-01,99C,"NHS NORTH TYNESIDE",1807,5187.25,0,0
2022-02-01,02A,"NHS TRAFFORD",1820,8364.27,0,0
2022-02-01,00Y,"NHS OLDHAM",1828,8841.93,0,0
2022-02-01,01F,"NHS HALTON",1829,11824.52,0,0
2022-02-01,02X,"NHS DONCASTER",1861,8962.46,0,0
2022-02-01,01H,"NHS NORTH CUMBRIA",1888,6139.64,0,0
2022-02-01,07H,"NHS WEST ESSEX",1902,5823.83,0,0
2022-02-01,00Q,"NHS BLACKBURN WITH DARWEN",1908,7714.11,0,0
2022-02-01,03F,"NHS HULL",1922,9575.15,0,0
2022-02-01,07K,"NHS WEST SUFFOLK",1936,5926.33,0,0
2022-02-01,05G,"NHS NORTH STAFFORDSHIRE",1952,10962.29,0,0
2022-02-01,03L,"NHS ROTHERHAM",1974,10537.16,0,0
2022-02-01,02Y,"NHS EAST RIDING OF YORKSHIRE",2000,9539.24,0,0
2022-02-01,01J,"NHS KNOWSLEY",2045,10100.92,0,0
2022-02-01,02E,"NHS WARRINGTON",2118,15447.41,0,0
2022-02-01,U2G6B,"NHS THAMES VALLEY ICB - U2G6B",2148,11504.12,0,0
2022-02-01,00L,"NHS NORTHUMBERLAND",2197,9214.63,0,0
2022-02-01,00P,"NHS SUNDERLAND",2207,6001.19,0,0
2022-02-01,01T,"NHS SOUTH SEFTON",2357,11087.6,0,0
2022-02-01,15A,"NHS BERKSHIRE WEST",2425,8657.35,0,0
2022-02-01,01A,"NHS EAST LANCASHIRE",2442,20300.95,0,0
2022-02-01,01Y,"NHS TAMESIDE AND GLOSSOP",2449,8897.31,0,0
2022-02-01,05W,"NHS STOKE ON TRENT",2503,10542,0,0
2022-02-01,02P,"NHS BARNSLEY",2640,14598.59,0,0
2022-02-01,01K,"NHS MORECAMBE BAY",2680,10591.35,0,0
2022-02-01,03W,"NHS EAST LEICESTERSHIRE AND RUTLAND",2826,11861.62,0,0
2022-02-01,03R,"NHS WAKEFIELD",2873,13338.44,0,0
2022-02-01,02H,"NHS WIGAN BOROUGH",2974,20409.51,0,0
2022-02-01,14Y,"NHS BUCKINGHAMSHIRE",2995,9431.44,0,0
2022-02-01,01W,"NHS STOCKPORT",3019,10212.14,0,0
2022-02-01,04C,"NHS LEICESTER CITY",3068,13903.75,0,0
2022-02-01,06Q,"NHS MID ESSEX",3525,10329.58,0,0
2022-02-01,06L,"NHS IPSWICH AND EAST SUFFOLK",3530,9645.8,0,0
2022-02-01,X2C4Y,"NHS KIRKLEES",3536,13061.65,0,0
2022-02-01,10Q,"NHS OXFORDSHIRE",3648,20388.64,0,0
2022-02-01,06N,"NHS HERTS VALLEYS",3676,13568.74,0,0
2022-02-01,42D,"NHS NORTH YORKSHIRE",3753,12036.98,0,0
2022-02-01,01X,"NHS ST HELENS",4023,22401.83,0,0
2022-02-01,15F,"NHS LEEDS",4149,17043.87,0,0
2022-02-01,36J,"NHS BRADFORD DISTRICT AND CRAVEN",4149,23711.91,0,0
2022-02-01,84H,"NHS COUNTY DURHAM",4189,14639.66,0,0
2022-02-01,06K,"NHS EAST AND NORTH HERTFORDSHIRE",4198,11688.8,0,0
2022-02-01,M2L0M,"NHS SHROPSHIRE, TELFORD AND WREKIN",4200,18455.9,0,0
2022-02-01,04V,"NHS WEST LEICESTERSHIRE",4232,16073.52,0,0
2022-02-01,09D,"NHS BRIGHTON AND HOVE",4272,8042.13,0,0
2022-02-01,12F,"NHS WIRRAL",4325,14586.38,0,0
2022-02-01,13T,"NHS NEWCASTLE GATESHEAD",4366,16712.99,0,0
2022-02-01,06T,"NHS NORTH EAST ESSEX",5053,15893.27,0,0
2022-02-01,16C,"NHS TEES VALLEY",5155,26398.12,0,0
2022-02-01,14L,"NHS MANCHESTER",5209,17561.7,0,0
2022-02-01,03N,"NHS SHEFFIELD",5225,16785.93,0,0
2022-02-01,11X,"NHS SOMERSET",5631,17508.21,0,0
2022-02-01,52R,"NHS NOTTINGHAM AND NOTTINGHAMSHIRE",6060,27861.13,0,0
2022-02-01,27D,"NHS CHESHIRE",6080,25904.58,0,0
2022-02-01,70F,"NHS WEST SUSSEX",6163,23053.41,0,0
2022-02-01,78H,"NHS NORTHAMPTONSHIRE",6188,16777.19,0,0
2022-02-01,M1J4Y,"NHS BEDFORDSHIRE, LUTON AND MILTON KEYNES",6429,19953.24,0,0
2022-02-01,72Q,"NHS SOUTH EAST LONDON",6543,16709.41,0,0
2022-02-01,97R,"NHS EAST SUSSEX",6765,25439.52,0,0
2022-02-01,11N,"NHS CORNWALL AND THE ISLES OF SCILLY",6809,15198.39,0,0
2022-02-01,06H,"NHS CAMBRIDGESHIRE AND PETERBOROUGH",6961,22443.26,0,0
2022-02-01,99A,"NHS LIVERPOOL",7194,31695.82,0,0
2022-02-01,11J,"NHS DORSET",7449,19588.05,0,0
2022-02-01,11M,"NHS GLOUCESTERSHIRE",7597,20058.02,0,0
2022-02-01,B2M3M,"NHS COVENTRY AND WARWICKSHIRE",7749,33406.36,0,0
2022-02-01,A3A8R,"NHS NORTH EAST LONDON",7882,25327.7,0,0
2022-02-01,18C,"NHS HEREFORDSHIRE AND WORCESTERSHIRE",7918,26749.43,0,0
2022-02-01,92G,"NHS BATH AND NORTH EAST SOMERSET, SWINDON AND WILTSHIRE",8321,18069.07,0,0
2022-02-01,36L,"NHS SOUTH WEST LONDON",8531,22304.29,0,0
2022-02-01,92A,"NHS SURREY HEARTLANDS",8596,34884.1,0,0
2022-02-01,15C,"NHS BRISTOL, NORTH SOMERSET AND SOUTH GLOUCESTERSHIRE",8904,25578.92,0,0
2022-02-01,93C,"NHS NORTH CENTRAL LONDON",8998,24152.39,0,0
2022-02-01,71E,"NHS LINCOLNSHIRE",9186,36832.52,0,0
2022-02-01,15E,"NHS BIRMINGHAM AND SOLIHULL",9455,38539.24,0,0
2022-02-01,D2P2L,"NHS BLACK COUNTRY",9758,52507.45,0,0
2022-02-01,W2U3Z,"NHS NORTH WEST LONDON",11377,31375.96,0,0
2022-02-01,15M,"NHS DERBY AND DERBYSHIRE",11552,39832.52,0,0
2022-02-01,D9Y0V,"NHS HAMPSHIRE, SOUTHAMPTON AND ISLE OF WIGHT",12170,45560.03,0,0
2022-02-01,91Q,"NHS KENT AND MEDWAY",13266,49449.84,0,0
2022-02-01,15N,"NHS DEVON",13402,40505.3,0,0
2022-02-01,26A,"NHS NORFOLK AND WAVENEY",13966,35691.57,0,0
2022-03-01,09W,"NHS MEDWAY",0,0,0,0
2022-03-01,D4U1Y,"NHS FRIMLEY",415,1360.44,0,0
2022-03-01,07G,"NHS THURROCK",587,1577.45,0,0
2022-03-01,02Q,"NHS BASSETLAW",976,3534.11,0,0
2022-03-01,02G,"NHS WEST LANCASHIRE",1038,8563.62,0,0
2022-03-01,99F,"NHS CASTLE POINT AND ROCHFORD",1091,5764.17,0,0
2022-03-01,00V,"NHS BURY",1096,4817.89,0,0
2022-03-01,05D,"NHS EAST STAFFORDSHIRE",1149,4364.79,0,0
2022-03-01,03H,"NHS NORTH EAST LINCOLNSHIRE",1201,5452.19,0,0
2022-03-01,04Y,"NHS CANNOCK CHASE",1244,6335.53,0,0
2022-03-01,00N,"NHS SOUTH TYNESIDE",1317,5847.04,0,0
2022-03-01,01E,"NHS GREATER PRESTON",1338,9739.65,0,0
2022-03-01,03Q,"NHS VALE OF YORK",1360,6024.67,0,0
2022-03-01,00R,"NHS BLACKPOOL",1365,7407.5,0,0
2022-03-01,00X,"NHS CHORLEY AND SOUTH RIBBLE",1371,8398.13,0,0
2022-03-01,01D,"NHS HEYWOOD, MIDDLETON AND ROCHDALE",1456,9089.62,0,0
2022-03-01,99G,"NHS SOUTHEND",1471,3921.32,0,0
2022-03-01,03K,"NHS NORTH LINCOLNSHIRE",1513,6226.4,0,0
2022-03-01,02T,"NHS CALDERDALE",1535,6426.51,0,0
2022-03-01,02M,"NHS FYLDE AND WYRE",1544,6032.33,0,0
2022-03-01,99E,"NHS BASILDON AND BRENTWOOD",1565,4624.27,0,0
2022-03-01,05V,"NHS STAFFORD AND SURROUNDS",1576,6024.82,0,0
2022-03-01,01V,"NHS SOUTHPORT AND FORMBY",1754,7625.77,0,0
2022-03-01,05Q,"NHS SOUTH EAST STAFFORDSHIRE AND SEISDON PENINSULA",1763,8831.23,0,0
2022-03-01,01G,"NHS SALFORD",1809,7530,0,0
2022-03-01,00T,"NHS BOLTON",1953,11832.46,0,0
2022-03-01,10R,"NHS PORTSMOUTH",1953,5788.53,0,0
2022-03-01,02A,"NHS TRAFFORD",1985,9281.03,0,0
2022-03-01,99C,"NHS NORTH TYNESIDE",2023,7392.97,0,0
2022-03-01,07H,"NHS WEST ESSEX",2071,6149.49,0,0
2022-03-01,03F,"NHS HULL",2099,10504.1,0,0
2022-03-01,00Y,"NHS OLDHAM",2115,9509.3,0,0
2022-03-01,02Y,"NHS EAST RIDING OF YORKSHIRE",2131,8874.43,0,0
2022-03-01,01F,"NHS HALTON",2160,12771.92,0,0
2022-03-01,02X,"NHS DONCASTER",2167,10811.96,0,0
2022-03-01,01H,"NHS NORTH CUMBRIA",2170,7588.27,0,0
2022-03-01,00Q,"NHS BLACKBURN WITH DARWEN",2182,9424.73,0,0
2022-03-01,07K,"NHS WEST SUFFOLK",2232,7412.19,0,0
2022-03-01,03L,"NHS ROTHERHAM",2233,11758.8,0,0
2022-03-01,05G,"NHS NORTH STAFFORDSHIRE",2262,12563.89,0,0
2022-03-01,01J,"NHS KNOWSLEY",2278,11105.15,0,0
2022-03-01,00P,"NHS SUNDERLAND",2364,5891.89,0,0
2022-03-01,U2G6B,"NHS THAMES VALLEY ICB - U2G6B",2385,13514.28,0,0
2022-03-01,02E,"NHS WARRINGTON",2426,17121.52,0,0
2022-03-01,00L,"NHS NORTHUMBERLAND",2575,13546.01,0,0
2022-03-01,01T,"NHS SOUTH SEFTON",2591,12166.23,0,0
2022-03-01,01A,"NHS EAST LANCASHIRE",2698,21989.53,0,0
2022-03-01,15A,"NHS BERKSHIRE WEST",2723,11319.75,0,0
2022-03-01,01Y,"NHS TAMESIDE AND GLOSSOP",2872,8817.48,0,0
2022-03-01,05W,"NHS STOKE ON TRENT",2970,12416.68,0,0
2022-03-01,01K,"NHS MORECAMBE BAY",3045,14195.92,0,0
2022-03-01,02P,"NHS BARNSLEY",3063,16014.08,0,0
2022-03-01,03W,"NHS EAST LEICESTERSHIRE AND RUTLAND",3191,13622.19,0,0
2022-03-01,14Y,"NHS BUCKINGHAMSHIRE",3287,10863.11,0,0
2022-03-01,03R,"NHS WAKEFIELD",3310,16179.45,0,0
2022-03-01,02H,"NHS WIGAN BOROUGH",3341,24293.02,0,0
2022-03-01,01W,"NHS STOCKPORT",3406,12581.66,0,0
2022-03-01,04C,"NHS LEICESTER CITY",3438,14365.43,0,0
2022-03-01,X2C4Y,"NHS KIRKLEES",3842,15205.4,0,0
2022-03-01,06Q,"NHS MID ESSEX",4044,13471.77,0,0
2022-03-01,06L,"NHS IPSWICH AND EAST SUFFOLK",4081,11733.37,0,0
2022-03-01,10Q,"NHS OXFORDSHIRE",4126,21411.01,0,0
2022-03-01,42D,"NHS NORTH YORKSHIRE",4293,14506.15,0,0
2022-03-01,06N,"NHS HERTS VALLEYS",4338,16898.79,0,0
2022-03-01,01X,"NHS ST HELENS",4421,24230.56,0,0
2022-03-01,36J,"NHS BRADFORD DISTRICT AND CRAVEN",4552,25897.95,0,0
2022-03-01,15F,"NHS LEEDS",4556,18837.53,0,0
2022-03-01,06K,"NHS EAST AND NORTH HERTFORDSHIRE",4612,15534.95,0,0
2022-03-01,84H,"NHS COUNTY DURHAM",4645,17536.57,0,0
2022-03-01,04V,"NHS WEST LEICESTERSHIRE",4658,18599.41,0,0
2022-03-01,M2L0M,"NHS SHROPSHIRE, TELFORD AND WREKIN",4764,25372.43,0,0
2022-03-01,13T,"NHS NEWCASTLE GATESHEAD",4876,18830.56,0,0
2022-03-01,12F,"NHS WIRRAL",4921,18966.9,0,0
2022-03-01,09D,"NHS BRIGHTON AND HOVE",4922,9663.22,0,0
2022-03-01,06T,"NHS NORTH EAST ESSEX",5532,17867.31,0,0
2022-03-01,16C,"NHS TEES VALLEY",5749,29706.61,0,0
2022-03-01,03N,"NHS SHEFFIELD",5835,19576.79,0,0
2022-03-01,14L,"NHS MANCHESTER",5883,21068.31,0,0
2022-03-01,11X,"NHS SOMERSET",6444,21954.51,0,0
2022-03-01,27D,"NHS CHESHIRE",6687,30750.53,0,0
2022-03-01,70F,"NHS WEST SUSSEX",6834,24159.25,0,0
2022-03-01,52R,"NHS NOTTINGHAM AND NOTTINGHAMSHIRE",6925,31980.73,0,0
2022-03-01,78H,"NHS NORTHAMPTONSHIRE",7113,18337.38,0,0
2022-03-01,M1J4Y,"NHS BEDFORDSHIRE, LUTON AND MILTON KEYNES",7125,23439.39,0,0
2022-03-01,11N,"NHS CORNWALL AND THE ISLES OF SCILLY",7438,17995.38,0,0
2022-03-01,97R,"NHS EAST SUSSEX",7529,28436.01,0,0
2022-03-01,72Q,"NHS SOUTH EAST LONDON",7614,20256.37,0,0
2022-03-01,06H,"NHS CAMBRIDGESHIRE AND PETERBOROUGH",7801,27487.34,0,0
2022-03-01,99A,"NHS LIVERPOOL",8050,36420.16,0,0
2022-03-01,11J,"NHS DORSET",8352,20514.83,0,0
2022-03-01,11M,"NHS GLOUCESTERSHIRE",8424,23542.6,0,0
2022-03-01,B2M3M,"NHS COVENTRY AND WARWICKSHIRE",8833,40555.48,0,0
2022-03-01,18C,"NHS HEREFORDSHIRE AND WORCESTERSHIRE",8884,30318.45,0,0
2022-03-01,A3A8R,"NHS NORTH EAST LONDON",8953,29592.93,0,0
2022-03-01,36L,"NHS SOUTH WEST LONDON",9628,26106.73,0,0
2022-03-01,92G,"NHS BATH AND NORTH EAST SOMERSET, SWINDON AND WILTSHIRE",9652,23861.88,0,0
2022-03-01,92A,"NHS SURREY HEARTLANDS",9746,41497.43,0,0
2022-03-01,93C,"NHS NORTH CENTRAL LONDON",9776,25710.75,0,0
2022-03-01,15C,"NHS BRISTOL, NORTH SOMERSET AND SOUTH GLOUCESTERSHIRE",10050,28048.41,0,0
2022-03-01,71E,"NHS LINCOLNSHIRE",10355,42981.11,0,0
2022-03-01,D2P2L,"NHS BLACK COUNTRY",11034,58722.47,0,0
2022-03-01,15E,"NHS BIRMINGHAM AND SOLIHULL",11040,49411.83,0,0
2022-03-01,W2U3Z,"NHS NORTH WEST LONDON",12980,33452.25,0,0
2022-03-01,15M,"NHS DERBY AND DERBYSHIRE",12999,40768.05,0,0
2022-03-01,D9Y0V,"NHS HAMPSHIRE, SOUTHAMPTON AND ISLE OF WIGHT",13462,55064.64,0,0
2022-03-01,91Q,"NHS KENT AND MEDWAY",14652,56432.36,0,0
2022-03-01,26A,"NHS NORFOLK AND WAVENEY",15296,41063.67,0,0
2022-03-01,15N,"NHS DEVON",15341,48583.15,0,0
2022-04-01,09W,"NHS MEDWAY",0,0,0,0
2022-04-01,D4U1Y,"NHS FRIMLEY",421,1260.94,0,0
2022-04-01,07G,"NHS THURROCK",551,1935.66,0,0
2022-04-01,02Q,"NHS BASSETLAW",894,2830.53,0,0
2022-04-01,02G,"NHS WEST LANCASHIRE",973,7352.82,0,0
2022-04-01,00V,"NHS BURY",1023,4249.53,0,0
2022-04-01,99F,"NHS CASTLE POINT AND ROCHFORD",1023,5031.33,0,0
2022-04-01,05D,"NHS EAST STAFFORDSHIRE",1085,3716.44,0,0
2022-04-01,03H,"NHS NORTH EAST LINCOLNSHIRE",1090,5073.04,0,0
2022-04-01,04Y,"NHS CANNOCK CHASE",1132,7378.96,0,0
2022-04-01,00N,"NHS SOUTH TYNESIDE",1160,5865.8,0,0
2022-04-01,03Q,"NHS VALE OF YORK",1198,6628.23,0,0
2022-04-01,00R,"NHS BLACKPOOL",1254,6836.79,0,0
2022-04-01,01E,"NHS GREATER PRESTON",1275,10071.74,0,0
2022-04-01,00X,"NHS CHORLEY AND SOUTH RIBBLE",1334,9455.56,0,0
2022-04-01,01D,"NHS HEYWOOD, MIDDLETON AND ROCHDALE",1372,7329.12,0,0
2022-04-01,02T,"NHS CALDERDALE",1387,4988.36,0,0
2022-04-01,99G,"NHS SOUTHEND",1403,3612.29,0,0
2022-04-01,03K,"NHS NORTH LINCOLNSHIRE",1416,7634.28,0,0
2022-04-01,05V,"NHS STAFFORD AND SURROUNDS",1449,6669.35,0,0
2022-04-01,02M,"NHS FYLDE AND WYRE",1459,6190.91,0,0
2022-04-01,99E,"NHS BASILDON AND BRENTWOOD",1480,4525.87,0,0
2022-04-01,01V,"NHS SOUTHPORT AND FORMBY",1609,6355.22,0,0
2022-04-01,05Q,"NHS SOUTH EAST STAFFORDSHIRE AND SEISDON PENINSULA",1632,9766.98,0,0
2022-04-01,01G,"NHS SALFORD",1691,7187.07,0,0
2022-04-01,00T,"NHS BOLTON",1719,11236.25,0,0
2022-04-01,10R,"NHS PORTSMOUTH",1784,5565.32,0,0
2022-04-01,99C,"NHS NORTH TYNESIDE",1843,5590.75,0,0
2022-04-01,00Y,"NHS OLDHAM",1849,10135.14,0,0
2022-04-01,02A,"NHS TRAFFORD",1872,11118.58,0,0
2022-04-01,07H,"NHS WEST ESSEX",1934,6255.16,0,0
2022-04-01,03F,"NHS HULL",1960,8510.28,0,0
2022-04-01,02Y,"NHS EAST RIDING OF YORKSHIRE",1992,8535.58,0,0
2022-04-01,02X,"NHS DONCASTER",1996,9296.3,0,0
2022-04-01,07K,"NHS WEST SUFFOLK",2000,6310.54,0,0
2022-04-01,05G,"NHS NORTH STAFFORDSHIRE",2001,10682.74,0,0
2022-04-01,00Q,"NHS BLACKBURN WITH DARWEN",2006,8629.24,0,0
2022-04-01,01F,"NHS HALTON",2016,12587.79,0,0
2022-04-01,01H,"NHS NORTH CUMBRIA",2093,6927.63,0,0
2022-04-01,03L,"NHS ROTHERHAM",2107,12682.39,0,0
2022-04-01,02E,"NHS WARRINGTON",2118,14353.78,0,0
2022-04-01,01J,"NHS KNOWSLEY",2143,10687.06,0,0
2022-04-01,U2G6B,"NHS THAMES VALLEY ICB - U2G6B",2172,13909.32,0,0
2022-04-01,00P,"NHS SUNDERLAND",2180,6233.68,0,0
2022-04-01,00L,"NHS NORTHUMBERLAND",2360,10357.67,0,0
2022-04-01,01T,"NHS SOUTH SEFTON",2420,12285.9,0,0
2022-04-01,15A,"NHS BERKSHIRE WEST",2476,8924.69,0,0
2022-04-01,01A,"NHS EAST LANCASHIRE",2510,20934.34,0,0
2022-04-01,05W,"NHS STOKE ON TRENT",2636,11044.7,0,0
2022-04-01,01Y,"NHS TAMESIDE AND GLOSSOP",2657,9960.8,0,0
2022-04-01,02P,"NHS BARNSLEY",2815,14734.23,0,0
2022-04-01,01K,"NHS MORECAMBE BAY",2931,11234.42,0,0
2022-04-01,03W,"NHS EAST LEICESTERSHIRE AND RUTLAND",2940,12977.93,0,0
2022-04-01,14Y,"NHS BUCKINGHAMSHIRE",3023,11661.56,0,0
2022-04-01,03R,"NHS WAKEFIELD",3054,15442.38,0,0
2022-04-01,02H,"NHS WIGAN BOROUGH",3078,23236.38,0,0
2022-04-01,01W,"NHS STOCKPORT",3085,13517.81,0,0
2022-04-01,04C,"NHS LEICESTER CITY",3294,16793.98,0,0
2022-04-01,X2C4Y,"NHS KIRKLEES",3476,13532.9,0,0
2022-04-01,06Q,"NHS MID ESSEX",3547,11402.87,0,0
2022-04-01,06N,"NHS HERTS VALLEYS",3800,13632.13,0,0
2022-04-01,06L,"NHS IPSWICH AND EAST SUFFOLK",3808,11551.04,0,0
2022-04-01,10Q,"NHS OXFORDSHIRE",3823,20942.58,0,0
2022-04-01,42D,"NHS NORTH YORKSHIRE",3866,14652.53,0,0
2022-04-01,01X,"NHS ST HELENS",4102,22114.84,0,0
2022-04-01,06K,"NHS EAST AND NORTH HERTFORDSHIRE",4122,13046.02,0,0
2022-04-01,36J,"NHS BRADFORD DISTRICT AND CRAVEN",4220,21546.68,0,0
2022-04-01,15F,"NHS LEEDS",4236,18774.41,0,0
2022-04-01,04V,"NHS WEST LEICESTERSHIRE",4312,14839.46,0,0
2022-04-01,M2L0M,"NHS SHROPSHIRE, TELFORD AND WREKIN",4327,19522.12,0,0
2022-04-01,84H,"NHS COUNTY DURHAM",4345,17087.7,0,0
2022-04-01,13T,"NHS NEWCASTLE GATESHEAD",4549,16253.97,0,0
2022-04-01,09D,"NHS BRIGHTON AND HOVE",4654,9383.53,0,0
2022-04-01,12F,"NHS WIRRAL",4787,18430.49,0,0
2022-04-01,06T,"NHS NORTH EAST ESSEX",5190,15420.07,0,0
2022-04-01,14L,"NHS MANCHESTER",5334,18901.36,0,0
2022-04-01,16C,"NHS TEES VALLEY",5512,27242.97,0,0
2022-04-01,03N,"NHS SHEFFIELD",5555,23752.8,0,0
2022-04-01,11X,"NHS SOMERSET",5915,20672.05,0,0
2022-04-01,27D,"NHS CHESHIRE",6088,26941.02,0,0
2022-04-01,70F,"NHS WEST SUSSEX",6305,25048.87,0,0
2022-04-01,52R,"NHS NOTTINGHAM AND NOTTINGHAMSHIRE",6481,32143.1,0,0
2022-04-01,M1J4Y,"NHS BEDFORDSHIRE, LUTON AND MILTON KEYNES",6536,22334.3,0,0
2022-04-01,78H,"NHS NORTHAMPTONSHIRE",6558,17744.17,0,0
2022-04-01,72Q,"NHS SOUTH EAST LONDON",6811,18640.58,0,0
2022-04-01,11N,"NHS CORNWALL AND THE ISLES OF SCILLY",7069,17104.44,0,0
2022-04-01,97R,"NHS EAST SUSSEX",7116,27510.22,0,0
2022-04-01,06H,"NHS CAMBRIDGESHIRE AND PETERBOROUGH",7213,23170.66,0,0
2022-04-01,99A,"NHS LIVERPOOL",7544,35339.21,0,0
2022-04-01,11J,"NHS DORSET",7690,21086.49,0,0
2022-04-01,11M,"NHS GLOUCESTERSHIRE",8126,22101.47,0,0
2022-04-01,B2M3M,"NHS COVENTRY AND WARWICKSHIRE",8137,35443.98,0,0
2022-04-01,18C,"NHS HEREFORDSHIRE AND WORCESTERSHIRE",8325,29121.47,0,0
2022-04-01,A3A8R,"NHS NORTH EAST LONDON",8426,28800.45,0,0
2022-04-01,92G,"NHS BATH AND NORTH EAST SOMERSET, SWINDON AND WILTSHIRE",8852,20370.18,0,0
2022-04-01,92A,"NHS SURREY HEARTLANDS",8972,36615.99,0,0
2022-04-01,36L,"NHS SOUTH WEST LONDON",9041,26135.61,0,0
2022-04-01,93C,"NHS NORTH CENTRAL LONDON",9126,24501.97,0,0
2022-04-01,15C,"NHS BRISTOL, NORTH SOMERSET AND SOUTH GLOUCESTERSHIRE",9212,27766.09,0,0
2022-04-01,71E,"NHS LINCOLNSHIRE",9480,38753.82,0,0
2022-04-01,15E,"NHS BIRMINGHAM AND SOLIHULL",9845,41417.97,0,0
2022-04-01,D2P2L,"NHS BLACK COUNTRY",10212,56072,0,0
2022-04-01,15M,"NHS DERBY AND DERBYSHIRE",11902,40114.94,0,0
2022-04-01,W2U3Z,"NHS NORTH WEST LONDON",12035,30044.82,0,0
2022-04-01,D9Y0V,"NHS HAMPSHIRE, SOUTHAMPTON AND ISLE OF WIGHT",12481,49153.25,0,0
2022-04-01,91Q,"NHS KENT AND MEDWAY",13727,49440.06,0,0
2022-04-01,15N,"NHS DEVON",14240,45570.58,0,0
2022-04-01,26A,"NHS NORFOLK AND WAVENEY",14329,37247.15,0,0
2022-05-01,09W,"NHS MEDWAY",0,0,0,0
2022-05-01,D4U1Y,"NHS FRIMLEY",379,1429.01,0,0
2022-05-01,07G,"NHS THURROCK",612,2048.22,0,0
2022-05-01,02Q,"NHS BASSETLAW",871,2709.89,0,0
2022-05-01,02G,"NHS WEST LANCASHIRE",1049,9104.03,0,0
2022-05-01,03H,"NHS NORTH EAST LINCOLNSHIRE",1071,5162.64,0,0
2022-05-01,00V,"NHS BURY",1085,4720.28,0,0
2022-05-01,04Y,"NHS CANNOCK CHASE",1165,7502.71,0,0
2022-05-01,05D,"NHS EAST STAFFORDSHIRE",1174,5107.39,0,0
2022-05-01,99F,"NHS CASTLE POINT AND ROCHFORD",1174,5627.48,0,0
2022-05-01,00N,"NHS SOUTH TYNESIDE",1240,5845.59,0,0
2022-05-01,01E,"NHS GREATER PRESTON",1254,9299.17,0,0
2022-05-01,03Q,"NHS VALE OF YORK",1297,6644.74,0,0
2022-05-01,00X,"NHS CHORLEY AND SOUTH RIBBLE",1360,11867.87,0,0
2022-05-01,00R,"NHS BLACKPOOL",1377,7389.57,0,0
2022-05-01,01D,"NHS HEYWOOD, MIDDLETON AND ROCHDALE",1381,7392.7,0,0
2022-05-01,03K,"NHS NORTH LINCOLNSHIRE",1392,7439.85,0,0
2022-05-01,99G,"NHS SOUTHEND",1438,3836.5,0,0
2022-05-01,02T,"NHS CALDERDALE",1471,6657.71,0,0
2022-05-01,02M,"NHS FYLDE AND WYRE",1500,5547.85,0,0
2022-05-01,99E,"NHS BASILDON AND BRENTWOOD",1512,4476.99,0,0
2022-05-01,05V,"NHS STAFFORD AND SURROUNDS",1536,6299.71,0,0
2022-05-01,01V,"NHS SOUTHPORT AND FORMBY",1735,7898.63,0,0
2022-05-01,01G,"NHS SALFORD",1773,8281.67,0,0
2022-05-01,05Q,"NHS SOUTH EAST STAFFORDSHIRE AND SEISDON PENINSULA",1785,9933.17,0,0
2022-05-01,10R,"NHS PORTSMOUTH",1831,5441.12,0,0
2022-05-01,00T,"NHS BOLTON",1867,12737.85,0,0
2022-05-01,00Y,"NHS OLDHAM",1873,9014.02,0,0
2022-05-01,03F,"NHS HULL",1978,8494.42,0,0
2022-05-01,02A,"NHS TRAFFORD",1992,8354.95,0,0
2022-05-01,01F,"NHS HALTON",2016,12279.47,0,0
2022-05-01,02Y,"NHS EAST RIDING OF YORKSHIRE",2050,7760.88,0,0
2022-05-01,07K,"NHS WEST SUFFOLK",2050,6261.1,0,0
2022-05-01,01H,"NHS NORTH CUMBRIA",2056,7099.87,0,0
2022-05-01,05G,"NHS NORTH STAFFORDSHIRE",2092,11010.14,0,0
2022-05-01,07H,"NHS WEST ESSEX",2102,6399.07,0,0
2022-05-01,02X,"NHS DONCASTER",2113,12712.41,0,0
2022-05-01,00Q,"NHS BLACKBURN WITH DARWEN",2114,10131.93,0,0
2022-05-01,99C,"NHS NORTH TYNESIDE",2133,7261.5,0,0
2022-05-01,03L,"NHS ROTHERHAM",2142,11325.43,0,0
2022-05-01,01J,"NHS KNOWSLEY",2214,9998.9,0,0
2022-05-01,U2G6B,"NHS THAMES VALLEY ICB - U2G6B",2223,12626.19,0,0
2022-05-01,02E,"NHS WARRINGTON",2255,18628.04,0,0
2022-05-01,00P,"NHS SUNDERLAND",2367,6838.3,0,0
2022-05-01,00L,"NHS NORTHUMBERLAND",2437,12263.38,0,0
2022-05-01,01T,"NHS SOUTH SEFTON",2487,13069.48,0,0
2022-05-01,01A,"NHS EAST LANCASHIRE",2506,19944.29,0,0
2022-05-01,15A,"NHS BERKSHIRE WEST",2628,10242.52,0,0
2022-05-01,01Y,"NHS TAMESIDE AND GLOSSOP",2679,8546.76,0,0
2022-05-01,05W,"NHS STOKE ON TRENT",2721,11738.56,0,0
2022-05-01,01K,"NHS MORECAMBE BAY",2837,13999.56,0,0
2022-05-01,02P,"NHS BARNSLEY",3034,15013.04,0,0
2022-05-01,14Y,"NHS BUCKINGHAMSHIRE",3126,11352.05,0,0
2022-05-01,02H,"NHS WIGAN BOROUGH",3139,23650.19,0,0
2022-05-01,03W,"NHS EAST LEICESTERSHIRE AND RUTLAND",3182,12725.8,0,0
2022-05-01,03R,"NHS WAKEFIELD",3198,18009.4,0,0
2022-05-01,04C,"NHS LEICESTER CITY",3268,13371.79,0,0
2022-05-01,01W,"NHS STOCKPORT",3499,12420.09,0,0
2022-05-01,06Q,"NHS MID ESSEX",3636,13164.88,0,0
2022-05-01,10Q,"NHS OXFORDSHIRE",3737,19757.49,0,0
2022-05-01,X2C4Y,"NHS KIRKLEES",3765,14923.04,0,0
2022-05-01,06L,"NHS IPSWICH AND EAST SUFFOLK",3888,11772.85,0,0
2022-05-01,42D,"NHS NORTH YORKSHIRE",3989,14676.5,0,0
2022-05-01,06N,"NHS HERTS VALLEYS",4003,14560.12,0,0
2022-05-01,01X,"NHS ST HELENS",4336,21820.77,0,0
2022-05-01,06K,"NHS EAST AND NORTH HERTFORDSHIRE",4411,13226.46,0,0
2022-05-01,04V,"NHS WEST LEICESTERSHIRE",4438,15372.44,0,0
2022-05-01,84H,"NHS COUNTY DURHAM",4485,18523.5,0,0
2022-05-01,15F,"NHS LEEDS",4509,20180.95,0,0
2022-05-01,36J,"NHS BRADFORD DISTRICT AND CRAVEN",4538,25842.02,0,0
2022-05-01,13T,"NHS NEWCASTLE GATESHEAD",4631,16347.08,0,0
2022-05-01,M2L0M,"NHS SHROPSHIRE, TELFORD AND WREKIN",4656,24911.04,0,0
2022-05-01,12F,"NHS WIRRAL",4759,19161.89,0,0
2022-05-01,09D,"NHS BRIGHTON AND HOVE",4811,9963.55,0,0
2022-05-01,06T,"NHS NORTH EAST ESSEX",5263,16399.13,0,0
2022-05-01,16C,"NHS TEES VALLEY",5517,24960,0,0
2022-05-01,14L,"NHS MANCHESTER",5611,20369.71,0,0
2022-05-01,03N,"NHS SHEFFIELD",5707,19290.21,0,0
2022-05-01,11X,"NHS SOMERSET",6101,22008.24,0,0
2022-05-01,27D,"NHS CHESHIRE",6524,29380.11,0,0
2022-05-01,52R,"NHS NOTTINGHAM AND NOTTINGHAMSHIRE",6748,29543.66,0,0
2022-05-01,70F,"NHS WEST SUSSEX",6798,24448.27,0,0
2022-05-01,78H,"NHS NORTHAMPTONSHIRE",6919,19670.03,0,0
2022-05-01,M1J4Y,"NHS BEDFORDSHIRE, LUTON AND MILTON KEYNES",6979,23608.42,0,0
2022-05-01,72Q,"NHS SOUTH EAST LONDON",7142,20409.27,0,0
2022-05-01,11N,"NHS CORNWALL AND THE ISLES OF SCILLY",7301,16430.53,0,0
2022-05-01,06H,"NHS CAMBRIDGESHIRE AND PETERBOROUGH",7323,24719.81,0,0
2022-05-01,97R,"NHS EAST SUSSEX",7500,29354.34,0,0
2022-05-01,99A,"NHS LIVERPOOL",7670,33336.79,0,0
2022-05-01,11J,"NHS DORSET",8045,21757.23,0,0
2022-05-01,11M,"NHS GLOUCESTERSHIRE",8120,23407.3,0,0
2022-05-01,A3A8R,"NHS NORTH EAST LONDON",8371,28043.16,0,0
2022-05-01,B2M3M,"NHS COVENTRY AND WARWICKSHIRE",8392,37547.9,0,0
2022-05-01,18C,"NHS HEREFORDSHIRE AND WORCESTERSHIRE",8760,31065.93,0,0
2022-05-01,92G,"NHS BATH AND NORTH EAST SOMERSET, SWINDON AND WILTSHIRE",9135,20810.31,0,0
2022-05-01,92A,"NHS SURREY HEARTLANDS",9149,36541.44,0,0
2022-05-01,93C,"NHS NORTH CENTRAL LONDON",9286,26202.09,0,0
2022-05-01,36L,"NHS SOUTH WEST LONDON",9321,23969.4,0,0
2022-05-01,15C,"NHS BRISTOL, NORTH SOMERSET AND SOUTH GLOUCESTERSHIRE",9570,30809.99,0,0
2022-05-01,71E,"NHS LINCOLNSHIRE",9854,43774.39,0,0
2022-05-01,15E,"NHS BIRMINGHAM AND SOLIHULL",10487,47080.15,0,0
2022-05-01,D2P2L,"NHS BLACK COUNTRY",10801,59152.69,0,0
2022-05-01,W2U3Z,"NHS NORTH WEST LONDON",12344,31329.41,0,0
2022-05-01,15M,"NHS DERBY AND DERBYSHIRE",12632,44895.84,0,0
2022-05-01,D9Y0V,"NHS HAMPSHIRE, SOUTHAMPTON AND ISLE OF WIGHT",13005,51254.13,0,0
2022-05-01,91Q,"NHS KENT AND MEDWAY",14428,53704.77,0,0
2022-05-01,15N,"NHS DEVON",14715,49894.49,0,0
2022-05-01,26A,"NHS NORFOLK AND WAVENEY",14776,40311.62,0,0
2022-06-01,09W,"NHS MEDWAY",0,0,0,0
2022-06-01,D4U1Y,"NHS FRIMLEY",418,1400.73,0,0
2022-06-01,07G,"NHS THURROCK",579,1858.31,0,0
2022-06-01,02Q,"NHS BASSETLAW",925,3079.91,0,0
2022-06-01,02G,"NHS WEST LANCASHIRE",938,6986.07,0,0
2022-06-01,00V,"NHS BURY",1015,6194.52,0,0
2022-06-01,03H,"NHS NORTH EAST LINCOLNSHIRE",1068,7134.88,0,0
2022-06-01,99F,"NHS CASTLE POINT AND ROCHFORD",1079,5385.61,0,0
2022-06-01,05D,"NHS EAST STAFFORDSHIRE",1098,4240.05,0,0
2022-06-01,04Y,"NHS CANNOCK CHASE",1206,7170.3,0,0
2022-06-01,01E,"NHS GREATER PRESTON",1221,9921.8,0,0
2022-06-01,00N,"NHS SOUTH TYNESIDE",1226,5336.95,0,0
2022-06-01,03Q,"NHS VALE OF YORK",1277,7463.4,0,0
2022-06-01,00X,"NHS CHORLEY AND SOUTH RIBBLE",1302,9189.9,0,0
2022-06-01,00R,"NHS BLACKPOOL",1307,6276.75,0,0
2022-06-01,01D,"NHS HEYWOOD, MIDDLETON AND ROCHDALE",1339,7971.41,0,0
2022-06-01,02T,"NHS CALDERDALE",1352,5370.62,0,0
2022-06-01,02M,"NHS FYLDE AND WYRE",1360,6239.41,0,0
2022-06-01,03K,"NHS NORTH LINCOLNSHIRE",1363,6475.56,0,0
2022-06-01,99G,"NHS SOUTHEND",1402,4007.63,0,0
2022-06-01,05V,"NHS STAFFORD AND SURROUNDS",1437,6609.59,0,0
2022-06-01,99E,"NHS BASILDON AND BRENTWOOD",1485,4674.18,0,0
2022-06-01,01G,"NHS SALFORD",1633,7079.46,0,0
2022-06-01,05Q,"NHS SOUTH EAST STAFFORDSHIRE AND SEISDON PENINSULA",1700,9154.12,0,0
2022-06-01,00T,"NHS BOLTON",1704,9793.33,0,0
2022-06-01,01V,"NHS SOUTHPORT AND FORMBY",1729,7295.4,0,0
2022-06-01,10R,"NHS PORTSMOUTH",1769,5970.1,0,0
2022-06-01,99C,"NHS NORTH TYNESIDE",1837,6028.57,0,0
2022-06-01,00Y,"NHS OLDHAM",1859,9847.73,0,0
2022-06-01,02A,"NHS TRAFFORD",1925,10283.38,0,0
2022-06-01,07H,"NHS WEST ESSEX",1943,7149.11,0,0
2022-06-01,01F,"NHS HALTON",1985,11604.42,0,0
2022-06-01,01H,"NHS NORTH CUMBRIA",1991,8019.8,0,0
2022-06-01,03F,"NHS HULL",2004,10130.74,0,0
2022-06-01,02X,"NHS DONCASTER",2012,11325.62,0,0
2022-06-01,05G,"NHS NORTH STAFFORDSHIRE",2024,10947.45,0,0
2022-06-01,02Y,"NHS EAST RIDING OF YORKSHIRE",2049,8248.15,0,0
2022-06-01,00Q,"NHS BLACKBURN WITH DARWEN",2073,8938.95,0,0
2022-06-01,07K,"NHS WEST SUFFOLK",2088,6533.72,0,0
2022-06-01,03L,"NHS ROTHERHAM",2126,10370.04,0,0
2022-06-01,00P,"NHS SUNDERLAND",2127,5725.41,0,0
2022-06-01,U2G6B,"NHS THAMES VALLEY ICB - U2G6B",2146,11106.22,0,0
2022-06-01,02E,"NHS WARRINGTON",2211,15999.28,0,0
2022-06-01,01J,"NHS KNOWSLEY",2277,10470.86,0,0
2022-06-01,00L,"NHS NORTHUMBERLAND",2356,12677.73,0,0
2022-06-01,15A,"NHS BERKSHIRE WEST",2497,10449.12,0,0
2022-06-01,01T,"NHS SOUTH SEFTON",2520,12756.45,0,0
2022-06-01,01A,"NHS EAST LANCASHIRE",2525,24796.49,0,0
2022-06-01,01Y,"NHS TAMESIDE AND GLOSSOP",2617,8592.51,0,0
2022-06-01,05W,"NHS STOKE ON TRENT",2667,12215.21,0,0
2022-06-01,01K,"NHS MORECAMBE BAY",2812,12238.81,0,0
2022-06-01,03W,"NHS EAST LEICESTERSHIRE AND RUTLAND",2943,13063.51,0,0
2022-06-01,14Y,"NHS BUCKINGHAMSHIRE",2948,10851.33,0,0
2022-06-01,02P,"NHS BARNSLEY",2952,16226.53,0,0
2022-06-01,03R,"NHS WAKEFIELD",3123,17633.87,0,0
2022-06-01,04C,"NHS LEICESTER CITY",3170,14388.58,0,0
2022-06-01,01W,"NHS STOCKPORT",3258,12808.87,0,0
2022-06-01,02H,"NHS WIGAN BOROUGH",3273,23190.94,0,0
2022-06-01,X2C4Y,"NHS KIRKLEES",3598,14152.22,0,0
2022-06-01,06Q,"NHS MID ESSEX",3671,11663.7,0,0
2022-06-01,06L,"NHS IPSWICH AND EAST SUFFOLK",3682,12502,0,0
2022-06-01,10Q,"NHS OXFORDSHIRE",3816,21964.75,0,0
2022-06-01,06N,"NHS HERTS VALLEYS",3867,14663.8,0,0
2022-06-01,42D,"NHS NORTH YORKSHIRE",4004,13813.19,0,0
2022-06-01,01X,"NHS ST HELENS",4211,21019.44,0,0
2022-06-01,36J,"NHS BRADFORD DISTRICT AND CRAVEN",4288,22791.62,0,0
2022-06-01,84H,"NHS COUNTY DURHAM",4291,16474.71,0,0
2022-06-01,06K,"NHS EAST AND NORTH HERTFORDSHIRE",4301,12055.24,0,0
2022-06-01,15F,"NHS LEEDS",4311,20208.48,0,0
2022-06-01,04V,"NHS WEST LEICESTERSHIRE",4392,15034.81,0,0
2022-06-01,09D,"NHS BRIGHTON AND HOVE",4456,8508.37,0,0
2022-06-01,12F,"NHS WIRRAL",4593,18821.98,0,0
2022-06-01,M2L0M,"NHS SHROPSHIRE, TELFORD AND WREKIN",4604,24867.64,0,0
2022-06-01,13T,"NHS NEWCASTLE GATESHEAD",4620,18675.36,0,0
2022-06-01,06T,"NHS NORTH EAST ESSEX",5230,17125.04,0,0
2022-06-01,16C,"NHS TEES VALLEY",5440,27558.62,0,0
2022-06-01,03N,"NHS SHEFFIELD",5568,19441.56,0,0
2022-06-01,14L,"NHS MANCHESTER",5660,18379.26,0,0
2022-06-01,11X,"NHS SOMERSET",5857,22674.55,0,0
2022-06-01,70F,"NHS WEST SUSSEX",6359,25211.18,0,0
2022-06-01,27D,"NHS CHESHIRE",6505,31695.65,0,0
2022-06-01,78H,"NHS NORTHAMPTONSHIRE",6601,17326.69,0,0
2022-06-01,52R,"NHS NOTTINGHAM AND NOTTINGHAMSHIRE",6613,38051.32,0,0
2022-06-01,M1J4Y,"NHS BEDFORDSHIRE, LUTON AND MILTON KEYNES",6702,23244.66,0,0
2022-06-01,72Q,"NHS SOUTH EAST LONDON",6875,19048.69,0,0
2022-06-01,11N,"NHS CORNWALL AND THE ISLES OF SCILLY",6969,16950.57,0,0
2022-06-01,06H,"NHS CAMBRIDGESHIRE AND PETERBOROUGH",7063,24311.94,0,0
2022-06-01,97R,"NHS EAST SUSSEX",7267,27396.39,0,0
2022-06-01,11J,"NHS DORSET",7831,19817.71,0,0
2022-06-01,99A,"NHS LIVERPOOL",7919,34161.03,0,0
2022-06-01,11M,"NHS GLOUCESTERSHIRE",7942,24506.35,0,0
2022-06-01,B2M3M,"NHS COVENTRY AND WARWICKSHIRE",8075,38518.31,0,0
2022-06-01,A3A8R,"NHS NORTH EAST LONDON",8235,27812.33,0,0
2022-06-01,18C,"NHS HEREFORDSHIRE AND WORCESTERSHIRE",8404,32075.03,0,0
2022-06-01,93C,"NHS NORTH CENTRAL LONDON",8894,26539.14,0,0
2022-06-01,92A,"NHS SURREY HEARTLANDS",8904,38861.19,0,0
2022-06-01,92G,"NHS BATH AND NORTH EAST SOMERSET, SWINDON AND WILTSHIRE",8908,20865.18,0,0
2022-06-01,15C,"NHS BRISTOL, NORTH SOMERSET AND SOUTH GLOUCESTERSHIRE",9175,27733.26,0,0
2022-06-01,36L,"NHS SOUTH WEST LONDON",9350,26385.36,0,0
2022-06-01,71E,"NHS LINCOLNSHIRE",9692,42238.55,0,0
2022-06-01,15E,"NHS BIRMINGHAM AND SOLIHULL",10116,43268.46,0,0
2022-06-01,D2P2L,"NHS BLACK COUNTRY",10553,58469.53,0,0
2022-06-01,15M,"NHS DERBY AND DERBYSHIRE",12036,43665.49,0,0
2022-06-01,W2U3Z,"NHS NORTH WEST LONDON",12214,32754.01,0,0
2022-06-01,D9Y0V,"NHS HAMPSHIRE, SOUTHAMPTON AND ISLE OF WIGHT",12677,55753.41,0,0
2022-06-01,91Q,"NHS KENT AND MEDWAY",13775,50661.76,0,0
2022-06-01,15N,"NHS DEVON",14211,46630.78,0,0
2022-06-01,26A,"NHS NORFOLK AND WAVENEY",14532,38151.38,0,0
2022-07-01,09W,"NHS MEDWAY",0,0,0,0
2022-07-01,D4U1Y,"NHS FRIMLEY",350,2440.54,0,0
2022-07-01,07G,"NHS THURROCK",559,1902.78,0,0
2022-07-01,02Q,"NHS BASSETLAW",843,1786.95,0,0
2022-07-01,02G,"NHS WEST LANCASHIRE",1030,8248.43,0,0
2022-07-01,00V,"NHS BURY",1031,6225.04,0,0
2022-07-01,03H,"NHS NORTH EAST LINCOLNSHIRE",1047,5257.42,0,0
2022-07-01,99F,"NHS CASTLE POINT AND ROCHFORD",1059,5301.86,0,0
2022-07-01,05D,"NHS EAST STAFFORDSHIRE",1071,3927.25,0,0
2022-07-01,00N,"NHS SOUTH TYNESIDE",1176,5961.25,0,0
2022-07-01,01E,"NHS GREATER PRESTON",1194,11109.85,0,0
2022-07-01,03Q,"NHS VALE OF YORK",1215,6646.51,0,0
2022-07-01,04Y,"NHS CANNOCK CHASE",1218,8441.42,0,0
2022-07-01,99G,"NHS SOUTHEND",1346,3422.25,0,0
2022-07-01,00R,"NHS BLACKPOOL",1352,6466.96,0,0
2022-07-01,01D,"NHS HEYWOOD, MIDDLETON AND ROCHDALE",1362,7795.8,0,0
2022-07-01,00X,"NHS CHORLEY AND SOUTH RIBBLE",1365,11039.13,0,0
2022-07-01,03K,"NHS NORTH LINCOLNSHIRE",1414,7770.42,0,0
2022-07-01,05V,"NHS STAFFORD AND SURROUNDS",1414,6177.83,0,0
2022-07-01,99E,"NHS BASILDON AND BRENTWOOD",1454,4602.02,0,0
2022-07-01,02T,"NHS CALDERDALE",1466,6693.75,0,0
2022-07-01,02M,"NHS FYLDE AND WYRE",1493,6389.99,0,0
2022-07-01,01V,"NHS SOUTHPORT AND FORMBY",1616,5705.74,0,0
2022-07-01,01G,"NHS SALFORD",1652,8156.29,0,0
2022-07-01,05Q,"NHS SOUTH EAST STAFFORDSHIRE AND SEISDON PENINSULA",1704,9472.49,0,0
2022-07-01,10R,"NHS PORTSMOUTH",1773,6234.48,0,0
2022-07-01,00T,"NHS BOLTON",1776,10571.31,0,0
2022-07-01,00Y,"NHS OLDHAM",1777,10251.93,0,0
2022-07-01,02A,"NHS TRAFFORD",1847,10082.23,0,0
2022-07-01,99C,"NHS NORTH TYNESIDE",1892,6099.61,0,0
2022-07-01,01F,"NHS HALTON",1908,12361.93,0,0
2022-07-01,07H,"NHS WEST ESSEX",1929,5862.44,0,0
2022-07-01,02Y,"NHS EAST RIDING OF YORKSHIRE",1939,7620.89,0,0
2022-07-01,02X,"NHS DONCASTER",1955,9013.65,0,0
2022-07-01,03F,"NHS HULL",1967,10530.82,0,0
2022-07-01,01H,"NHS NORTH CUMBRIA",1972,7925.59,0,0
2022-07-01,03L,"NHS ROTHERHAM",2019,9154.78,0,0
2022-07-01,05G,"NHS NORTH STAFFORDSHIRE",2030,10861.1,0,0
2022-07-01,00Q,"NHS BLACKBURN WITH DARWEN",2036,9321.45,0,0
2022-07-01,U2G6B,"NHS THAMES VALLEY ICB - U2G6B",2076,12705.47,0,0
2022-07-01,07K,"NHS WEST SUFFOLK",2085,6453.24,0,0
2022-07-01,01J,"NHS KNOWSLEY",2119,10049.05,0,0
2022-07-01,00P,"NHS SUNDERLAND",2159,6969.06,0,0
2022-07-01,02E,"NHS WARRINGTON",2177,14391.03,0,0
2022-07-01,00L,"NHS NORTHUMBERLAND",2334,12660.38,0,0
2022-07-01,01T,"NHS SOUTH SEFTON",2366,12065.82,0,0
2022-07-01,15A,"NHS BERKSHIRE WEST",2381,9797.12,0,0
2022-07-01,01A,"NHS EAST LANCASHIRE",2431,23362.61,0,0
2022-07-01,05W,"NHS STOKE ON TRENT",2756,12484.07,0,0
2022-07-01,01K,"NHS MORECAMBE BAY",2787,12797.5,0,0
2022-07-01,01Y,"NHS TAMESIDE AND GLOSSOP",2787,8821.52,0,0
2022-07-01,02P,"NHS BARNSLEY",2869,14439.88,0,0
2022-07-01,14Y,"NHS BUCKINGHAMSHIRE",2969,11306.69,0,0
2022-07-01,02H,"NHS WIGAN BOROUGH",3056,22401.45,0,0
2022-07-01,03W,"NHS EAST LEICESTERSHIRE AND RUTLAND",3060,12012.96,0,0
2022-07-01,03R,"NHS WAKEFIELD",3064,15744.15,0,0
2022-07-01,01W,"NHS STOCKPORT",3097,14105.76,0,0
2022-07-01,04C,"NHS LEICESTER CITY",3177,16434.14,0,0
2022-07-01,06Q,"NHS MID ESSEX",3490,11149.14,0,0
2022-07-01,X2C4Y,"NHS KIRKLEES",3564,12586,0,0
2022-07-01,06N,"NHS HERTS VALLEYS",3606,16015.93,0,0
2022-07-01,06L,"NHS IPSWICH AND EAST SUFFOLK",3711,11757.52,0,0
2022-07-01,10Q,"NHS OXFORDSHIRE",3813,19763.68,0,0
2022-07-01,42D,"NHS NORTH YORKSHIRE",3877,13695.4,0,0
2022-07-01,06K,"NHS EAST AND NORTH HERTFORDSHIRE",4186,13204.27,0,0
2022-07-01,15F,"NHS LEEDS",4200,16757.84,0,0
2022-07-01,01X,"NHS ST HELENS",4206,21996.83,0,0
2022-07-01,36J,"NHS BRADFORD DISTRICT AND CRAVEN",4266,21719.46,0,0
2022-07-01,84H,"NHS COUNTY DURHAM",4307,14935.6,0,0
2022-07-01,04V,"NHS WEST LEICESTERSHIRE",4328,14562.94,0,0
2022-07-01,M2L0M,"NHS SHROPSHIRE, TELFORD AND WREKIN",4514,21340.61,0,0
2022-07-01,09D,"NHS BRIGHTON AND HOVE",4538,8841.8,0,0
2022-07-01,12F,"NHS WIRRAL",4551,19143.19,0,0
2022-07-01,13T,"NHS NEWCASTLE GATESHEAD",4630,19894.91,0,0
2022-07-01,06T,"NHS NORTH EAST ESSEX",5095,15378.9,0,0
2022-07-01,16C,"NHS TEES VALLEY",5271,23405.59,0,0
2022-07-01,14L,"NHS MANCHESTER",5520,20749.02,0,0
2022-07-01,03N,"NHS SHEFFIELD",5572,18939.25,0,0
2022-07-01,11X,"NHS SOMERSET",5773,21856.47,0,0
2022-07-01,70F,"NHS WEST SUSSEX",6120,21549.96,0,0
2022-07-01,27D,"NHS CHESHIRE",6347,29462,0,0
2022-07-01,78H,"NHS NORTHAMPTONSHIRE",6469,17060.24,0,0
2022-07-01,52R,"NHS NOTTINGHAM AND NOTTINGHAMSHIRE",6521,31273.83,0,0
2022-07-01,M1J4Y,"NHS BEDFORDSHIRE, LUTON AND MILTON KEYNES",6651,22751.88,0,0
2022-07-01,72Q,"NHS SOUTH EAST LONDON",6710,18397.05,0,0
2022-07-01,06H,"NHS CAMBRIDGESHIRE AND PETERBOROUGH",7086,24153.3,0,0
2022-07-01,11N,"NHS CORNWALL AND THE ISLES OF SCILLY",7089,16721.28,0,0
2022-07-01,97R,"NHS EAST SUSSEX",7096,25773.18,0,0
2022-07-01,99A,"NHS LIVERPOOL",7484,33440.94,0,0
2022-07-01,11M,"NHS GLOUCESTERSHIRE",7624,22892.58,0,0
2022-07-01,11J,"NHS DORSET",7626,20232.61,0,0
2022-07-01,B2M3M,"NHS COVENTRY AND WARWICKSHIRE",7926,37328.11,0,0
2022-07-01,18C,"NHS HEREFORDSHIRE AND WORCESTERSHIRE",8143,30030.87,0,0
2022-07-01,A3A8R,"NHS NORTH EAST LONDON",8202,29371.79,0,0
2022-07-01,92A,"NHS SURREY HEARTLANDS",8548,36735.65,0,0
2022-07-01,92G,"NHS BATH AND NORTH EAST SOMERSET, SWINDON AND WILTSHIRE",8735,19712.56,0,0
2022-07-01,36L,"NHS SOUTH WEST LONDON",8795,25959.76,0,0
2022-07-01,15C,"NHS BRISTOL, NORTH SOMERSET AND SOUTH GLOUCESTERSHIRE",9007,25852.39,0,0
2022-07-01,93C,"NHS NORTH CENTRAL LONDON",9058,27521.12,0,0
2022-07-01,71E,"NHS LINCOLNSHIRE",9509,42401.23,0,0
2022-07-01,15E,"NHS BIRMINGHAM AND SOLIHULL",9943,43342.26,0,0
2022-07-01,D2P2L,"NHS BLACK COUNTRY",10281,58791.84,0,0
2022-07-01,15M,"NHS DERBY AND DERBYSHIRE",11951,39021.86,0,0
2022-07-01,W2U3Z,"NHS NORTH WEST LONDON",12163,32551.21,0,0
2022-07-01,D9Y0V,"NHS HAMPSHIRE, SOUTHAMPTON AND ISLE OF WIGHT",12343,49280.52,0,0
2022-07-01,91Q,"NHS KENT AND MEDWAY",13246,52340.12,0,0
2022-07-01,26A,"NHS NORFOLK AND WAVENEY",14113,37148.83,0,0
2022-07-01,15N,"NHS DEVON",14227,44705.73,0,0
2022-08-01,09W,"NHS MEDWAY",0,0,0,0
2022-08-01,D4U1Y,"NHS FRIMLEY",415,1550.4,0,0
2022-08-01,07G,"NHS THURROCK",553,1726.53,0,0
2022-08-01,02Q,"NHS BASSETLAW",985,3099.96,0,0
2022-08-01,00V,"NHS BURY",1015,5053.81,0,0
2022-08-01,02G,"NHS WEST LANCASHIRE",1036,8277.72,0,0
2022-08-01,99F,"NHS CASTLE POINT AND ROCHFORD",1064,5170.54,0,0
2022-08-01,03H,"NHS NORTH EAST LINCOLNSHIRE",1074,4890.51,0,0
2022-08-01,05D,"NHS EAST STAFFORDSHIRE",1107,3650.93,0,0
2022-08-01,00N,"NHS SOUTH TYNESIDE",1164,5529.55,0,0
2022-08-01,04Y,"NHS CANNOCK CHASE",1229,8429.75,0,0
2022-08-01,01E,"NHS GREATER PRESTON",1305,9730.98,0,0
2022-08-01,03Q,"NHS VALE OF YORK",1318,8079.37,0,0
2022-08-01,00X,"NHS CHORLEY AND SOUTH RIBBLE",1369,9457.54,0,0
2022-08-01,00R,"NHS BLACKPOOL",1384,5831.22,0,0
2022-08-01,01D,"NHS HEYWOOD, MIDDLETON AND ROCHDALE",1440,8278,0,0
2022-08-01,03K,"NHS NORTH LINCOLNSHIRE",1442,7926.35,0,0
2022-08-01,99G,"NHS SOUTHEND",1459,3873.77,0,0
2022-08-01,02T,"NHS CALDERDALE",1471,5864.7,0,0
2022-08-01,05V,"NHS STAFFORD AND SURROUNDS",1474,6344.47,0,0
2022-08-01,99E,"NHS BASILDON AND BRENTWOOD",1543,4396.76,0,0
2022-08-01,02M,"NHS FYLDE AND WYRE",1544,7566.62,0,0
2022-08-01,01G,"NHS SALFORD",1690,8696.34,0,0
2022-08-01,01V,"NHS SOUTHPORT AND FORMBY",1716,6805.17,0,0
2022-08-01,05Q,"NHS SOUTH EAST STAFFORDSHIRE AND SEISDON PENINSULA",1760,10319.37,0,0
2022-08-01,00T,"NHS BOLTON",1784,12605.79,0,0
2022-08-01,10R,"NHS PORTSMOUTH",1815,5866.3,0,0
2022-08-01,02A,"NHS TRAFFORD",1926,10410.85,0,0
2022-08-01,99C,"NHS NORTH TYNESIDE",1945,6095.26,0,0
2022-08-01,00Y,"NHS OLDHAM",1969,11061.28,0,0
2022-08-01,03F,"NHS HULL",1994,10724.77,0,0
2022-08-01,07H,"NHS WEST ESSEX",2051,6523.8,0,0
2022-08-01,01F,"NHS HALTON",2053,12519.91,0,0
2022-08-01,02Y,"NHS EAST RIDING OF YORKSHIRE",2055,9334.21,0,0
2022-08-01,02X,"NHS DONCASTER",2089,10215.49,0,0
2022-08-01,00Q,"NHS BLACKBURN WITH DARWEN",2103,9721.63,0,0
2022-08-01,07K,"NHS WEST SUFFOLK",2131,6682.66,0,0
2022-08-01,05G,"NHS NORTH STAFFORDSHIRE",2132,10692.21,0,0
2022-08-01,01J,"NHS KNOWSLEY",2134,11026.36,0,0
2022-08-01,01H,"NHS NORTH CUMBRIA",2144,8575.77,0,0
2022-08-01,00P,"NHS SUNDERLAND",2190,6361.99,0,0
2022-08-01,03L,"NHS ROTHERHAM",2286,12552.34,0,0
2022-08-01,U2G6B,"NHS THAMES VALLEY ICB - U2G6B",2291,12329.66,0,0
2022-08-01,02E,"NHS WARRINGTON",2360,15566.07,0,0
2022-08-01,00L,"NHS NORTHUMBERLAND",2442,12052.46,0,0
2022-08-01,01T,"NHS SOUTH SEFTON",2476,12397.76,0,0
2022-08-01,01A,"NHS EAST LANCASHIRE",2488,24584.32,0,0
2022-08-01,15A,"NHS BERKSHIRE WEST",2553,10125.98,0,0
2022-08-01,05W,"NHS STOKE ON TRENT",2650,10260.07,0,0
2022-08-01,01Y,"NHS TAMESIDE AND GLOSSOP",2788,10200.51,0,0
2022-08-01,14Y,"NHS BUCKINGHAMSHIRE",2990,12510.49,0,0
2022-08-01,01K,"NHS MORECAMBE BAY",3016,12397.49,0,0
2022-08-01,03W,"NHS EAST LEICESTERSHIRE AND RUTLAND",3043,12300.44,0,0
2022-08-01,02P,"NHS BARNSLEY",3081,18267.65,0,0
2022-08-01,02H,"NHS WIGAN BOROUGH",3203,22673.43,0,0
2022-08-01,01W,"NHS STOCKPORT",3233,13427.35,0,0
2022-08-01,03R,"NHS WAKEFIELD",3270,17158.49,0,0
2022-08-01,04C,"NHS LEICESTER CITY",3381,12774.12,0,0
2022-08-01,06Q,"NHS MID ESSEX",3662,11681.38,0,0
2022-08-01,06L,"NHS IPSWICH AND EAST SUFFOLK",3705,10350.32,0,0
2022-08-01,X2C4Y,"NHS KIRKLEES",3724,16317.05,0,0
2022-08-01,06N,"NHS HERTS VALLEYS",3885,15717.66,0,0
2022-08-01,10Q,"NHS OXFORDSHIRE",3985,24242.55,0,0
2022-08-01,42D,"NHS NORTH YORKSHIRE",4051,13505.56,0,0
2022-08-01,06K,"NHS EAST AND NORTH HERTFORDSHIRE",4354,14673.63,0,0
2022-08-01,01X,"NHS ST HELENS",4420,19861.04,0,0
2022-08-01,36J,"NHS BRADFORD DISTRICT AND CRAVEN",4448,24412.54,0,0
2022-08-01,84H,"NHS COUNTY DURHAM",4481,16673,0,0
2022-08-01,15F,"NHS LEEDS",4484,21041.76,0,0
2022-08-01,04V,"NHS WEST LEICESTERSHIRE",4488,15923.98,0,0
2022-08-01,M2L0M,"NHS SHROPSHIRE, TELFORD AND WREKIN",4634,22670.87,0,0
2022-08-01,13T,"NHS NEWCASTLE GATESHEAD",4717,17534.49,0,0
2022-08-01,12F,"NHS WIRRAL",4726,20008.23,0,0
2022-08-01,09D,"NHS BRIGHTON AND HOVE",4807,10211.06,0,0
2022-08-01,06T,"NHS NORTH EAST ESSEX",5243,16576.48,0,0
2022-08-01,16C,"NHS TEES VALLEY",5492,26764.71,0,0
2022-08-01,14L,"NHS MANCHESTER",5694,22129.48,0,0
2022-08-01,03N,"NHS SHEFFIELD",5876,20697.58,0,0
2022-08-01,11X,"NHS SOMERSET",6177,21827.54,0,0
2022-08-01,70F,"NHS WEST SUSSEX",6535,26038.3,0,0
2022-08-01,27D,"NHS CHESHIRE",6579,31182.35,0,0
2022-08-01,52R,"NHS NOTTINGHAM AND NOTTINGHAMSHIRE",6722,31609.92,0,0
2022-08-01,M1J4Y,"NHS BEDFORDSHIRE, LUTON AND MILTON KEYNES",6808,22545.1,0,0
2022-08-01,78H,"NHS NORTHAMPTONSHIRE",6814,19651.82,0,0
2022-08-01,72Q,"NHS SOUTH EAST LONDON",7012,17011.57,0,0
2022-08-01,11N,"NHS CORNWALL AND THE ISLES OF SCILLY",7213,16735.54,0,0
2022-08-01,97R,"NHS EAST SUSSEX",7322,26503.29,0,0
2022-08-01,06H,"NHS CAMBRIDGESHIRE AND PETERBOROUGH",7433,23695.56,0,0
2022-08-01,11J,"NHS DORSET",7841,21178.87,0,0
2022-08-01,99A,"NHS LIVERPOOL",7932,34945.9,0,0
2022-08-01,11M,"NHS GLOUCESTERSHIRE",8175,22819.29,0,0
2022-08-01,B2M3M,"NHS COVENTRY AND WARWICKSHIRE",8386,39144.82,0,0
2022-08-01,A3A8R,"NHS NORTH EAST LONDON",8391,29010.41,0,0
2022-08-01,18C,"NHS HEREFORDSHIRE AND WORCESTERSHIRE",8809,31646.64,0,0
2022-08-01,92A,"NHS SURREY HEARTLANDS",8966,37898.34,0,0
2022-08-01,36L,"NHS SOUTH WEST LONDON",8990,24965.28,0,0
2022-08-01,92G,"NHS BATH AND NORTH EAST SOMERSET, SWINDON AND WILTSHIRE",9134,19756.02,0,0
2022-08-01,15C,"NHS BRISTOL, NORTH SOMERSET AND SOUTH GLOUCESTERSHIRE",9218,28495.15,0,0
2022-08-01,93C,"NHS NORTH CENTRAL LONDON",9221,26326.57,0,0
2022-08-01,71E,"NHS LINCOLNSHIRE",9729,43019.91,0,0
2022-08-01,15E,"NHS BIRMINGHAM AND SOLIHULL",10433,49143.66,0,0
2022-08-01,D2P2L,"NHS BLACK COUNTRY",10743,59017.18,0,0
2022-08-01,W2U3Z,"NHS NORTH WEST LONDON",12245,29872.58,0,0
2022-08-01,15M,"NHS DERBY AND DERBYSHIRE",12509,42641.47,0,0
2022-08-01,D9Y0V,"NHS HAMPSHIRE, SOUTHAMPTON AND ISLE OF WIGHT",12740,56016.22,0,0
2022-08-01,91Q,"NHS KENT AND MEDWAY",13999,50744.67,0,0
2022-08-01,15N,"NHS DEVON",14386,47712.05,0,0
2022-08-01,26A,"NHS NORFOLK AND WAVENEY",14904,36169.74,0,0
2022-09-01,09W,"NHS MEDWAY",0,0,0,0
2022-09-01,D4U1Y,"NHS FRIMLEY",388,1472.56,0,0
2022-09-01,07G,"NHS THURROCK",584,1952.09,0,0
2022-09-01,02Q,"NHS BASSETLAW",894,2538.17,0,0
2022-09-01,03H,"NHS NORTH EAST LINCOLNSHIRE",1032,5445.04,0,0
2022-09-01,02G,"NHS WEST LANCASHIRE",1044,8702.35,0,0
2022-09-01,00V,"NHS BURY",1065,6853.44,0,0
2022-09-01,99F,"NHS CASTLE POINT AND ROCHFORD",1093,4349.02,0,0
2022-09-01,05D,"NHS EAST STAFFORDSHIRE",1142,5000.82,0,0
2022-09-01,00N,"NHS SOUTH TYNESIDE",1168,5589.33,0,0
2022-09-01,04Y,"NHS CANNOCK CHASE",1176,8366.26,0,0
2022-09-01,01E,"NHS GREATER PRESTON",1232,10399.73,0,0
2022-09-01,03Q,"NHS VALE OF YORK",1237,5835.38,0,0
2022-09-01,00R,"NHS BLACKPOOL",1350,7461.63,0,0
2022-09-01,00X,"NHS CHORLEY AND SOUTH RIBBLE",1383,10335.38,0,0
2022-09-01,03K,"NHS NORTH LINCOLNSHIRE",1386,6841.55,0,0
2022-09-01,01D,"NHS HEYWOOD, MIDDLETON AND ROCHDALE",1399,8285.63,0,0
2022-09-01,05V,"NHS STAFFORD AND SURROUNDS",1431,7170.95,0,0
2022-09-01,99G,"NHS SOUTHEND",1462,4307.63,0,0
2022-09-01,02M,"NHS FYLDE AND WYRE",1465,6964.02,0,0
2022-09-01,02T,"NHS CALDERDALE",1470,5310.16,0,0
2022-09-01,99E,"NHS BASILDON AND BRENTWOOD",1473,4417.34,0,0
2022-09-01,01V,"NHS SOUTHPORT AND FORMBY",1595,5872.35,0,0
2022-09-01,01G,"NHS SALFORD",1653,8080.28,0,0
2022-09-01,05Q,"NHS SOUTH EAST STAFFORDSHIRE AND SEISDON PENINSULA",1674,9427.86,0,0
2022-09-01,00T,"NHS BOLTON",1793,11701.52,0,0
2022-09-01,10R,"NHS PORTSMOUTH",1803,5563.34,0,0
2022-09-01,99C,"NHS NORTH TYNESIDE",1871,7238.85,0,0
2022-09-01,00Y,"NHS OLDHAM",1909,10543.3,0,0
2022-09-01,03F,"NHS HULL",1935,10930.13,0,0
2022-09-01,07K,"NHS WEST SUFFOLK",1988,6582.17,0,0
2022-09-01,02A,"NHS TRAFFORD",1998,11346.14,0,0
2022-09-01,07H,"NHS WEST ESSEX",2046,7195.23,0,0
2022-09-01,02Y,"NHS EAST RIDING OF YORKSHIRE",2062,9105.05,0,0
2022-09-01,01H,"NHS NORTH CUMBRIA",2064,8445.47,0,0
2022-09-01,02X,"NHS DONCASTER",2097,10538.25,0,0
2022-09-01,00Q,"NHS BLACKBURN WITH DARWEN",2101,9474.69,0,0
2022-09-01,01F,"NHS HALTON",2106,10842.56,0,0
2022-09-01,03L,"NHS ROTHERHAM",2130,11200.28,0,0
2022-09-01,05G,"NHS NORTH STAFFORDSHIRE",2154,13326.44,0,0
2022-09-01,01J,"NHS KNOWSLEY",2181,10418.96,0,0
2022-09-01,00P,"NHS SUNDERLAND",2182,6122.43,0,0
2022-09-01,02E,"NHS WARRINGTON",2298,15343.52,0,0
2022-09-01,U2G6B,"NHS THAMES VALLEY ICB - U2G6B",2316,13996.38,0,0
2022-09-01,01T,"NHS SOUTH SEFTON",2471,11972.89,0,0
2022-09-01,00L,"NHS NORTHUMBERLAND",2488,12291.32,0,0
2022-09-01,15A,"NHS BERKSHIRE WEST",2527,9026.17,0,0
2022-09-01,01A,"NHS EAST LANCASHIRE",2565,25192.05,0,0
2022-09-01,05W,"NHS STOKE ON TRENT",2612,11038.53,0,0
2022-09-01,01Y,"NHS TAMESIDE AND GLOSSOP",2783,10044.95,0,0
2022-09-01,01K,"NHS MORECAMBE BAY",2937,11824.43,0,0
2022-09-01,14Y,"NHS BUCKINGHAMSHIRE",2963,12066.95,0,0
2022-09-01,03W,"NHS EAST LEICESTERSHIRE AND RUTLAND",3032,12964.57,0,0
2022-09-01,02P,"NHS BARNSLEY",3033,14797.97,0,0
2022-09-01,03R,"NHS WAKEFIELD",3159,14390.17,0,0
2022-09-01,01W,"NHS STOCKPORT",3246,13866.05,0,0
2022-09-01,02H,"NHS WIGAN BOROUGH",3258,23382.02,0,0
2022-09-01,04C,"NHS LEICESTER CITY",3338,16337.2,0,0
2022-09-01,X2C4Y,"NHS KIRKLEES",3615,14183.58,0,0
2022-09-01,06Q,"NHS MID ESSEX",3648,12022.14,0,0
2022-09-01,06L,"NHS IPSWICH AND EAST SUFFOLK",3797,10412.97,0,0
2022-09-01,42D,"NHS NORTH YORKSHIRE",3860,14541.11,0,0
2022-09-01,10Q,"NHS OXFORDSHIRE",3913,22165.21,0,0
2022-09-01,06N,"NHS HERTS VALLEYS",3914,16053.37,0,0
2022-09-01,15F,"NHS LEEDS",4248,18630.41,0,0
2022-09-01,06K,"NHS EAST AND NORTH HERTFORDSHIRE",4303,13142.23,0,0
2022-09-01,01X,"NHS ST HELENS",4307,21611.32,0,0
2022-09-01,84H,"NHS COUNTY DURHAM",4421,17819.91,0,0
2022-09-01,36J,"NHS BRADFORD DISTRICT AND CRAVEN",4435,22286.19,0,0
2022-09-01,04V,"NHS WEST LEICESTERSHIRE",4474,15145.79,0,0
2022-09-01,09D,"NHS BRIGHTON AND HOVE",4501,8172.69,0,0
2022-09-01,M2L0M,"NHS SHROPSHIRE, TELFORD AND WREKIN",4506,22091.32,0,0
2022-09-01,13T,"NHS NEWCASTLE GATESHEAD",4611,19374.43,0,0
2022-09-01,12F,"NHS WIRRAL",4648,20858.73,0,0
2022-09-01,06T,"NHS NORTH EAST ESSEX",5257,15641.95,0,0
2022-09-01,16C,"NHS TEES VALLEY",5516,26565.67,0,0
2022-09-01,03N,"NHS SHEFFIELD",5521,19655.67,0,0
2022-09-01,14L,"NHS MANCHESTER",5805,22352.44,0,0
2022-09-01,11X,"NHS SOMERSET",5924,23124.34,0,0
2022-09-01,70F,"NHS WEST SUSSEX",6346,23929.7,0,0
2022-09-01,27D,"NHS CHESHIRE",6527,28684.89,0,0
2022-09-01,52R,"NHS NOTTINGHAM AND NOTTINGHAMSHIRE",6644,32556.33,0,0
2022-09-01,72Q,"NHS SOUTH EAST LONDON",6765,18135.77,0,0
2022-09-01,M1J4Y,"NHS BEDFORDSHIRE, LUTON AND MILTON KEYNES",6854,22644.35,0,0
2022-09-01,78H,"NHS NORTHAMPTONSHIRE",6919,18629.21,0,0
2022-09-01,11N,"NHS CORNWALL AND THE ISLES OF SCILLY",7232,16086.11,0,0
2022-09-01,97R,"NHS EAST SUSSEX",7355,25371.32,0,0
2022-09-01,06H,"NHS CAMBRIDGESHIRE AND PETERBOROUGH",7394,21220.67,0,0
2022-09-01,11J,"NHS DORSET",7626,19886.35,0,0
2022-09-01,11M,"NHS GLOUCESTERSHIRE",7793,22565.07,0,0
2022-09-01,99A,"NHS LIVERPOOL",7847,35362.23,0,0
2022-09-01,B2M3M,"NHS COVENTRY AND WARWICKSHIRE",8154,36974.79,0,0
2022-09-01,A3A8R,"NHS NORTH EAST LONDON",8362,28698.7,0,0
2022-09-01,18C,"NHS HEREFORDSHIRE AND WORCESTERSHIRE",8452,31785.9,0,0
2022-09-01,92G,"NHS BATH AND NORTH EAST SOMERSET, SWINDON AND WILTSHIRE",8950,20902,0,0
2022-09-01,92A,"NHS SURREY HEARTLANDS",9001,39361.67,0,0
2022-09-01,93C,"NHS NORTH CENTRAL LONDON",9213,24897.63,0,0
2022-09-01,15C,"NHS BRISTOL, NORTH SOMERSET AND SOUTH GLOUCESTERSHIRE",9251,27003.69,0,0
2022-09-01,36L,"NHS SOUTH WEST LONDON",9291,25524.37,0,0
2022-09-01,71E,"NHS LINCOLNSHIRE",9720,42101.12,0,0
2022-09-01,15E,"NHS BIRMINGHAM AND SOLIHULL",10255,45923.38,0,0
2022-09-01,D2P2L,"NHS BLACK COUNTRY",10555,57584.46,0,0
2022-09-01,W2U3Z,"NHS NORTH WEST LONDON",12247,32471.2,0,0
2022-09-01,15M,"NHS DERBY AND DERBYSHIRE",12408,39724.48,0,0
2022-09-01,D9Y0V,"NHS HAMPSHIRE, SOUTHAMPTON AND ISLE OF WIGHT",12631,56442.95,0,0
2022-09-01,91Q,"NHS KENT AND MEDWAY",13597,51787.73,0,0
2022-09-01,26A,"NHS NORFOLK AND WAVENEY",14456,37791.89,0,0
2022-09-01,15N,"NHS DEVON",14498,45262.41,0,0
2022-10-01,09W,"NHS MEDWAY",0,0,0,0
2022-10-01,D4U1Y,"NHS FRIMLEY",292,1888.22,0,0
2022-10-01,07G,"NHS THURROCK",557,1704.87,0,0
2022-10-01,02Q,"NHS BASSETLAW",921,1955.37,0,0
2022-10-01,02G,"NHS WEST LANCASHIRE",992,7903.3,0,0
2022-10-01,00V,"NHS BURY",1031,5993.02,0,0
2022-10-01,03H,"NHS NORTH EAST LINCOLNSHIRE",1032,5275.73,0,0
2022-10-01,05D,"NHS EAST STAFFORDSHIRE",1053,3663.92,0,0
2022-10-01,99F,"NHS CASTLE POINT AND ROCHFORD",1064,4337.76,0,0
2022-10-01,00N,"NHS SOUTH TYNESIDE",1123,4972.7,0,0
2022-10-01,04Y,"NHS CANNOCK CHASE",1151,9528.26,0,0
2022-10-01,01E,"NHS GREATER PRESTON",1207,10050.27,0,0
2022-10-01,03Q,"NHS VALE OF YORK",1210,6337.09,0,0
2022-10-01,00X,"NHS CHORLEY AND SOUTH RIBBLE",1326,9799.42,0,0
2022-10-01,00R,"NHS BLACKPOOL",1332,6402.96,0,0
2022-10-01,01D,"NHS HEYWOOD, MIDDLETON AND ROCHDALE",1332,7494.47,0,0
2022-10-01,02M,"NHS FYLDE AND WYRE",1373,6652.49,0,0
2022-10-01,05V,"NHS STAFFORD AND SURROUNDS",1386,5850.01,0,0
2022-10-01,03K,"NHS NORTH LINCOLNSHIRE",1407,8420.12,0,0
2022-10-01,02T,"NHS CALDERDALE",1470,5975.15,0,0
2022-10-01,99E,"NHS BASILDON AND BRENTWOOD",1491,4228.83,0,0
2022-10-01,99G,"NHS SOUTHEND",1492,3686.64,0,0
2022-10-01,01G,"NHS SALFORD",1632,8112.03,0,0
2022-10-01,05Q,"NHS SOUTH EAST STAFFORDSHIRE AND SEISDON PENINSULA",1673,8084.84,0,0
2022-10-01,01V,"NHS SOUTHPORT AND FORMBY",1683,7454.02,0,0
2022-10-01,10R,"NHS PORTSMOUTH",1789,5365.63,0,0
2022-10-01,00T,"NHS BOLTON",1813,11919.56,0,0
2022-10-01,00Y,"NHS OLDHAM",1865,8980.98,0,0
2022-10-01,99C,"NHS NORTH TYNESIDE",1928,6937.43,0,0
2022-10-01,03F,"NHS HULL",1938,10980.5,0,0
2022-10-01,02Y,"NHS EAST RIDING OF YORKSHIRE",1945,7731.33,0,0
2022-10-01,01H,"NHS NORTH CUMBRIA",1972,7522.76,0,0
2022-10-01,02A,"NHS TRAFFORD",1989,10536.28,0,0
2022-10-01,01F,"NHS HALTON",1992,11816.33,0,0
2022-10-01,00Q,"NHS BLACKBURN WITH DARWEN",2008,9196.94,0,0
2022-10-01,07K,"NHS WEST SUFFOLK",2028,6473.56,0,0
2022-10-01,02X,"NHS DONCASTER",2035,11156.82,0,0
2022-10-01,07H,"NHS WEST ESSEX",2053,7571.77,0,0
2022-10-01,01J,"NHS KNOWSLEY",2088,10872.83,0,0
2022-10-01,05G,"NHS NORTH STAFFORDSHIRE",2093,12450.03,0,0
2022-10-01,02E,"NHS WARRINGTON",2170,16729.15,0,0
2022-10-01,00P,"NHS SUNDERLAND",2208,6201.56,0,0
2022-10-01,03L,"NHS ROTHERHAM",2230,11498.38,0,0
2022-10-01,01T,"NHS SOUTH SEFTON",2310,10853.65,0,0
2022-10-01,U2G6B,"NHS THAMES VALLEY ICB - U2G6B",2337,15049.33,0,0
2022-10-01,00L,"NHS NORTHUMBERLAND",2508,13467.24,0,0
2022-10-01,01A,"NHS EAST LANCASHIRE",2521,26482.48,0,0
2022-10-01,15A,"NHS BERKSHIRE WEST",2526,10227.28,0,0
2022-10-01,05W,"NHS STOKE ON TRENT",2532,11877.24,0,0
2022-10-01,01Y,"NHS TAMESIDE AND GLOSSOP",2643,9104.72,0,0
2022-10-01,01K,"NHS MORECAMBE BAY",2897,12501.48,0,0
2022-10-01,02P,"NHS BARNSLEY",2938,18472.45,0,0
2022-10-01,02H,"NHS WIGAN BOROUGH",3011,23445.3,0,0
2022-10-01,03W,"NHS EAST LEICESTERSHIRE AND RUTLAND",3088,12096.53,0,0
2022-10-01,01W,"NHS STOCKPORT",3130,12757.83,0,0
2022-10-01,14Y,"NHS BUCKINGHAMSHIRE",3159,15425.59,0,0
2022-10-01,03R,"NHS WAKEFIELD",3164,19767.83,0,0
2022-10-01,04C,"NHS LEICESTER CITY",3265,14802.49,0,0
2022-10-01,X2C4Y,"NHS KIRKLEES",3659,14795.69,0,0
2022-10-01,06Q,"NHS MID ESSEX",3699,13095.21,0,0
2022-10-01,06N,"NHS HERTS VALLEYS",3703,14242.95,0,0
2022-10-01,06L,"NHS IPSWICH AND EAST SUFFOLK",3787,11146.99,0,0
2022-10-01,42D,"NHS NORTH YORKSHIRE",3847,13699.33,0,0
2022-10-01,10Q,"NHS OXFORDSHIRE",3860,20332.92,0,0
2022-10-01,36J,"NHS BRADFORD DISTRICT AND CRAVEN",4224,19593.23,0,0
2022-10-01,01X,"NHS ST HELENS",4273,20997.62,0,0
2022-10-01,15F,"NHS LEEDS",4273,19486.3,0,0
2022-10-01,06K,"NHS EAST AND NORTH HERTFORDSHIRE",4295,13639.49,0,0
2022-10-01,04V,"NHS WEST LEICESTERSHIRE",4392,15853.49,0,0
2022-10-01,13T,"NHS NEWCASTLE GATESHEAD",4504,18545.64,0,0
2022-10-01,12F,"NHS WIRRAL",4546,18737.58,0,0
2022-10-01,M2L0M,"NHS SHROPSHIRE, TELFORD AND WREKIN",4565,23441.2,0,0
2022-10-01,84H,"NHS COUNTY DURHAM",4570,18060.22,0,0
2022-10-01,09D,"NHS BRIGHTON AND HOVE",4692,8525.35,0,0
2022-10-01,06T,"NHS NORTH EAST ESSEX",5155,17421.46,0,0
2022-10-01,16C,"NHS TEES VALLEY",5550,23466.01,0,0
2022-10-01,14L,"NHS MANCHESTER",5650,20855.88,0,0
2022-10-01,03N,"NHS SHEFFIELD",5743,19746.69,0,0
2022-10-01,11X,"NHS SOMERSET",6036,23485.42,0,0
2022-10-01,27D,"NHS CHESHIRE",6386,32194.73,0,0
2022-10-01,70F,"NHS WEST SUSSEX",6487,24136.98,0,0
2022-10-01,52R,"NHS NOTTINGHAM AND NOTTINGHAMSHIRE",6503,26536.03,0,0
2022-10-01,78H,"NHS NORTHAMPTONSHIRE",6524,15354.88,0,0
2022-10-01,M1J4Y,"NHS BEDFORDSHIRE, LUTON AND MILTON KEYNES",6740,23218.76,0,0
2022-10-01,11N,"NHS CORNWALL AND THE ISLES OF SCILLY",6869,15457.59,0,0
2022-10-01,72Q,"NHS SOUTH EAST LONDON",6903,18770.08,0,0
2022-10-01,06H,"NHS CAMBRIDGESHIRE AND PETERBOROUGH",7278,22911.56,0,0
2022-10-01,97R,"NHS EAST SUSSEX",7440,25663.87,0,0
2022-10-01,99A,"NHS LIVERPOOL",7618,35421.61,0,0
2022-10-01,11J,"NHS DORSET",7760,19606.29,0,0
2022-10-01,11M,"NHS GLOUCESTERSHIRE",7854,21502.24,0,0
2022-10-01,B2M3M,"NHS COVENTRY AND WARWICKSHIRE",8242,38516.8,0,0
2022-10-01,A3A8R,"NHS NORTH EAST LONDON",8249,27702.99,0,0
2022-10-01,18C,"NHS HEREFORDSHIRE AND WORCESTERSHIRE",8581,31604.93,0,0
2022-10-01,92A,"NHS SURREY HEARTLANDS",8925,35416.21,0,0
2022-10-01,36L,"NHS SOUTH WEST LONDON",8949,25392.39,0,0
2022-10-01,15C,"NHS BRISTOL, NORTH SOMERSET AND SOUTH GLOUCESTERSHIRE",9015,26970.07,0,0
2022-10-01,93C,"NHS NORTH CENTRAL LONDON",9024,23916.15,0,0
2022-10-01,92G,"NHS BATH AND NORTH EAST SOMERSET, SWINDON AND WILTSHIRE",9034,20079.97,0,0
2022-10-01,71E,"NHS LINCOLNSHIRE",9590,45390.14,0,0
2022-10-01,15E,"NHS BIRMINGHAM AND SOLIHULL",9896,46685.63,0,0
2022-10-01,D2P2L,"NHS BLACK COUNTRY",10264,57122.21,0,0
2022-10-01,15M,"NHS DERBY AND DERBYSHIRE",11799,40472.14,0,0
2022-10-01,W2U3Z,"NHS NORTH WEST LONDON",12313,30438.08,0,0
2022-10-01,D9Y0V,"NHS HAMPSHIRE, SOUTHAMPTON AND ISLE OF WIGHT",12656,55962.35,0,0
2022-10-01,91Q,"NHS KENT AND MEDWAY",13482,51466.24,0,0
2022-10-01,26A,"NHS NORFOLK AND WAVENEY",14123,33665.7,0,0
2022-10-01,15N,"NHS DEVON",14504,45191.39,0,0
2022-11-01,09W,"NHS MEDWAY",0,0,0,0
2022-11-01,D4U1Y,"NHS FRIMLEY",309,1159.03,0,0
2022-11-01,07G,"NHS THURROCK",554,1863.21,0,0
2022-11-01,02Q,"NHS BASSETLAW",896,2440.19,0,0
2022-11-01,00V,"NHS BURY",992,4546.39,0,0
2022-11-01,02G,"NHS WEST LANCASHIRE",1002,6794.94,0,0
2022-11-01,03H,"NHS NORTH EAST LINCOLNSHIRE",1046,5423.97,0,0
2022-11-01,99F,"NHS CASTLE POINT AND ROCHFORD",1114,4246.21,0,0
2022-11-01,05D,"NHS EAST STAFFORDSHIRE",1157,5010.63,0,0
2022-11-01,04Y,"NHS CANNOCK CHASE",1207,8321.3,0,0
2022-11-01,03Q,"NHS VALE OF YORK",1267,7020.4,0,0
2022-11-01,01E,"NHS GREATER PRESTON",1276,8691.62,0,0
2022-11-01,00N,"NHS SOUTH TYNESIDE",1313,5918.27,0,0
2022-11-01,00X,"NHS CHORLEY AND SOUTH RIBBLE",1329,10135.75,0,0
2022-11-01,01D,"NHS HEYWOOD, MIDDLETON AND ROCHDALE",1335,8711.53,0,0
2022-11-01,00R,"NHS BLACKPOOL",1368,6748.12,0,0
2022-11-01,05V,"NHS STAFFORD AND SURROUNDS",1402,6603.31,0,0
2022-11-01,99E,"NHS BASILDON AND BRENTWOOD",1403,3758.2,0,0
2022-11-01,02T,"NHS CALDERDALE",1427,5555.72,0,0
2022-11-01,03K,"NHS NORTH LINCOLNSHIRE",1446,7324.27,0,0
2022-11-01,02M,"NHS FYLDE AND WYRE",1602,6721.18,0,0
2022-11-01,99G,"NHS SOUTHEND",1606,3573.45,0,0
2022-11-01,01V,"NHS SOUTHPORT AND FORMBY",1683,7034.04,0,0
2022-11-01,05Q,"NHS SOUTH EAST STAFFORDSHIRE AND SEISDON PENINSULA",1687,8713.63,0,0
2022-11-01,01G,"NHS SALFORD",1698,9815.18,0,0
2022-11-01,00T,"NHS BOLTON",1802,12125.38,0,0
2022-11-01,10R,"NHS PORTSMOUTH",1856,5911.49,0,0
2022-11-01,00Y,"NHS OLDHAM",1870,10403.45,0,0
2022-11-01,99C,"NHS NORTH TYNESIDE",1984,6774.96,0,0
2022-11-01,02A,"NHS TRAFFORD",2022,10930.49,0,0
2022-11-01,02X,"NHS DONCASTER",2057,11749.08,0,0
2022-11-01,03F,"NHS HULL",2059,11486.75,0,0
2022-11-01,01J,"NHS KNOWSLEY",2060,9892.69,0,0
2022-11-01,01F,"NHS HALTON",2066,13886.66,0,0
2022-11-01,02Y,"NHS EAST RIDING OF YORKSHIRE",2090,9898.83,0,0
2022-11-01,01H,"NHS NORTH CUMBRIA",2104,8279.96,0,0
2022-11-01,07K,"NHS WEST SUFFOLK",2116,6500.96,0,0
2022-11-01,07H,"NHS WEST ESSEX",2119,7724.24,0,0
2022-11-01,05G,"NHS NORTH STAFFORDSHIRE",2157,10792.06,0,0
2022-11-01,00Q,"NHS BLACKBURN WITH DARWEN",2213,8828.28,0,0
2022-11-01,02E,"NHS WARRINGTON",2244,16799.32,0,0
2022-11-01,03L,"NHS ROTHERHAM",2267,10279.23,0,0
2022-11-01,00P,"NHS SUNDERLAND",2340,6576.84,0,0
2022-11-01,U2G6B,"NHS THAMES VALLEY ICB - U2G6B",2379,13294.12,0,0
2022-11-01,01T,"NHS SOUTH SEFTON",2434,10640.38,0,0
2022-11-01,15A,"NHS BERKSHIRE WEST",2592,9866.26,0,0
2022-11-01,01A,"NHS EAST LANCASHIRE",2601,23346.3,0,0
2022-11-01,00L,"NHS NORTHUMBERLAND",2705,14573.46,0,0
2022-11-01,01Y,"NHS TAMESIDE AND GLOSSOP",2769,9413.42,0,0
2022-11-01,05W,"NHS STOKE ON TRENT",2890,13024.49,0,0
2022-11-01,01K,"NHS MORECAMBE BAY",2971,12102.09,0,0
2022-11-01,14Y,"NHS BUCKINGHAMSHIRE",3106,13533.34,0,0
2022-11-01,03W,"NHS EAST LEICESTERSHIRE AND RUTLAND",3115,13891.91,0,0
2022-11-01,02P,"NHS BARNSLEY",3132,16572.05,0,0
2022-11-01,01W,"NHS STOCKPORT",3190,11784.6,0,0
2022-11-01,02H,"NHS WIGAN BOROUGH",3210,24863.75,0,0
2022-11-01,03R,"NHS WAKEFIELD",3253,18148.38,0,0
2022-11-01,04C,"NHS LEICESTER CITY",3402,16394.79,0,0
2022-11-01,06Q,"NHS MID ESSEX",3593,12184.16,0,0
2022-11-01,06L,"NHS IPSWICH AND EAST SUFFOLK",3762,10728.08,0,0
2022-11-01,X2C4Y,"NHS KIRKLEES",3809,15818.96,0,0
2022-11-01,06N,"NHS HERTS VALLEYS",3894,16377.48,0,0
2022-11-01,42D,"NHS NORTH YORKSHIRE",3898,13643.49,0,0
2022-11-01,10Q,"NHS OXFORDSHIRE",4024,22415.51,0,0
2022-11-01,01X,"NHS ST HELENS",4095,19532.21,0,0
2022-11-01,06K,"NHS EAST AND NORTH HERTFORDSHIRE",4313,13937.42,0,0
2022-11-01,36J,"NHS BRADFORD DISTRICT AND CRAVEN",4376,21209.51,0,0
2022-11-01,M2L0M,"NHS SHROPSHIRE, TELFORD AND WREKIN",4540,24151.86,0,0
2022-11-01,15F,"NHS LEEDS",4573,20376.08,0,0
2022-11-01,12F,"NHS WIRRAL",4667,20894.98,0,0
2022-11-01,04V,"NHS WEST LEICESTERSHIRE",4679,16389.3,0,0
2022-11-01,84H,"NHS COUNTY DURHAM",4761,21640.52,0,0
2022-11-01,09D,"NHS BRIGHTON AND HOVE",4834,9734.29,0,0
2022-11-01,13T,"NHS NEWCASTLE GATESHEAD",4892,20199.16,0,0
2022-11-01,06T,"NHS NORTH EAST ESSEX",5237,16927.94,0,0
2022-11-01,16C,"NHS TEES VALLEY",5522,25671.59,0,0
2022-11-01,14L,"NHS MANCHESTER",5727,21441.56,0,0
2022-11-01,03N,"NHS SHEFFIELD",5888,20045.39,0,0
2022-11-01,11X,"NHS SOMERSET",5980,20631.42,0,0
2022-11-01,27D,"NHS CHESHIRE",6533,30463.41,0,0
2022-11-01,52R,"NHS NOTTINGHAM AND NOTTINGHAMSHIRE",6582,25745.89,0,0
2022-11-01,70F,"NHS WEST SUSSEX",6652,25344.51,0,0
2022-11-01,72Q,"NHS SOUTH EAST LONDON",6837,18762.98,0,0
2022-11-01,78H,"NHS NORTHAMPTONSHIRE",6850,17852.79,0,0
2022-11-01,M1J4Y,"NHS BEDFORDSHIRE, LUTON AND MILTON KEYNES",6885,22007.83,0,0
2022-11-01,11N,"NHS CORNWALL AND THE ISLES OF SCILLY",7268,14824.49,0,0
2022-11-01,06H,"NHS CAMBRIDGESHIRE AND PETERBOROUGH",7391,24426.67,0,0
2022-11-01,97R,"NHS EAST SUSSEX",7461,27129.11,0,0
2022-11-01,99A,"NHS LIVERPOOL",7669,35192.16,0,0
2022-11-01,11J,"NHS DORSET",7822,19465.58,0,0
2022-11-01,A3A8R,"NHS NORTH EAST LONDON",8034,25824.08,0,0
2022-11-01,11M,"NHS GLOUCESTERSHIRE",8068,23163.43,0,0
2022-11-01,B2M3M,"NHS COVENTRY AND WARWICKSHIRE",8270,36059.65,0,0
2022-11-01,18C,"NHS HEREFORDSHIRE AND WORCESTERSHIRE",8730,30231.62,0,0
2022-11-01,92A,"NHS SURREY HEARTLANDS",9023,36956.08,0,0
2022-11-01,92G,"NHS BATH AND NORTH EAST SOMERSET, SWINDON AND WILTSHIRE",9255,20281.53,0,0
2022-11-01,36L,"NHS SOUTH WEST LONDON",9336,24103.71,0,0
2022-11-01,15C,"NHS BRISTOL, NORTH SOMERSET AND SOUTH GLOUCESTERSHIRE",9438,27702.35,0,0
2022-11-01,93C,"NHS NORTH CENTRAL LONDON",9449,27780.29,0,0
2022-11-01,71E,"NHS LINCOLNSHIRE",9851,43142.4,0,0
2022-11-01,15E,"NHS BIRMINGHAM AND SOLIHULL",10313,47485.02,0,0
2022-11-01,D2P2L,"NHS BLACK COUNTRY",10674,61454.23,0,0
2022-11-01,W2U3Z,"NHS NORTH WEST LONDON",12476,28694.48,0,0
2022-11-01,15M,"NHS DERBY AND DERBYSHIRE",12523,40497.06,0,0
2022-11-01,D9Y0V,"NHS HAMPSHIRE, SOUTHAMPTON AND ISLE OF WIGHT",12687,56699.13,0,0
2022-11-01,91Q,"NHS KENT AND MEDWAY",13566,53461.99,0,0
2022-11-01,26A,"NHS NORFOLK AND WAVENEY",14311,35873.71,0,0
2022-11-01,15N,"NHS DEVON",14981,48137.44,0,0
2022-12-01,09W,"NHS MEDWAY",0,0,0,0
2022-12-01,D4U1Y,"NHS FRIMLEY",283,998.49,0,0
2022-12-01,07G,"NHS THURROCK",518,1819.56,0,0
2022-12-01,02Q,"NHS BASSETLAW",923,2655.11,0,0
2022-12-01,00V,"NHS BURY",1029,5269.59,0,0
2022-12-01,05D,"NHS EAST STAFFORDSHIRE",1049,4260.41,0,0
2022-12-01,02G,"NHS WEST LANCASHIRE",1058,7443.54,0,0
2022-12-01,03H,"NHS NORTH EAST LINCOLNSHIRE",1088,6788.42,0,0
2022-12-01,99F,"NHS CASTLE POINT AND ROCHFORD",1110,5293.89,0,0
2022-12-01,04Y,"NHS CANNOCK CHASE",1199,7724.06,0,0
2022-12-01,00N,"NHS SOUTH TYNESIDE",1224,5253.77,0,0
2022-12-01,01E,"NHS GREATER PRESTON",1252,10020.9,0,0
2022-12-01,03Q,"NHS VALE OF YORK",1281,6524.83,0,0
2022-12-01,00R,"NHS BLACKPOOL",1297,6539.61,0,0
2022-12-01,00X,"NHS CHORLEY AND SOUTH RIBBLE",1337,9838.88,0,0
2022-12-01,01D,"NHS HEYWOOD, MIDDLETON AND ROCHDALE",1360,7544.56,0,0
2022-12-01,99E,"NHS BASILDON AND BRENTWOOD",1421,4324.28,0,0
2022-12-01,05V,"NHS STAFFORD AND SURROUNDS",1423,6359.69,0,0
2022-12-01,03K,"NHS NORTH LINCOLNSHIRE",1441,7867.36,0,0
2022-12-01,02T,"NHS CALDERDALE",1450,5637.84,0,0
2022-12-01,02M,"NHS FYLDE AND WYRE",1548,7534.41,0,0
2022-12-01,99G,"NHS SOUTHEND",1577,4600.19,0,0
2022-12-01,01G,"NHS SALFORD",1703,8874.28,0,0
2022-12-01,01V,"NHS SOUTHPORT AND FORMBY",1707,5739.88,0,0
2022-12-01,05Q,"NHS SOUTH EAST STAFFORDSHIRE AND SEISDON PENINSULA",1726,10076.42,0,0
2022-12-01,10R,"NHS PORTSMOUTH",1753,6140.24,0,0
2022-12-01,00T,"NHS BOLTON",1785,13848.59,0,0
2022-12-01,00Y,"NHS OLDHAM",1869,9837.22,0,0
2022-12-01,01F,"NHS HALTON",1959,11995.02,0,0
2022-12-01,03F,"NHS HULL",1973,10603.55,0,0
2022-12-01,07H,"NHS WEST ESSEX",1973,6592.22,0,0
2022-12-01,01J,"NHS KNOWSLEY",2024,9316.76,0,0
2022-12-01,02A,"NHS TRAFFORD",2029,9304.99,0,0
2022-12-01,07K,"NHS WEST SUFFOLK",2049,6317.28,0,0
2022-12-01,99C,"NHS NORTH TYNESIDE",2058,7685.11,0,0
2022-12-01,02Y,"NHS EAST RIDING OF YORKSHIRE",2060,7147.42,0,0
2022-12-01,01H,"NHS NORTH CUMBRIA",2066,8824.43,0,0
2022-12-01,05G,"NHS NORTH STAFFORDSHIRE",2075,13301.35,0,0
2022-12-01,02X,"NHS DONCASTER",2092,11609.49,0,0
2022-12-01,00Q,"NHS BLACKBURN WITH DARWEN",2201,10074.15,0,0
2022-12-01,03L,"NHS ROTHERHAM",2213,11253.06,0,0
2022-12-01,02E,"NHS WARRINGTON",2239,13914.87,0,0
2022-12-01,00P,"NHS SUNDERLAND",2286,6265.17,0,0
2022-12-01,U2G6B,"NHS THAMES VALLEY ICB - U2G6B",2337,17244.4,0,0
2022-12-01,01T,"NHS SOUTH SEFTON",2456,12496.02,0,0
2022-12-01,15A,"NHS BERKSHIRE WEST",2587,9747.39,0,0
2022-12-01,01A,"NHS EAST LANCASHIRE",2595,26356.64,0,0
2022-12-01,05W,"NHS STOKE ON TRENT",2597,12132.81,0,0
2022-12-01,01Y,"NHS TAMESIDE AND GLOSSOP",2656,7754.21,0,0
2022-12-01,00L,"NHS NORTHUMBERLAND",2784,14154.29,0,0
2022-12-01,14Y,"NHS BUCKINGHAMSHIRE",2981,12400.75,0,0
2022-12-01,01K,"NHS MORECAMBE BAY",3059,13631.7,0,0
2022-12-01,02P,"NHS BARNSLEY",3078,15922.44,0,0
2022-12-01,03W,"NHS EAST LEICESTERSHIRE AND RUTLAND",3108,13075.74,0,0
2022-12-01,02H,"NHS WIGAN BOROUGH",3119,21223.82,0,0
2022-12-01,03R,"NHS WAKEFIELD",3171,18450.24,0,0
2022-12-01,01W,"NHS STOCKPORT",3264,13897.29,0,0
2022-12-01,04C,"NHS LEICESTER CITY",3468,16577.69,0,0
2022-12-01,06Q,"NHS MID ESSEX",3545,12177.71,0,0
2022-12-01,X2C4Y,"NHS KIRKLEES",3704,15710.81,0,0
2022-12-01,06L,"NHS IPSWICH AND EAST SUFFOLK",3750,10258.82,0,0
2022-12-01,06N,"NHS HERTS VALLEYS",3787,14718.45,0,0
2022-12-01,10Q,"NHS OXFORDSHIRE",3914,23430.1,0,0
2022-12-01,42D,"NHS NORTH YORKSHIRE",3965,15241.78,0,0
2022-12-01,06K,"NHS EAST AND NORTH HERTFORDSHIRE",4270,15156.85,0,0
2022-12-01,15F,"NHS LEEDS",4416,18837.77,0,0
2022-12-01,04V,"NHS WEST LEICESTERSHIRE",4551,15857.55,0,0
2022-12-01,01X,"NHS ST HELENS",4600,23484.76,0,0
2022-12-01,12F,"NHS WIRRAL",4612,20145.14,0,0
2022-12-01,36J,"NHS BRADFORD DISTRICT AND CRAVEN",4638,26600.42,0,0
2022-12-01,09D,"NHS BRIGHTON AND HOVE",4680,9197.93,0,0
2022-12-01,M2L0M,"NHS SHROPSHIRE, TELFORD AND WREKIN",4727,27636.32,0,0
2022-12-01,84H,"NHS COUNTY DURHAM",4826,19618.52,0,0
2022-12-01,13T,"NHS NEWCASTLE GATESHEAD",5015,19935.79,0,0
2022-12-01,06T,"NHS NORTH EAST ESSEX",5411,17826.52,0,0
2022-12-01,16C,"NHS TEES VALLEY",5521,27094.19,0,0
2022-12-01,03N,"NHS SHEFFIELD",5619,18560.06,0,0
2022-12-01,14L,"NHS MANCHESTER",5861,23538.43,0,0
2022-12-01,11X,"NHS SOMERSET",5944,24142.73,0,0
2022-12-01,27D,"NHS CHESHIRE",6440,30712.32,0,0
2022-12-01,70F,"NHS WEST SUSSEX",6442,22690.68,0,0
2022-12-01,78H,"NHS NORTHAMPTONSHIRE",6496,19072.61,0,0
2022-12-01,52R,"NHS NOTTINGHAM AND NOTTINGHAMSHIRE",6582,32754.42,0,0
2022-12-01,M1J4Y,"NHS BEDFORDSHIRE, LUTON AND MILTON KEYNES",6614,21573.18,0,0
2022-12-01,72Q,"NHS SOUTH EAST LONDON",6821,20156.12,0,0
2022-12-01,06H,"NHS CAMBRIDGESHIRE AND PETERBOROUGH",7359,21764.24,0,0
2022-12-01,11N,"NHS CORNWALL AND THE ISLES OF SCILLY",7394,18312.81,0,0
2022-12-01,97R,"NHS EAST SUSSEX",7461,26993.47,0,0
2022-12-01,99A,"NHS LIVERPOOL",7753,32085.26,0,0
2022-12-01,11M,"NHS GLOUCESTERSHIRE",7769,27817.47,0,0
2022-12-01,11J,"NHS DORSET",7946,19531.73,0,0
2022-12-01,A3A8R,"NHS NORTH EAST LONDON",8181,28796.11,0,0
2022-12-01,B2M3M,"NHS COVENTRY AND WARWICKSHIRE",8286,40448.12,0,0
2022-12-01,18C,"NHS HEREFORDSHIRE AND WORCESTERSHIRE",8616,30542.86,0,0
2022-12-01,92A,"NHS SURREY HEARTLANDS",9037,38097.76,0,0
2022-12-01,93C,"NHS NORTH CENTRAL LONDON",9044,25720.17,0,0
2022-12-01,36L,"NHS SOUTH WEST LONDON",9165,26437.15,0,0
2022-12-01,92G,"NHS BATH AND NORTH EAST SOMERSET, SWINDON AND WILTSHIRE",9166,21315.46,0,0
2022-12-01,15C,"NHS BRISTOL, NORTH SOMERSET AND SOUTH GLOUCESTERSHIRE",9175,28008.52,0,0
2022-12-01,71E,"NHS LINCOLNSHIRE",9600,45433.83,0,0
2022-12-01,15E,"NHS BIRMINGHAM AND SOLIHULL",10158,46926.85,0,0
2022-12-01,D2P2L,"NHS BLACK COUNTRY",10506,61172.73,0,0
2022-12-01,W2U3Z,"NHS NORTH WEST LONDON",12155,33549,0,0
2022-12-01,15M,"NHS DERBY AND DERBYSHIRE",12457,43626.12,0,0
2022-12-01,D9Y0V,"NHS HAMPSHIRE, SOUTHAMPTON AND ISLE OF WIGHT",12548,58925.07,0,0
2022-12-01,91Q,"NHS KENT AND MEDWAY",13438,51936.91,0,0
2022-12-01,15N,"NHS DEVON",14379,48349.93,0,0
2022-12-01,26A,"NHS NORFOLK AND WAVENEY",14595,36534.72,0,0
2023-01-01,09W,"NHS MEDWAY",0,0,0,0
2023-01-01,D4U1Y,"NHS FRIMLEY",366,957.6,0,0
2023-01-01,07G,"NHS THURROCK",567,2076.69,0,0
2023-01-01,02Q,"NHS BASSETLAW",901,2037.47,0,0
2023-01-01,00V,"NHS BURY",999,5160.18,0,0
2023-01-01,02G,"NHS WEST LANCASHIRE",1016,7009.38,0,0
2023-01-01,05D,"NHS EAST STAFFORDSHIRE",1062,5559.55,0,0
2023-01-01,03H,"NHS NORTH EAST LINCOLNSHIRE",1090,7411.82,0,0
2023-01-01,99F,"NHS CASTLE POINT AND ROCHFORD",1116,4496.09,0,0
2023-01-01,00N,"NHS SOUTH TYNESIDE",1159,5666.95,0,0
2023-01-01,03Q,"NHS VALE OF YORK",1187,7966.9,0,0
2023-01-01,01E,"NHS GREATER PRESTON",1215,9126.34,0,0
2023-01-01,04Y,"NHS CANNOCK CHASE",1222,11246,0,0
2023-01-01,00X,"NHS CHORLEY AND SOUTH RIBBLE",1323,9484.72,0,0
2023-01-01,00R,"NHS BLACKPOOL",1348,6658.9,0,0
2023-01-01,05V,"NHS STAFFORD AND SURROUNDS",1393,6797.8,0,0
2023-01-01,01D,"NHS HEYWOOD, MIDDLETON AND ROCHDALE",1403,5799.41,0,0
2023-01-01,03K,"NHS NORTH LINCOLNSHIRE",1420,7198.44,0,0
2023-01-01,99E,"NHS BASILDON AND BRENTWOOD",1468,4286.87,0,0
2023-01-01,02T,"NHS CALDERDALE",1473,5688.51,0,0
2023-01-01,02M,"NHS FYLDE AND WYRE",1480,6870.63,0,0
2023-01-01,99G,"NHS SOUTHEND",1559,3913.34,0,0
2023-01-01,01V,"NHS SOUTHPORT AND FORMBY",1624,6562.17,0,0
2023-01-01,05Q,"NHS SOUTH EAST STAFFORDSHIRE AND SEISDON PENINSULA",1628,7320.79,0,0
2023-01-01,01G,"NHS SALFORD",1705,7961.69,0,0
2023-01-01,00T,"NHS BOLTON",1750,12555.72,0,0
2023-01-01,10R,"NHS PORTSMOUTH",1818,6298.96,0,0
2023-01-01,00Y,"NHS OLDHAM",1925,9829.12,0,0
2023-01-01,03F,"NHS HULL",1950,10985.38,0,0
2023-01-01,02A,"NHS TRAFFORD",1958,10656.96,0,0
2023-01-01,02Y,"NHS EAST RIDING OF YORKSHIRE",1970,9391.7,0,0
2023-01-01,01F,"NHS HALTON",2004,13816.57,0,0
2023-01-01,02X,"NHS DONCASTER",2007,9622.87,0,0
2023-01-01,07H,"NHS WEST ESSEX",2016,7442.64,0,0
2023-01-01,01H,"NHS NORTH CUMBRIA",2043,8851.24,0,0
2023-01-01,07K,"NHS WEST SUFFOLK",2087,6464.16,0,0
2023-01-01,99C,"NHS NORTH TYNESIDE",2090,6667.68,0,0
2023-01-01,00Q,"NHS BLACKBURN WITH DARWEN",2100,9678.99,0,0
2023-01-01,01J,"NHS KNOWSLEY",2106,10349.88,0,0
2023-01-01,05G,"NHS NORTH STAFFORDSHIRE",2170,12497.26,0,0
2023-01-01,U2G6B,"NHS THAMES VALLEY ICB - U2G6B",2240,13253.61,0,0
2023-01-01,02E,"NHS WARRINGTON",2245,13672.28,0,0
2023-01-01,00P,"NHS SUNDERLAND",2257,5661.27,0,0
2023-01-01,03L,"NHS ROTHERHAM",2282,10837.9,0,0
2023-01-01,01T,"NHS SOUTH SEFTON",2323,10312.68,0,0
2023-01-01,15A,"NHS BERKSHIRE WEST",2464,9146.76,0,0
2023-01-01,01A,"NHS EAST LANCASHIRE",2550,27336.46,0,0
2023-01-01,00L,"NHS NORTHUMBERLAND",2557,13971.57,0,0
2023-01-01,05W,"NHS STOKE ON TRENT",2678,10528.24,0,0
2023-01-01,01Y,"NHS TAMESIDE AND GLOSSOP",2812,9765.6,0,0
2023-01-01,01K,"NHS MORECAMBE BAY",2876,12003.07,0,0
2023-01-01,02P,"NHS BARNSLEY",3051,13708.09,0,0
2023-01-01,03W,"NHS EAST LEICESTERSHIRE AND RUTLAND",3075,13179.76,0,0
2023-01-01,03R,"NHS WAKEFIELD",3088,13559.29,0,0
2023-01-01,14Y,"NHS BUCKINGHAMSHIRE",3093,14517.72,0,0
2023-01-01,02H,"NHS WIGAN BOROUGH",3189,20925.31,0,0
2023-01-01,01W,"NHS STOCKPORT",3243,14238.64,0,0
2023-01-01,04C,"NHS LEICESTER CITY",3341,14878.76,0,0
2023-01-01,06Q,"NHS MID ESSEX",3567,12502.37,0,0
2023-01-01,X2C4Y,"NHS KIRKLEES",3628,15272.57,0,0
2023-01-01,42D,"NHS NORTH YORKSHIRE",3799,14747.26,0,0
2023-01-01,06L,"NHS IPSWICH AND EAST SUFFOLK",3816,11479.98,0,0
2023-01-01,10Q,"NHS OXFORDSHIRE",3849,21578.98,0,0
2023-01-01,06N,"NHS HERTS VALLEYS",3957,16349.44,0,0
2023-01-01,01X,"NHS ST HELENS",4208,25000.14,0,0
2023-01-01,06K,"NHS EAST AND NORTH HERTFORDSHIRE",4211,14009.88,0,0
2023-01-01,04V,"NHS WEST LEICESTERSHIRE",4425,15485.71,0,0
2023-01-01,36J,"NHS BRADFORD DISTRICT AND CRAVEN",4426,20122.17,0,0
2023-01-01,15F,"NHS LEEDS",4432,18076.66,0,0
2023-01-01,12F,"NHS WIRRAL",4543,20496.22,0,0
2023-01-01,M2L0M,"NHS SHROPSHIRE, TELFORD AND WREKIN",4551,23619.73,0,0
2023-01-01,13T,"NHS NEWCASTLE GATESHEAD",4672,18399.09,0,0
2023-01-01,84H,"NHS COUNTY DURHAM",4716,18919.36,0,0
2023-01-01,09D,"NHS BRIGHTON AND HOVE",4725,9995.98,0,0
2023-01-01,06T,"NHS NORTH EAST ESSEX",5255,17127.95,0,0
2023-01-01,16C,"NHS TEES VALLEY",5662,24901.29,0,0
2023-01-01,14L,"NHS MANCHESTER",5672,21459.14,0,0
2023-01-01,03N,"NHS SHEFFIELD",5697,20626.42,0,0
2023-01-01,11X,"NHS SOMERSET",5937,24034.86,0,0
2023-01-01,27D,"NHS CHESHIRE",6447,30124.72,0,0
2023-01-01,52R,"NHS NOTTINGHAM AND NOTTINGHAMSHIRE",6456,29248.13,0,0
2023-01-01,70F,"NHS WEST SUSSEX",6673,23025.49,0,0
2023-01-01,78H,"NHS NORTHAMPTONSHIRE",6723,18785.48,0,0
2023-01-01,M1J4Y,"NHS BEDFORDSHIRE, LUTON AND MILTON KEYNES",6823,22321.75,0,0
2023-01-01,72Q,"NHS SOUTH EAST LONDON",6899,17113.85,0,0
2023-01-01,11N,"NHS CORNWALL AND THE ISLES OF SCILLY",7380,17970.28,0,0
2023-01-01,06H,"NHS CAMBRIDGESHIRE AND PETERBOROUGH",7409,25893.28,0,0
2023-01-01,97R,"NHS EAST SUSSEX",7461,25651.87,0,0
2023-01-01,99A,"NHS LIVERPOOL",7732,31687.34,0,0
2023-01-01,11J,"NHS DORSET",7921,19050.44,0,0
2023-01-01,11M,"NHS GLOUCESTERSHIRE",7937,24434.5,0,0
2023-01-01,A3A8R,"NHS NORTH EAST LONDON",8165,27713.54,0,0
2023-01-01,B2M3M,"NHS COVENTRY AND WARWICKSHIRE",8341,36648.1,0,0
2023-01-01,18C,"NHS HEREFORDSHIRE AND WORCESTERSHIRE",8563,30182.73,0,0
2023-01-01,92G,"NHS BATH AND NORTH EAST SOMERSET, SWINDON AND WILTSHIRE",9135,19461.2,0,0
2023-01-01,92A,"NHS SURREY HEARTLANDS",9150,33314.25,0,0
2023-01-01,36L,"NHS SOUTH WEST LONDON",9157,24733.44,0,0
2023-01-01,93C,"NHS NORTH CENTRAL LONDON",9184,26366.12,0,0
2023-01-01,15C,"NHS BRISTOL, NORTH SOMERSET AND SOUTH GLOUCESTERSHIRE",9279,28345.21,0,0
2023-01-01,71E,"NHS LINCOLNSHIRE",9616,41984.79,0,0
2023-01-01,15E,"NHS BIRMINGHAM AND SOLIHULL",10347,51174.92,0,0
2023-01-01,D2P2L,"NHS BLACK COUNTRY",10498,57107.44,0,0
2023-01-01,15M,"NHS DERBY AND DERBYSHIRE",12299,35995.65,0,0
2023-01-01,W2U3Z,"NHS NORTH WEST LONDON",12328,34498.51,0,0
2023-01-01,D9Y0V,"NHS HAMPSHIRE, SOUTHAMPTON AND ISLE OF WIGHT",12867,52095.85,0,0
2023-01-01,91Q,"NHS KENT AND MEDWAY",13562,51807.83,0,0
2023-01-01,26A,"NHS NORFOLK AND WAVENEY",13967,39285.95,0,0
2023-01-01,15N,"NHS DEVON",14361,48140.6,0,0
2023-02-01,09W,"NHS MEDWAY",0,0,0,0
2023-02-01,D4U1Y,"NHS FRIMLEY",322,862.8,0,0
2023-02-01,07G,"NHS THURROCK",490,1317.99,0,0
2023-02-01,02Q,"NHS BASSETLAW",808,1519.84,0,0
2023-02-01,02G,"NHS WEST LANCASHIRE",897,5495.63,0,0
2023-02-01,00V,"NHS BURY",908,4302.59,0,0
2023-02-01,03H,"NHS NORTH EAST LINCOLNSHIRE",950,4709.23,0,0
2023-02-01,00N,"NHS SOUTH TYNESIDE",1006,4920.37,0,0
2023-02-01,05D,"NHS EAST STAFFORDSHIRE",1025,4958.96,0,0
2023-02-01,99F,"NHS CASTLE POINT AND ROCHFORD",1035,4400.67,0,0
2023-02-01,03Q,"NHS VALE OF YORK",1085,5908.92,0,0
2023-02-01,01E,"NHS GREATER PRESTON",1092,7844.35,0,0
2023-02-01,04Y,"NHS CANNOCK CHASE",1095,6357.65,0,0
2023-02-01,00R,"NHS BLACKPOOL",1165,5807.63,0,0
2023-02-01,00X,"NHS CHORLEY AND SOUTH RIBBLE",1203,7189.27,0,0
2023-02-01,05V,"NHS STAFFORD AND SURROUNDS",1262,6148.54,0,0
2023-02-01,01D,"NHS HEYWOOD, MIDDLETON AND ROCHDALE",1288,6622.74,0,0
2023-02-01,03K,"NHS NORTH LINCOLNSHIRE",1295,6236.34,0,0
2023-02-01,02T,"NHS CALDERDALE",1356,5441.61,0,0
2023-02-01,99E,"NHS BASILDON AND BRENTWOOD",1396,3796.18,0,0
2023-02-01,99G,"NHS SOUTHEND",1414,3253.07,0,0
2023-02-01,02M,"NHS FYLDE AND WYRE",1423,5610.82,0,0
2023-02-01,05Q,"NHS SOUTH EAST STAFFORDSHIRE AND SEISDON PENINSULA",1520,7870.03,0,0
2023-02-01,01V,"NHS SOUTHPORT AND FORMBY",1524,6461.14,0,0
2023-02-01,01G,"NHS SALFORD",1568,7634.17,0,0
2023-02-01,00T,"NHS BOLTON",1629,11732.48,0,0
2023-02-01,10R,"NHS PORTSMOUTH",1646,4992.47,0,0
2023-02-01,00Y,"NHS OLDHAM",1697,8502.98,0,0
2023-02-01,07H,"NHS WEST ESSEX",1765,6837.82,0,0
2023-02-01,03F,"NHS HULL",1772,8208.4,0,0
2023-02-01,02A,"NHS TRAFFORD",1779,8480.87,0,0
2023-02-01,01H,"NHS NORTH CUMBRIA",1792,7097.09,0,0
2023-02-01,01F,"NHS HALTON",1833,12200.16,0,0
2023-02-01,02Y,"NHS EAST RIDING OF YORKSHIRE",1842,8368.88,0,0
2023-02-01,99C,"NHS NORTH TYNESIDE",1848,5942.01,0,0
2023-02-01,02X,"NHS DONCASTER",1860,9386.19,0,0
2023-02-01,07K,"NHS WEST SUFFOLK",1882,5673.14,0,0
2023-02-01,00Q,"NHS BLACKBURN WITH DARWEN",1898,6965.57,0,0
2023-02-01,02E,"NHS WARRINGTON",1977,12222.34,0,0
2023-02-01,05G,"NHS NORTH STAFFORDSHIRE",1984,9858.37,0,0
2023-02-01,01J,"NHS KNOWSLEY",1993,9870.01,0,0
2023-02-01,03L,"NHS ROTHERHAM",2049,9654.57,0,0
2023-02-01,00P,"NHS SUNDERLAND",2064,5583.41,0,0
2023-02-01,U2G6B,"NHS THAMES VALLEY ICB - U2G6B",2179,14442.55,0,0
2023-02-01,01T,"NHS SOUTH SEFTON",2210,9760.57,0,0
2023-02-01,01A,"NHS EAST LANCASHIRE",2314,21710.03,0,0
2023-02-01,15A,"NHS BERKSHIRE WEST",2327,9118.4,0,0
2023-02-01,00L,"NHS NORTHUMBERLAND",2358,11633.93,0,0
2023-02-01,05W,"NHS STOKE ON TRENT",2417,10628.62,0,0
2023-02-01,01Y,"NHS TAMESIDE AND GLOSSOP",2478,8721.94,0,0
2023-02-01,01K,"NHS MORECAMBE BAY",2639,9299.78,0,0
2023-02-01,02P,"NHS BARNSLEY",2772,13758.22,0,0
2023-02-01,14Y,"NHS BUCKINGHAMSHIRE",2795,10764.15,0,0
2023-02-01,02H,"NHS WIGAN BOROUGH",2827,18696.44,0,0
2023-02-01,03W,"NHS EAST LEICESTERSHIRE AND RUTLAND",2845,12259.14,0,0
2023-02-01,01W,"NHS STOCKPORT",2948,10706.8,0,0
2023-02-01,03R,"NHS WAKEFIELD",2980,19158.09,0,0
2023-02-01,04C,"NHS LEICESTER CITY",3161,14570.66,0,0
2023-02-01,06Q,"NHS MID ESSEX",3395,10043.01,0,0
2023-02-01,X2C4Y,"NHS KIRKLEES",3431,14127,0,0
2023-02-01,06L,"NHS IPSWICH AND EAST SUFFOLK",3433,8860.65,0,0
2023-02-01,06N,"NHS HERTS VALLEYS",3456,14970.67,0,0
2023-02-01,42D,"NHS NORTH YORKSHIRE",3584,14091.02,0,0
2023-02-01,10Q,"NHS OXFORDSHIRE",3615,19504.53,0,0
2023-02-01,01X,"NHS ST HELENS",3862,19065.74,0,0
2023-02-01,15F,"NHS LEEDS",3966,18133.88,0,0
2023-02-01,36J,"NHS BRADFORD DISTRICT AND CRAVEN",4000,17451.5,0,0
2023-02-01,84H,"NHS COUNTY DURHAM",4078,14884.63,0,0
2023-02-01,04V,"NHS WEST LEICESTERSHIRE",4101,14534.43,0,0
2023-02-01,06K,"NHS EAST AND NORTH HERTFORDSHIRE",4131,12299.78,0,0
2023-02-01,M2L0M,"NHS SHROPSHIRE, TELFORD AND WREKIN",4265,21119.14,0,0
2023-02-01,12F,"NHS WIRRAL",4268,20029.72,0,0
2023-02-01,09D,"NHS BRIGHTON AND HOVE",4274,8803.04,0,0
2023-02-01,13T,"NHS NEWCASTLE GATESHEAD",4346,17144.14,0,0
2023-02-01,06T,"NHS NORTH EAST ESSEX",4875,15421.82,0,0
2023-02-01,16C,"NHS TEES VALLEY",5026,21066.57,0,0
2023-02-01,14L,"NHS MANCHESTER",5170,19494.25,0,0
2023-02-01,11X,"NHS SOMERSET",5303,20595.63,0,0
2023-02-01,03N,"NHS SHEFFIELD",5382,16377.66,0,0
2023-02-01,27D,"NHS CHESHIRE",5826,27385.61,0,0
2023-02-01,52R,"NHS NOTTINGHAM AND NOTTINGHAMSHIRE",5966,26693.44,0,0
2023-02-01,78H,"NHS NORTHAMPTONSHIRE",6034,15409.41,0,0
2023-02-01,M1J4Y,"NHS BEDFORDSHIRE, LUTON AND MILTON KEYNES",6172,16791.88,0,0
2023-02-01,70F,"NHS WEST SUSSEX",6184,25078.05,0,0
2023-02-01,72Q,"NHS SOUTH EAST LONDON",6368,17147.21,0,0
2023-02-01,11N,"NHS CORNWALL AND THE ISLES OF SCILLY",6470,12851.82,0,0
2023-02-01,06H,"NHS CAMBRIDGESHIRE AND PETERBOROUGH",6708,18732.46,0,0
2023-02-01,97R,"NHS EAST SUSSEX",6879,24823.29,0,0
2023-02-01,99A,"NHS LIVERPOOL",7065,31076.5,0,0
2023-02-01,11J,"NHS DORSET",7164,16190.33,0,0
2023-02-01,11M,"NHS GLOUCESTERSHIRE",7283,21257.3,0,0
2023-02-01,B2M3M,"NHS COVENTRY AND WARWICKSHIRE",7500,32566.79,0,0
2023-02-01,18C,"NHS HEREFORDSHIRE AND WORCESTERSHIRE",7696,25644.99,0,0
2023-02-01,A3A8R,"NHS NORTH EAST LONDON",7709,24801.42,0,0
2023-02-01,92A,"NHS SURREY HEARTLANDS",8170,32346.14,0,0
2023-02-01,36L,"NHS SOUTH WEST LONDON",8206,20539.38,0,0
2023-02-01,15C,"NHS BRISTOL, NORTH SOMERSET AND SOUTH GLOUCESTERSHIRE",8455,24842.39,0,0
2023-02-01,93C,"NHS NORTH CENTRAL LONDON",8549,23915.83,0,0
2023-02-01,92G,"NHS BATH AND NORTH EAST SOMERSET, SWINDON AND WILTSHIRE",8612,18972.14,0,0
2023-02-01,71E,"NHS LINCOLNSHIRE",8773,39177.22,0,0
2023-02-01,15E,"NHS BIRMINGHAM AND SOLIHULL",9322,41833.11,0,0
2023-02-01,D2P2L,"NHS BLACK COUNTRY",9670,54440.17,0,0
2023-02-01,W2U3Z,"NHS NORTH WEST LONDON",11219,25710.21,0,0
2023-02-01,15M,"NHS DERBY AND DERBYSHIRE",11437,34187.5,0,0
2023-02-01,D9Y0V,"NHS HAMPSHIRE, SOUTHAMPTON AND ISLE OF WIGHT",11492,44873.53,0,0
2023-02-01,91Q,"NHS KENT AND MEDWAY",12151,45599.48,0,0
2023-02-01,26A,"NHS NORFOLK AND WAVENEY",13013,33658.08,0,0
2023-02-01,15N,"NHS DEVON",13385,41988.27,0,0
2023-03-01,09W,"NHS MEDWAY",0,0,0,0
2023-03-01,D4U1Y,"NHS FRIMLEY",367,823.59,0,0
2023-03-01,07G,"NHS THURROCK",558,1572.44,0,0
2023-03-01,02Q,"NHS BASSETLAW",892,2597.77,0,0
2023-03-01,00V,"NHS BURY",1005,5075.31,0,0
2023-03-01,02G,"NHS WEST LANCASHIRE",1021,6996.02,0,0
2023-03-01,00N,"NHS SOUTH TYNESIDE",1134,5856.53,0,0
2023-03-01,99F,"NHS CASTLE POINT AND ROCHFORD",1152,4536.16,0,0
2023-03-01,03H,"NHS NORTH EAST LINCOLNSHIRE",1167,5473.21,0,0
2023-03-01,05D,"NHS EAST STAFFORDSHIRE",1178,5899.32,0,0
2023-03-01,04Y,"NHS CANNOCK CHASE",1276,9206.68,0,0
2023-03-01,03Q,"NHS VALE OF YORK",1300,7504.76,0,0
2023-03-01,01E,"NHS GREATER PRESTON",1318,10115.54,0,0
2023-03-01,00R,"NHS BLACKPOOL",1325,6117.99,0,0
2023-03-01,00X,"NHS CHORLEY AND SOUTH RIBBLE",1368,8695.65,0,0
2023-03-01,05V,"NHS STAFFORD AND SURROUNDS",1444,6320.19,0,0
2023-03-01,01D,"NHS HEYWOOD, MIDDLETON AND ROCHDALE",1445,7756.7,0,0
2023-03-01,03K,"NHS NORTH LINCOLNSHIRE",1476,8178,0,0
2023-03-01,02T,"NHS CALDERDALE",1506,5015.89,0,0
2023-03-01,02M,"NHS FYLDE AND WYRE",1537,5993.7,0,0
2023-03-01,99E,"NHS BASILDON AND BRENTWOOD",1563,4284.89,0,0
2023-03-01,99G,"NHS SOUTHEND",1693,4496.2,0,0
2023-03-01,05Q,"NHS SOUTH EAST STAFFORDSHIRE AND SEISDON PENINSULA",1737,10410.09,0,0
2023-03-01,01V,"NHS SOUTHPORT AND FORMBY",1809,7285.39,0,0
2023-03-01,00T,"NHS BOLTON",1822,11159.73,0,0
2023-03-01,10R,"NHS PORTSMOUTH",1844,5641.45,0,0
2023-03-01,01G,"NHS SALFORD",1856,7733.07,0,0
2023-03-01,00Y,"NHS OLDHAM",1941,9551.28,0,0
2023-03-01,01H,"NHS NORTH CUMBRIA",1985,7702.78,0,0
2023-03-01,02A,"NHS TRAFFORD",2003,8877.36,0,0
2023-03-01,03F,"NHS HULL",2004,10235.21,0,0
2023-03-01,02Y,"NHS EAST RIDING OF YORKSHIRE",2017,8328.54,0,0
2023-03-01,02X,"NHS DONCASTER",2027,9322.12,0,0
2023-03-01,07H,"NHS WEST ESSEX",2054,7324.33,0,0
2023-03-01,99C,"NHS NORTH TYNESIDE",2074,7860.28,0,0
2023-03-01,01F,"NHS HALTON",2094,11400.99,0,0
2023-03-01,07K,"NHS WEST SUFFOLK",2186,6399.08,0,0
2023-03-01,00Q,"NHS BLACKBURN WITH DARWEN",2193,9400.61,0,0
2023-03-01,01J,"NHS KNOWSLEY",2238,10312.85,0,0
2023-03-01,05G,"NHS NORTH STAFFORDSHIRE",2242,11220.62,0,0
2023-03-01,02E,"NHS WARRINGTON",2330,14637.78,0,0
2023-03-01,U2G6B,"NHS THAMES VALLEY ICB - U2G6B",2331,12943.56,0,0
2023-03-01,00P,"NHS SUNDERLAND",2352,7370.16,0,0
2023-03-01,03L,"NHS ROTHERHAM",2352,11881.79,0,0
2023-03-01,15A,"NHS BERKSHIRE WEST",2502,8903.03,0,0
2023-03-01,01T,"NHS SOUTH SEFTON",2533,12075.71,0,0
2023-03-01,00L,"NHS NORTHUMBERLAND",2598,11278.89,0,0
2023-03-01,01A,"NHS EAST LANCASHIRE",2700,26171.59,0,0
2023-03-01,05W,"NHS STOKE ON TRENT",2757,12803.54,0,0
2023-03-01,01Y,"NHS TAMESIDE AND GLOSSOP",2893,10005.5,0,0
2023-03-01,14Y,"NHS BUCKINGHAMSHIRE",3089,12424.12,0,0
2023-03-01,01K,"NHS MORECAMBE BAY",3106,12756.42,0,0
2023-03-01,03W,"NHS EAST LEICESTERSHIRE AND RUTLAND",3109,11826.97,0,0
2023-03-01,02P,"NHS BARNSLEY",3167,14733.07,0,0
2023-03-01,02H,"NHS WIGAN BOROUGH",3245,21257.83,0,0
2023-03-01,01W,"NHS STOCKPORT",3322,13047.38,0,0
2023-03-01,03R,"NHS WAKEFIELD",3472,21910.1,0,0
2023-03-01,04C,"NHS LEICESTER CITY",3574,16165.75,0,0
2023-03-01,06Q,"NHS MID ESSEX",3796,13113.98,0,0
2023-03-01,X2C4Y,"NHS KIRKLEES",3798,14281.41,0,0
2023-03-01,06N,"NHS HERTS VALLEYS",4003,16328.02,0,0
2023-03-01,10Q,"NHS OXFORDSHIRE",4017,22874.46,0,0
2023-03-01,06L,"NHS IPSWICH AND EAST SUFFOLK",4032,11331.91,0,0
2023-03-01,42D,"NHS NORTH YORKSHIRE",4063,14380.29,0,0
2023-03-01,01X,"NHS ST HELENS",4387,23189.41,0,0
2023-03-01,06K,"NHS EAST AND NORTH HERTFORDSHIRE",4436,12657.82,0,0
2023-03-01,15F,"NHS LEEDS",4451,19037.04,0,0
2023-03-01,36J,"NHS BRADFORD DISTRICT AND CRAVEN",4502,22937.95,0,0
2023-03-01,84H,"NHS COUNTY DURHAM",4641,17766.07,0,0
2023-03-01,04V,"NHS WEST LEICESTERSHIRE",4695,16051.29,0,0
2023-03-01,M2L0M,"NHS SHROPSHIRE, TELFORD AND WREKIN",4711,23629.39,0,0
2023-03-01,13T,"NHS NEWCASTLE GATESHEAD",4830,17168.29,0,0
2023-03-01,12F,"NHS WIRRAL",4896,20992.07,0,0
2023-03-01,09D,"NHS BRIGHTON AND HOVE",4931,9805.75,0,0
2023-03-01,06T,"NHS NORTH EAST ESSEX",5547,18967.78,0,0
2023-03-01,16C,"NHS TEES VALLEY",5616,25187.21,0,0
2023-03-01,03N,"NHS SHEFFIELD",5974,18056.26,0,0
2023-03-01,14L,"NHS MANCHESTER",6028,22675.36,0,0
2023-03-01,11X,"NHS SOMERSET",6189,25737.07,0,0
2023-03-01,52R,"NHS NOTTINGHAM AND NOTTINGHAMSHIRE",6728,29168,0,0
2023-03-01,27D,"NHS CHESHIRE",6769,29876.67,0,0
2023-03-01,70F,"NHS WEST SUSSEX",6939,24861.66,0,0
2023-03-01,M1J4Y,"NHS BEDFORDSHIRE, LUTON AND MILTON KEYNES",7059,21950.21,0,0
2023-03-01,72Q,"NHS SOUTH EAST LONDON",7095,18693.99,0,0
2023-03-01,78H,"NHS NORTHAMPTONSHIRE",7098,18128.55,0,0
2023-03-01,11N,"NHS CORNWALL AND THE ISLES OF SCILLY",7552,16737.77,0,0
2023-03-01,06H,"NHS CAMBRIDGESHIRE AND PETERBOROUGH",7790,25050.53,0,0
2023-03-01,97R,"NHS EAST SUSSEX",7890,27026.07,0,0
2023-03-01,11M,"NHS GLOUCESTERSHIRE",8077,23081.28,0,0
2023-03-01,11J,"NHS DORSET",8140,18123.61,0,0
2023-03-01,99A,"NHS LIVERPOOL",8151,35714.49,0,0
2023-03-01,B2M3M,"NHS COVENTRY AND WARWICKSHIRE",8661,39566.4,0,0
2023-03-01,A3A8R,"NHS NORTH EAST LONDON",8662,28368.25,0,0
2023-03-01,18C,"NHS HEREFORDSHIRE AND WORCESTERSHIRE",8717,28836.54,0,0
2023-03-01,92A,"NHS SURREY HEARTLANDS",9383,38091.06,0,0
2023-03-01,36L,"NHS SOUTH WEST LONDON",9416,25720.35,0,0
2023-03-01,92G,"NHS BATH AND NORTH EAST SOMERSET, SWINDON AND WILTSHIRE",9580,20460.78,0,0
2023-03-01,93C,"NHS NORTH CENTRAL LONDON",9618,28142.68,0,0
2023-03-01,15C,"NHS BRISTOL, NORTH SOMERSET AND SOUTH GLOUCESTERSHIRE",9817,31470.18,0,0
2023-03-01,71E,"NHS LINCOLNSHIRE",9995,45250.03,0,0
2023-03-01,15E,"NHS BIRMINGHAM AND SOLIHULL",10521,48080.41,0,0
2023-03-01,D2P2L,"NHS BLACK COUNTRY",11005,61016.37,0,0
2023-03-01,W2U3Z,"NHS NORTH WEST LONDON",12678,30353.97,0,0
2023-03-01,15M,"NHS DERBY AND DERBYSHIRE",12759,34474.15,0,0
2023-03-01,D9Y0V,"NHS HAMPSHIRE, SOUTHAMPTON AND ISLE OF WIGHT",12989,52366.25,0,0
2023-03-01,91Q,"NHS KENT AND MEDWAY",14017,54213.71,0,0
2023-03-01,26A,"NHS NORFOLK AND WAVENEY",14801,38454.34,0,0
2023-03-01,15N,"NHS DEVON",15229,49704.46,0,0
2023-04-01,09W,"NHS MEDWAY",0,0,0,0
2023-04-01,D4U1Y,"NHS FRIMLEY",274,782.21,0,0
2023-04-01,07G,"NHS THURROCK",526,1340.6,0,0
2023-04-01,02Q,"NHS BASSETLAW",829,1823.78,0,0
2023-04-01,00V,"NHS BURY",939,5188.49,0,0
2023-04-01,02G,"NHS WEST LANCASHIRE",958,7478.81,0,0
2023-04-01,03H,"NHS NORTH EAST LINCOLNSHIRE",1025,6361.09,0,0
2023-04-01,05D,"NHS EAST STAFFORDSHIRE",1036,5454.89,0,0
2023-04-01,99F,"NHS CASTLE POINT AND ROCHFORD",1047,4211.94,0,0
2023-04-01,00N,"NHS SOUTH TYNESIDE",1083,5119.61,0,0
2023-04-01,01E,"NHS GREATER PRESTON",1114,7862.49,0,0
2023-04-01,03Q,"NHS VALE OF YORK",1117,4634.76,0,0
2023-04-01,04Y,"NHS CANNOCK CHASE",1127,6556.91,0,0
2023-04-01,00R,"NHS BLACKPOOL",1198,5942.84,0,0
2023-04-01,00X,"NHS CHORLEY AND SOUTH RIBBLE",1226,7878.51,0,0
2023-04-01,05V,"NHS STAFFORD AND SURROUNDS",1275,6714.44,0,0
2023-04-01,01D,"NHS HEYWOOD, MIDDLETON AND ROCHDALE",1277,6295.69,0,0
2023-04-01,03K,"NHS NORTH LINCOLNSHIRE",1304,6285.51,0,0
2023-04-01,02T,"NHS CALDERDALE",1317,5522.13,0,0
2023-04-01,99E,"NHS BASILDON AND BRENTWOOD",1337,4165.31,0,0
2023-04-01,99G,"NHS SOUTHEND",1393,3716.73,0,0
2023-04-01,02M,"NHS FYLDE AND WYRE",1397,5944.07,0,0
2023-04-01,05Q,"NHS SOUTH EAST STAFFORDSHIRE AND SEISDON PENINSULA",1516,9286.78,0,0
2023-04-01,01G,"NHS SALFORD",1540,7043.69,0,0
2023-04-01,01V,"NHS SOUTHPORT AND FORMBY",1563,6189.06,0,0
2023-04-01,10R,"NHS PORTSMOUTH",1632,5315.81,0,0
2023-04-01,00T,"NHS BOLTON",1640,12102.66,0,0
2023-04-01,00Y,"NHS OLDHAM",1717,8835.94,0,0
2023-04-01,02A,"NHS TRAFFORD",1790,7862.76,0,0
2023-04-01,07H,"NHS WEST ESSEX",1800,6477.7,0,0
2023-04-01,03F,"NHS HULL",1814,8599.18,0,0
2023-04-01,02Y,"NHS EAST RIDING OF YORKSHIRE",1823,8749.29,0,0
2023-04-01,02X,"NHS DONCASTER",1839,8980.55,0,0
2023-04-01,99C,"NHS NORTH TYNESIDE",1860,6613.92,0,0
2023-04-01,07K,"NHS WEST SUFFOLK",1878,5693.91,0,0
2023-04-01,01H,"NHS NORTH CUMBRIA",1900,7047.52,0,0
2023-04-01,01J,"NHS KNOWSLEY",1912,8685.35,0,0
2023-04-01,01F,"NHS HALTON",1931,11782.55,0,0
2023-04-01,05G,"NHS NORTH STAFFORDSHIRE",1954,9389.88,0,0
2023-04-01,00Q,"NHS BLACKBURN WITH DARWEN",1980,8892.41,0,0
2023-04-01,02E,"NHS WARRINGTON",2071,13337.14,0,0
2023-04-01,00P,"NHS SUNDERLAND",2091,6086.17,0,0
2023-04-01,03L,"NHS ROTHERHAM",2105,9113.55,0,0
2023-04-01,U2G6B,"NHS THAMES VALLEY ICB - U2G6B",2145,11972.21,0,0
2023-04-01,01T,"NHS SOUTH SEFTON",2171,9726.49,0,0
2023-04-01,15A,"NHS BERKSHIRE WEST",2322,8944.56,0,0
2023-04-01,05W,"NHS STOKE ON TRENT",2380,10773.53,0,0
2023-04-01,01A,"NHS EAST LANCASHIRE",2393,22880.17,0,0
2023-04-01,00L,"NHS NORTHUMBERLAND",2424,11345.16,0,0
2023-04-01,01Y,"NHS TAMESIDE AND GLOSSOP",2437,7685.46,0,0
2023-04-01,14Y,"NHS BUCKINGHAMSHIRE",2677,10982.87,0,0
2023-04-01,01K,"NHS MORECAMBE BAY",2724,11940.56,0,0
2023-04-01,03W,"NHS EAST LEICESTERSHIRE AND RUTLAND",2779,11737.1,0,0
2023-04-01,02H,"NHS WIGAN BOROUGH",2822,18609.74,0,0
2023-04-01,03R,"NHS WAKEFIELD",2836,14241.67,0,0
2023-04-01,01W,"NHS STOCKPORT",2885,11115.41,0,0
2023-04-01,02P,"NHS BARNSLEY",2886,14042.57,0,0
2023-04-01,04C,"NHS LEICESTER CITY",3196,13892.96,0,0
2023-04-01,X2C4Y,"NHS KIRKLEES",3322,12717.5,0,0
2023-04-01,06Q,"NHS MID ESSEX",3352,11785.34,0,0
2023-04-01,06L,"NHS IPSWICH AND EAST SUFFOLK",3493,10472.55,0,0
2023-04-01,42D,"NHS NORTH YORKSHIRE",3529,13596.06,0,0
2023-04-01,06N,"NHS HERTS VALLEYS",3578,15006.81,0,0
2023-04-01,10Q,"NHS OXFORDSHIRE",3665,19841.46,0,0
2023-04-01,01X,"NHS ST HELENS",3855,20060.73,0,0
2023-04-01,15F,"NHS LEEDS",3922,15146.36,0,0
2023-04-01,06K,"NHS EAST AND NORTH HERTFORDSHIRE",4037,11082.17,0,0
2023-04-01,36J,"NHS BRADFORD DISTRICT AND CRAVEN",4092,19631.71,0,0
2023-04-01,84H,"NHS COUNTY DURHAM",4192,16161.54,0,0
2023-04-01,M2L0M,"NHS SHROPSHIRE, TELFORD AND WREKIN",4199,22433.14,0,0
2023-04-01,04V,"NHS WEST LEICESTERSHIRE",4239,14696.94,0,0
2023-04-01,13T,"NHS NEWCASTLE GATESHEAD",4268,16594.71,0,0
2023-04-01,12F,"NHS WIRRAL",4292,18716.66,0,0
2023-04-01,09D,"NHS BRIGHTON AND HOVE",4467,8812.43,0,0
2023-04-01,06T,"NHS NORTH EAST ESSEX",4967,15261.16,0,0
2023-04-01,16C,"NHS TEES VALLEY",5070,23344.08,0,0
2023-04-01,03N,"NHS SHEFFIELD",5279,16380.65,0,0
2023-04-01,14L,"NHS MANCHESTER",5383,18416.17,0,0
2023-04-01,11X,"NHS SOMERSET",5496,21033.01,0,0
2023-04-01,52R,"NHS NOTTINGHAM AND NOTTINGHAMSHIRE",5905,26637.65,0,0
2023-04-01,27D,"NHS CHESHIRE",5966,26561.11,0,0
2023-04-01,70F,"NHS WEST SUSSEX",6082,26744.41,0,0
2023-04-01,78H,"NHS NORTHAMPTONSHIRE",6141,15656.28,0,0
2023-04-01,72Q,"NHS SOUTH EAST LONDON",6238,17318.94,0,0
2023-04-01,M1J4Y,"NHS BEDFORDSHIRE, LUTON AND MILTON KEYNES",6289,19417.25,0,0
2023-04-01,11N,"NHS CORNWALL AND THE ISLES OF SCILLY",6698,15034.01,0,0
2023-04-01,06H,"NHS CAMBRIDGESHIRE AND PETERBOROUGH",6772,20124.71,0,0
2023-04-01,99A,"NHS LIVERPOOL",7070,33451.91,0,0
2023-04-01,97R,"NHS EAST SUSSEX",7118,24843.42,0,0
2023-04-01,11J,"NHS DORSET",7243,18439.09,0,0
2023-04-01,11M,"NHS GLOUCESTERSHIRE",7315,22261.15,0,0
2023-04-01,B2M3M,"NHS COVENTRY AND WARWICKSHIRE",7427,35062.45,0,0
2023-04-01,A3A8R,"NHS NORTH EAST LONDON",7540,24895.97,0,0
2023-04-01,18C,"NHS HEREFORDSHIRE AND WORCESTERSHIRE",7698,27369.41,0,0
2023-04-01,92A,"NHS SURREY HEARTLANDS",8282,31994.18,0,0
2023-04-01,36L,"NHS SOUTH WEST LONDON",8526,23144.14,0,0
2023-04-01,15C,"NHS BRISTOL, NORTH SOMERSET AND SOUTH GLOUCESTERSHIRE",8537,25095.79,0,0
2023-04-01,92G,"NHS BATH AND NORTH EAST SOMERSET, SWINDON AND WILTSHIRE",8613,17306.76,0,0
2023-04-01,93C,"NHS NORTH CENTRAL LONDON",8650,26577.91,0,0
2023-04-01,71E,"NHS LINCOLNSHIRE",8711,38495.15,0,0
2023-04-01,15E,"NHS BIRMINGHAM AND SOLIHULL",9394,41479.86,0,0
2023-04-01,D2P2L,"NHS BLACK COUNTRY",9576,51808.55,0,0
2023-04-01,15M,"NHS DERBY AND DERBYSHIRE",11355,34947.63,0,0
2023-04-01,W2U3Z,"NHS NORTH WEST LONDON",11394,29035.03,0,0
2023-04-01,D9Y0V,"NHS HAMPSHIRE, SOUTHAMPTON AND ISLE OF WIGHT",11622,50250.67,0,0
2023-04-01,91Q,"NHS KENT AND MEDWAY",12407,47643.69,0,0
2023-04-01,26A,"NHS NORFOLK AND WAVENEY",13411,33085.8,0,0
2023-04-01,15N,"NHS DEVON",13546,42768.12,0,0
2023-05-01,09W,"NHS MEDWAY",0,0,0,0
2023-05-01,D4U1Y,"NHS FRIMLEY",307,767.67,0,0
2023-05-01,07G,"NHS THURROCK",536,1345.11,0,0
2023-05-01,02Q,"NHS BASSETLAW",876,2252.33,0,0
2023-05-01,00V,"NHS BURY",991,5193.36,0,0
2023-05-01,03H,"NHS NORTH EAST LINCOLNSHIRE",1037,5668,0,0
2023-05-01,00N,"NHS SOUTH TYNESIDE",1072,4917.13,0,0
2023-05-01,05D,"NHS EAST STAFFORDSHIRE",1082,5444,0,0
2023-05-01,02G,"NHS WEST LANCASHIRE",1083,8203.94,0,0
2023-05-01,99F,"NHS CASTLE POINT AND ROCHFORD",1132,4963.28,0,0
2023-05-01,04Y,"NHS CANNOCK CHASE",1194,7480.43,0,0
2023-05-01,01E,"NHS GREATER PRESTON",1216,7959.28,0,0
2023-05-01,03Q,"NHS VALE OF YORK",1230,5363.6,0,0
2023-05-01,00R,"NHS BLACKPOOL",1302,5720.49,0,0
2023-05-01,00X,"NHS CHORLEY AND SOUTH RIBBLE",1313,9247.66,0,0
2023-05-01,05V,"NHS STAFFORD AND SURROUNDS",1324,5949.55,0,0
2023-05-01,01D,"NHS HEYWOOD, MIDDLETON AND ROCHDALE",1380,6922.61,0,0
2023-05-01,02M,"NHS FYLDE AND WYRE",1439,5605.34,0,0
2023-05-01,03K,"NHS NORTH LINCOLNSHIRE",1444,7242.64,0,0
2023-05-01,02T,"NHS CALDERDALE",1469,5577.41,0,0
2023-05-01,99E,"NHS BASILDON AND BRENTWOOD",1510,4709.48,0,0
2023-05-01,99G,"NHS SOUTHEND",1562,3494.22,0,0
2023-05-01,05Q,"NHS SOUTH EAST STAFFORDSHIRE AND SEISDON PENINSULA",1600,9032.44,0,0
2023-05-01,01V,"NHS SOUTHPORT AND FORMBY",1699,7028.74,0,0
2023-05-01,00T,"NHS BOLTON",1703,10842.51,0,0
2023-05-01,01G,"NHS SALFORD",1720,8317.44,0,0
2023-05-01,10R,"NHS PORTSMOUTH",1783,4705.06,0,0
2023-05-01,03F,"NHS HULL",1800,10472.19,0,0
2023-05-01,00Y,"NHS OLDHAM",1856,10638.61,0,0
2023-05-01,02A,"NHS TRAFFORD",1893,9501.09,0,0
2023-05-01,99C,"NHS NORTH TYNESIDE",1944,7477.61,0,0
2023-05-01,07H,"NHS WEST ESSEX",1954,6868.31,0,0
2023-05-01,02X,"NHS DONCASTER",1962,8847.36,0,0
2023-05-01,02Y,"NHS EAST RIDING OF YORKSHIRE",1980,8302.44,0,0
2023-05-01,01F,"NHS HALTON",2011,12985.47,0,0
2023-05-01,00Q,"NHS BLACKBURN WITH DARWEN",2026,8511.48,0,0
2023-05-01,01H,"NHS NORTH CUMBRIA",2027,8325.68,0,0
2023-05-01,07K,"NHS WEST SUFFOLK",2030,6408.72,0,0
2023-05-01,05G,"NHS NORTH STAFFORDSHIRE",2090,10519.09,0,0
2023-05-01,02E,"NHS WARRINGTON",2107,13337.7,0,0
2023-05-01,U2G6B,"NHS THAMES VALLEY ICB - U2G6B",2234,12578.11,0,0
2023-05-01,01J,"NHS KNOWSLEY",2245,10140.29,0,0
2023-05-01,00P,"NHS SUNDERLAND",2268,7086.74,0,0
2023-05-01,03L,"NHS ROTHERHAM",2273,11054.05,0,0
2023-05-01,01T,"NHS SOUTH SEFTON",2339,10629.58,0,0
2023-05-01,00L,"NHS NORTHUMBERLAND",2402,11430.31,0,0
2023-05-01,15A,"NHS BERKSHIRE WEST",2522,9611.3,0,0
2023-05-01,01A,"NHS EAST LANCASHIRE",2545,22889.09,0,0
2023-05-01,05W,"NHS STOKE ON TRENT",2563,11967.5,0,0
2023-05-01,01Y,"NHS TAMESIDE AND GLOSSOP",2654,9275.91,0,0
2023-05-01,01K,"NHS MORECAMBE BAY",2821,11848.52,0,0
2023-05-01,03W,"NHS EAST LEICESTERSHIRE AND RUTLAND",2961,11491.31,0,0
2023-05-01,14Y,"NHS BUCKINGHAMSHIRE",2968,14698.33,0,0
2023-05-01,01W,"NHS STOCKPORT",3004,12465.82,0,0
2023-05-01,02P,"NHS BARNSLEY",3031,14668.06,0,0
2023-05-01,02H,"NHS WIGAN BOROUGH",3070,19298.01,0,0
2023-05-01,03R,"NHS WAKEFIELD",3090,16776.72,0,0
2023-05-01,04C,"NHS LEICESTER CITY",3364,13713.11,0,0
2023-05-01,06Q,"NHS MID ESSEX",3415,11482.22,0,0
2023-05-01,X2C4Y,"NHS KIRKLEES",3598,13377.69,0,0
2023-05-01,06L,"NHS IPSWICH AND EAST SUFFOLK",3742,11266.68,0,0
2023-05-01,10Q,"NHS OXFORDSHIRE",3784,19269.79,0,0
2023-05-01,06N,"NHS HERTS VALLEYS",3790,14789.02,0,0
2023-05-01,42D,"NHS NORTH YORKSHIRE",3917,15437.54,0,0
2023-05-01,01X,"NHS ST HELENS",4145,20117.27,0,0
2023-05-01,15F,"NHS LEEDS",4214,17678.88,0,0
2023-05-01,06K,"NHS EAST AND NORTH HERTFORDSHIRE",4276,12976.76,0,0
2023-05-01,04V,"NHS WEST LEICESTERSHIRE",4458,15430.84,0,0
2023-05-01,M2L0M,"NHS SHROPSHIRE, TELFORD AND WREKIN",4463,23199.26,0,0
2023-05-01,84H,"NHS COUNTY DURHAM",4464,16179.21,0,0
2023-05-01,36J,"NHS BRADFORD DISTRICT AND CRAVEN",4498,24645.63,0,0
2023-05-01,12F,"NHS WIRRAL",4504,17851.81,0,0
2023-05-01,13T,"NHS NEWCASTLE GATESHEAD",4602,17455.6,0,0
2023-05-01,09D,"NHS BRIGHTON AND HOVE",4631,9451.95,0,0
2023-05-01,06T,"NHS NORTH EAST ESSEX",5166,16282.18,0,0
2023-05-01,16C,"NHS TEES VALLEY",5451,23725.39,0,0
2023-05-01,14L,"NHS MANCHESTER",5604,17829.72,0,0
2023-05-01,03N,"NHS SHEFFIELD",5675,17134.64,0,0
2023-05-01,11X,"NHS SOMERSET",5736,21892.15,0,0
2023-05-01,27D,"NHS CHESHIRE",6403,30563.18,0,0
2023-05-01,52R,"NHS NOTTINGHAM AND NOTTINGHAMSHIRE",6601,29828.3,0,0
2023-05-01,78H,"NHS NORTHAMPTONSHIRE",6644,16236.95,0,0
2023-05-01,70F,"NHS WEST SUSSEX",6753,22786.25,0,0
2023-05-01,M1J4Y,"NHS BEDFORDSHIRE, LUTON AND MILTON KEYNES",6899,21492.17,0,0
2023-05-01,11N,"NHS CORNWALL AND THE ISLES OF SCILLY",6949,13683.02,0,0
2023-05-01,72Q,"NHS SOUTH EAST LONDON",6974,21799.48,0,0
2023-05-01,06H,"NHS CAMBRIDGESHIRE AND PETERBOROUGH",7113,21159.06,0,0
2023-05-01,97R,"NHS EAST SUSSEX",7425,26075.81,0,0
2023-05-01,99A,"NHS LIVERPOOL",7520,31857.98,0,0
2023-05-01,11J,"NHS DORSET",7575,16983.88,0,0
2023-05-01,11M,"NHS GLOUCESTERSHIRE",8007,28680.7,0,0
2023-05-01,B2M3M,"NHS COVENTRY AND WARWICKSHIRE",8140,35849.36,0,0
2023-05-01,A3A8R,"NHS NORTH EAST LONDON",8252,27528.91,0,0
2023-05-01,18C,"NHS HEREFORDSHIRE AND WORCESTERSHIRE",8265,30124.69,0,0
2023-05-01,92A,"NHS SURREY HEARTLANDS",9023,34794.1,0,0
2023-05-01,36L,"NHS SOUTH WEST LONDON",9110,25271.33,0,0
2023-05-01,15C,"NHS BRISTOL, NORTH SOMERSET AND SOUTH GLOUCESTERSHIRE",9159,29220.32,0,0
2023-05-01,92G,"NHS BATH AND NORTH EAST SOMERSET, SWINDON AND WILTSHIRE",9196,20552.18,0,0
2023-05-01,93C,"NHS NORTH CENTRAL LONDON",9238,25544.2,0,0
2023-05-01,71E,"NHS LINCOLNSHIRE",9558,43237.3,0,0
2023-05-01,15E,"NHS BIRMINGHAM AND SOLIHULL",10305,43041.06,0,0
2023-05-01,D2P2L,"NHS BLACK COUNTRY",10468,56490.82,0,0
2023-05-01,W2U3Z,"NHS NORTH WEST LONDON",11917,31457.23,0,0
2023-05-01,15M,"NHS DERBY AND DERBYSHIRE",12322,35681.5,0,0
2023-05-01,D9Y0V,"NHS HAMPSHIRE, SOUTHAMPTON AND ISLE OF WIGHT",12380,51164.86,0,0
2023-05-01,91Q,"NHS KENT AND MEDWAY",13332,50351.62,0,0
2023-05-01,26A,"NHS NORFOLK AND WAVENEY",13999,36916.66,0,0
2023-05-01,15N,"NHS DEVON",14002,43883.52,0,0
2023-06-01,09W,"NHS MEDWAY",0,0,0,0
2023-06-01,D4U1Y,"NHS FRIMLEY",296,970.97,0,0
2023-06-01,07G,"NHS THURROCK",539,1865.89,0,0
2023-06-01,02Q,"NHS BASSETLAW",859,2367.41,0,0
2023-06-01,05D,"NHS EAST STAFFORDSHIRE",1021,3878.57,0,0
2023-06-01,02G,"NHS WEST LANCASHIRE",1050,6994.51,0,0
2023-06-01,00N,"NHS SOUTH TYNESIDE",1067,4870.87,0,0
2023-06-01,99F,"NHS CASTLE POINT AND ROCHFORD",1068,4839.72,0,0
2023-06-01,00V,"NHS BURY",1072,5668.19,0,0
2023-06-01,03H,"NHS NORTH EAST LINCOLNSHIRE",1134,5902.46,0,0
2023-06-01,03Q,"NHS VALE OF YORK",1192,6431.77,0,0
2023-06-01,00R,"NHS BLACKPOOL",1263,6203.24,0,0
2023-06-01,01E,"NHS GREATER PRESTON",1263,9050.28,0,0
2023-06-01,04Y,"NHS CANNOCK CHASE",1264,7740.6,0,0
2023-06-01,05V,"NHS STAFFORD AND SURROUNDS",1337,6737.47,0,0
2023-06-01,00X,"NHS CHORLEY AND SOUTH RIBBLE",1349,8211.4,0,0
2023-06-01,01D,"NHS HEYWOOD, MIDDLETON AND ROCHDALE",1425,6502.44,0,0
2023-06-01,03K,"NHS NORTH LINCOLNSHIRE",1445,5772.39,0,0
2023-06-01,99E,"NHS BASILDON AND BRENTWOOD",1453,4290.49,0,0
2023-06-01,02M,"NHS FYLDE AND WYRE",1464,6658.57,0,0
2023-06-01,02T,"NHS CALDERDALE",1493,5390.12,0,0
2023-06-01,99G,"NHS SOUTHEND",1506,3405.41,0,0
2023-06-01,00T,"NHS BOLTON",1673,10390.62,0,0
2023-06-01,05Q,"NHS SOUTH EAST STAFFORDSHIRE AND SEISDON PENINSULA",1675,9430.72,0,0
2023-06-01,01V,"NHS SOUTHPORT AND FORMBY",1705,6430.32,0,0
2023-06-01,01G,"NHS SALFORD",1708,8647.54,0,0
2023-06-01,10R,"NHS PORTSMOUTH",1808,5352.44,0,0
2023-06-01,02A,"NHS TRAFFORD",1847,8765.76,0,0
2023-06-01,03F,"NHS HULL",1900,9328.88,0,0
2023-06-01,00Y,"NHS OLDHAM",1907,9026.3,0,0
2023-06-01,02Y,"NHS EAST RIDING OF YORKSHIRE",1938,8571.43,0,0
2023-06-01,99C,"NHS NORTH TYNESIDE",1938,6538.47,0,0
2023-06-01,07H,"NHS WEST ESSEX",1945,7133.84,0,0
2023-06-01,01H,"NHS NORTH CUMBRIA",1956,7751.31,0,0
2023-06-01,00Q,"NHS BLACKBURN WITH DARWEN",2039,8385.99,0,0
2023-06-01,01F,"NHS HALTON",2061,10342.33,0,0
2023-06-01,02X,"NHS DONCASTER",2079,9513.72,0,0
2023-06-01,07K,"NHS WEST SUFFOLK",2110,6190.77,0,0
2023-06-01,02E,"NHS WARRINGTON",2152,12596.65,0,0
2023-06-01,05G,"NHS NORTH STAFFORDSHIRE",2188,11107.15,0,0
2023-06-01,01J,"NHS KNOWSLEY",2192,11443.8,0,0
2023-06-01,00P,"NHS SUNDERLAND",2243,6159.33,0,0
2023-06-01,03L,"NHS ROTHERHAM",2279,10451.25,0,0
2023-06-01,U2G6B,"NHS THAMES VALLEY ICB - U2G6B",2315,12451.48,0,0
2023-06-01,01T,"NHS SOUTH SEFTON",2339,10264.76,0,0
2023-06-01,15A,"NHS BERKSHIRE WEST",2500,10151.24,0,0
2023-06-01,05W,"NHS STOKE ON TRENT",2551,11153.29,0,0
2023-06-01,00L,"NHS NORTHUMBERLAND",2564,13004.76,0,0
2023-06-01,01A,"NHS EAST LANCASHIRE",2590,22834.63,0,0
2023-06-01,01Y,"NHS TAMESIDE AND GLOSSOP",2729,9418.63,0,0
2023-06-01,01K,"NHS MORECAMBE BAY",2852,14084.94,0,0
2023-06-01,14Y,"NHS BUCKINGHAMSHIRE",2974,13184.59,0,0
2023-06-01,01W,"NHS STOCKPORT",2985,12060.79,0,0
2023-06-01,02P,"NHS BARNSLEY",3057,15112.22,0,0
2023-06-01,03W,"NHS EAST LEICESTERSHIRE AND RUTLAND",3062,13486.44,0,0
2023-06-01,03R,"NHS WAKEFIELD",3151,18274.02,0,0
2023-06-01,02H,"NHS WIGAN BOROUGH",3158,21038.71,0,0
2023-06-01,04C,"NHS LEICESTER CITY",3346,15249.13,0,0
2023-06-01,X2C4Y,"NHS KIRKLEES",3589,13837.3,0,0
2023-06-01,06Q,"NHS MID ESSEX",3610,12819.74,0,0
2023-06-01,06L,"NHS IPSWICH AND EAST SUFFOLK",3794,10893.33,0,0
2023-06-01,42D,"NHS NORTH YORKSHIRE",3810,13526.53,0,0
2023-06-01,06N,"NHS HERTS VALLEYS",3825,16666.66,0,0
2023-06-01,10Q,"NHS OXFORDSHIRE",3861,20002.1,0,0
2023-06-01,01X,"NHS ST HELENS",4191,21427.64,0,0
2023-06-01,15F,"NHS LEEDS",4367,17489.77,0,0
2023-06-01,06K,"NHS EAST AND NORTH HERTFORDSHIRE",4401,14962.41,0,0
2023-06-01,36J,"NHS BRADFORD DISTRICT AND CRAVEN",4454,20259.28,0,0
2023-06-01,13T,"NHS NEWCASTLE GATESHEAD",4513,17814.91,0,0
2023-06-01,M2L0M,"NHS SHROPSHIRE, TELFORD AND WREKIN",4555,25468.03,0,0
2023-06-01,84H,"NHS COUNTY DURHAM",4556,14980.69,0,0
2023-06-01,04V,"NHS WEST LEICESTERSHIRE",4598,15595.86,0,0
2023-06-01,09D,"NHS BRIGHTON AND HOVE",4676,11388.34,0,0
2023-06-01,12F,"NHS WIRRAL",4736,17417.81,0,0
2023-06-01,16C,"NHS TEES VALLEY",5275,25015.51,0,0
2023-06-01,06T,"NHS NORTH EAST ESSEX",5294,16762.05,0,0
2023-06-01,11X,"NHS SOMERSET",5706,21237.8,0,0
2023-06-01,14L,"NHS MANCHESTER",5738,20257.27,0,0
2023-06-01,03N,"NHS SHEFFIELD",5777,17448.83,0,0
2023-06-01,27D,"NHS CHESHIRE",6398,28661.84,0,0
2023-06-01,52R,"NHS NOTTINGHAM AND NOTTINGHAMSHIRE",6610,27754.67,0,0
2023-06-01,70F,"NHS WEST SUSSEX",6613,28976.89,0,0
2023-06-01,78H,"NHS NORTHAMPTONSHIRE",6678,17492.91,0,0
2023-06-01,M1J4Y,"NHS BEDFORDSHIRE, LUTON AND MILTON KEYNES",6934,24615.65,0,0
2023-06-01,11N,"NHS CORNWALL AND THE ISLES OF SCILLY",7024,15061.73,0,0
2023-06-01,72Q,"NHS SOUTH EAST LONDON",7085,19740.26,0,0
2023-06-01,06H,"NHS CAMBRIDGESHIRE AND PETERBOROUGH",7143,23462.06,0,0
2023-06-01,97R,"NHS EAST SUSSEX",7452,26597.13,0,0
2023-06-01,99A,"NHS LIVERPOOL",7765,30863.58,0,0
2023-06-01,11J,"NHS DORSET",7788,18628.06,0,0
2023-06-01,11M,"NHS GLOUCESTERSHIRE",7947,23538.91,0,0
2023-06-01,B2M3M,"NHS COVENTRY AND WARWICKSHIRE",8109,39916.24,0,0
2023-06-01,A3A8R,"NHS NORTH EAST LONDON",8239,26752.72,0,0
2023-06-01,18C,"NHS HEREFORDSHIRE AND WORCESTERSHIRE",8531,32269.61,0,0
2023-06-01,92A,"NHS SURREY HEARTLANDS",8853,34447.7,0,0
2023-06-01,36L,"NHS SOUTH WEST LONDON",9137,24236.14,0,0
2023-06-01,93C,"NHS NORTH CENTRAL LONDON",9211,24339.08,0,0
2023-06-01,15C,"NHS BRISTOL, NORTH SOMERSET AND SOUTH GLOUCESTERSHIRE",9243,27743.9,0,0
2023-06-01,92G,"NHS BATH AND NORTH EAST SOMERSET, SWINDON AND WILTSHIRE",9255,19046.35,0,0
2023-06-01,71E,"NHS LINCOLNSHIRE",9675,42816.21,0,0
2023-06-01,15E,"NHS BIRMINGHAM AND SOLIHULL",10087,43390.31,0,0
2023-06-01,D2P2L,"NHS BLACK COUNTRY",10765,60501.64,0,0
2023-06-01,W2U3Z,"NHS NORTH WEST LONDON",12138,31151.36,0,0
2023-06-01,D9Y0V,"NHS HAMPSHIRE, SOUTHAMPTON AND ISLE OF WIGHT",12474,53063.73,0,0
2023-06-01,15M,"NHS DERBY AND DERBYSHIRE",12550,38269.42,0,0
2023-06-01,91Q,"NHS KENT AND MEDWAY",13407,49680.31,0,0
2023-06-01,15N,"NHS DEVON",14275,47346.7,0,0
2023-06-01,26A,"NHS NORFOLK AND WAVENEY",14351,37101.29,0,0
2023-07-01,09W,"NHS MEDWAY",0,0,0,0
2023-07-01,D4U1Y,"NHS FRIMLEY",183,497.15,0,0
2023-07-01,07G,"NHS THURROCK",547,1702.69,0,0
2023-07-01,02Q,"NHS BASSETLAW",769,2119.78,0,0
2023-07-01,02G,"NHS WEST LANCASHIRE",987,6551.58,0,0
2023-07-01,00V,"NHS BURY",1000,5567.56,0,0
2023-07-01,00N,"NHS SOUTH TYNESIDE",1044,4770.48,0,0
2023-07-01,99F,"NHS CASTLE POINT AND ROCHFORD",1052,4721.84,0,0
2023-07-01,03H,"NHS NORTH EAST LINCOLNSHIRE",1072,8194.65,0,0
2023-07-01,05D,"NHS EAST STAFFORDSHIRE",1092,4091.41,0,0
2023-07-01,04Y,"NHS CANNOCK CHASE",1139,6935.26,0,0
2023-07-01,03Q,"NHS VALE OF YORK",1158,5947.35,0,0
2023-07-01,01E,"NHS GREATER PRESTON",1223,6944.73,0,0
2023-07-01,00R,"NHS BLACKPOOL",1283,4990.97,0,0
2023-07-01,00X,"NHS CHORLEY AND SOUTH RIBBLE",1293,8325.08,0,0
2023-07-01,05V,"NHS STAFFORD AND SURROUNDS",1320,6764.96,0,0
2023-07-01,01D,"NHS HEYWOOD, MIDDLETON AND ROCHDALE",1373,5645.56,0,0
2023-07-01,03K,"NHS NORTH LINCOLNSHIRE",1373,6715.56,0,0
2023-07-01,99E,"NHS BASILDON AND BRENTWOOD",1388,3996.71,0,0
2023-07-01,02M,"NHS FYLDE AND WYRE",1400,4977.52,0,0
2023-07-01,02T,"NHS CALDERDALE",1470,5014.95,0,0
2023-07-01,99G,"NHS SOUTHEND",1532,3459.23,0,0
2023-07-01,05Q,"NHS SOUTH EAST STAFFORDSHIRE AND SEISDON PENINSULA",1622,8601.07,0,0
2023-07-01,01V,"NHS SOUTHPORT AND FORMBY",1644,5575.57,0,0
2023-07-01,01G,"NHS SALFORD",1670,7568.81,0,0
2023-07-01,00T,"NHS BOLTON",1723,9252.52,0,0
2023-07-01,10R,"NHS PORTSMOUTH",1728,5445.44,0,0
2023-07-01,00Y,"NHS OLDHAM",1783,7765.96,0,0
2023-07-01,03F,"NHS HULL",1819,9757.68,0,0
2023-07-01,02X,"NHS DONCASTER",1875,8364.4,0,0
2023-07-01,01H,"NHS NORTH CUMBRIA",1899,7808.15,0,0
2023-07-01,02A,"NHS TRAFFORD",1910,7042.01,0,0
2023-07-01,99C,"NHS NORTH TYNESIDE",1918,7096.22,0,0
2023-07-01,07H,"NHS WEST ESSEX",1937,6218.95,0,0
2023-07-01,00Q,"NHS BLACKBURN WITH DARWEN",1959,8046.7,0,0
2023-07-01,07K,"NHS WEST SUFFOLK",1962,4568.25,0,0
2023-07-01,02Y,"NHS EAST RIDING OF YORKSHIRE",1970,8828.44,0,0
2023-07-01,00P,"NHS SUNDERLAND",2039,5909.33,0,0
2023-07-01,01F,"NHS HALTON",2090,13252.58,0,0
2023-07-01,01J,"NHS KNOWSLEY",2109,9529.59,0,0
2023-07-01,03L,"NHS ROTHERHAM",2112,9741.57,0,0
2023-07-01,05G,"NHS NORTH STAFFORDSHIRE",2121,9953.32,0,0
2023-07-01,02E,"NHS WARRINGTON",2166,10909.27,0,0
2023-07-01,01T,"NHS SOUTH SEFTON",2282,9942.22,0,0
2023-07-01,U2G6B,"NHS THAMES VALLEY ICB - U2G6B",2427,13524.4,0,0
2023-07-01,00L,"NHS NORTHUMBERLAND",2429,11163.53,0,0
2023-07-01,01A,"NHS EAST LANCASHIRE",2447,21294.13,0,0
2023-07-01,15A,"NHS BERKSHIRE WEST",2487,9658.27,0,0
2023-07-01,05W,"NHS STOKE ON TRENT",2514,10391.73,0,0
2023-07-01,01Y,"NHS TAMESIDE AND GLOSSOP",2655,8710.45,0,0
2023-07-01,01K,"NHS MORECAMBE BAY",2767,9772.14,0,0
2023-07-01,03W,"NHS EAST LEICESTERSHIRE AND RUTLAND",2913,11117.36,0,0
2023-07-01,14Y,"NHS BUCKINGHAMSHIRE",2928,12836.95,0,0
2023-07-01,02P,"NHS BARNSLEY",2947,13521.11,0,0
2023-07-01,01W,"NHS STOCKPORT",2969,10941.84,0,0
2023-07-01,03R,"NHS WAKEFIELD",3004,15057.07,0,0
2023-07-01,02H,"NHS WIGAN BOROUGH",3064,18693.52,0,0
2023-07-01,04C,"NHS LEICESTER CITY",3354,13943.18,0,0
2023-07-01,06Q,"NHS MID ESSEX",3473,11764.72,0,0
2023-07-01,X2C4Y,"NHS KIRKLEES",3513,13696.2,0,0
2023-07-01,06N,"NHS HERTS VALLEYS",3638,14222.03,0,0
2023-07-01,06L,"NHS IPSWICH AND EAST SUFFOLK",3675,10450.63,0,0
2023-07-01,10Q,"NHS OXFORDSHIRE",3685,19919.61,0,0
2023-07-01,42D,"NHS NORTH YORKSHIRE",3784,13440.35,0,0
2023-07-01,01X,"NHS ST HELENS",3960,17991.84,0,0
2023-07-01,06K,"NHS EAST AND NORTH HERTFORDSHIRE",4113,13001.14,0,0
2023-07-01,15F,"NHS LEEDS",4184,17047.39,0,0
2023-07-01,36J,"NHS BRADFORD DISTRICT AND CRAVEN",4320,21326.6,0,0
2023-07-01,M2L0M,"NHS SHROPSHIRE, TELFORD AND WREKIN",4339,22926.25,0,0
2023-07-01,09D,"NHS BRIGHTON AND HOVE",4365,9732.13,0,0
2023-07-01,04V,"NHS WEST LEICESTERSHIRE",4367,13721.88,0,0
2023-07-01,84H,"NHS COUNTY DURHAM",4402,16118.13,0,0
2023-07-01,13T,"NHS NEWCASTLE GATESHEAD",4455,15953.17,0,0
2023-07-01,12F,"NHS WIRRAL",4577,14106.54,0,0
2023-07-01,16C,"NHS TEES VALLEY",5138,21669.41,0,0
2023-07-01,06T,"NHS NORTH EAST ESSEX",5229,16407.67,0,0
2023-07-01,14L,"NHS MANCHESTER",5484,15039.75,0,0
2023-07-01,11X,"NHS SOMERSET",5550,21836.45,0,0
2023-07-01,03N,"NHS SHEFFIELD",5667,16101.15,0,0
2023-07-01,27D,"NHS CHESHIRE",6253,23088.76,0,0
2023-07-01,70F,"NHS WEST SUSSEX",6286,24625.42,0,0
2023-07-01,52R,"NHS NOTTINGHAM AND NOTTINGHAMSHIRE",6346,25948.27,0,0
2023-07-01,78H,"NHS NORTHAMPTONSHIRE",6513,15535.41,0,0
2023-07-01,M1J4Y,"NHS BEDFORDSHIRE, LUTON AND MILTON KEYNES",6606,23157.41,0,0
2023-07-01,72Q,"NHS SOUTH EAST LONDON",6880,19635.48,0,0
2023-07-01,11N,"NHS CORNWALL AND THE ISLES OF SCILLY",6990,14302.58,0,0
2023-07-01,06H,"NHS CAMBRIDGESHIRE AND PETERBOROUGH",7022,21259.93,0,0
2023-07-01,97R,"NHS EAST SUSSEX",7237,25961.22,0,0
2023-07-01,99A,"NHS LIVERPOOL",7283,27044.32,0,0
2023-07-01,11J,"NHS DORSET",7445,17879.14,0,0
2023-07-01,11M,"NHS GLOUCESTERSHIRE",7861,24587.06,0,0
2023-07-01,B2M3M,"NHS COVENTRY AND WARWICKSHIRE",7932,32632.12,0,0
2023-07-01,A3A8R,"NHS NORTH EAST LONDON",8050,24839.67,0,0
2023-07-01,18C,"NHS HEREFORDSHIRE AND WORCESTERSHIRE",8132,27056.88,0,0
2023-07-01,92A,"NHS SURREY HEARTLANDS",8695,29946.77,0,0
2023-07-01,92G,"NHS BATH AND NORTH EAST SOMERSET, SWINDON AND WILTSHIRE",8878,18468.73,0,0
2023-07-01,15C,"NHS BRISTOL, NORTH SOMERSET AND SOUTH GLOUCESTERSHIRE",9052,25557.26,0,0
2023-07-01,36L,"NHS SOUTH WEST LONDON",9068,25526.55,0,0
2023-07-01,93C,"NHS NORTH CENTRAL LONDON",9095,25862.14,0,0
2023-07-01,71E,"NHS LINCOLNSHIRE",9346,40879.47,0,0
2023-07-01,15E,"NHS BIRMINGHAM AND SOLIHULL",10004,40781.39,0,0
2023-07-01,D2P2L,"NHS BLACK COUNTRY",10316,55513.65,0,0
2023-07-01,W2U3Z,"NHS NORTH WEST LONDON",11792,38689.17,0,0
2023-07-01,D9Y0V,"NHS HAMPSHIRE, SOUTHAMPTON AND ISLE OF WIGHT",11909,49779.67,0,0
2023-07-01,15M,"NHS DERBY AND DERBYSHIRE",12067,33808.81,0,0
2023-07-01,91Q,"NHS KENT AND MEDWAY",12915,47972.38,0,0
2023-07-01,26A,"NHS NORFOLK AND WAVENEY",13558,33762.45,0,0
2023-07-01,15N,"NHS DEVON",13787,40203.59,0,0
2023-08-01,09W,"NHS MEDWAY",0,0,0,0
2023-08-01,D4U1Y,"NHS FRIMLEY",135,178.06,0,0
2023-08-01,07G,"NHS THURROCK",533,1651.7,0,0
2023-08-01,02Q,"NHS BASSETLAW",930,2360.49,0,0
2023-08-01,02G,"NHS WEST LANCASHIRE",1002,7188.26,0,0
2023-08-01,05D,"NHS EAST STAFFORDSHIRE",1031,5635.97,0,0
2023-08-01,00V,"NHS BURY",1069,5834.01,0,0
2023-08-01,00N,"NHS SOUTH TYNESIDE",1070,5076.87,0,0
2023-08-01,99F,"NHS CASTLE POINT AND ROCHFORD",1114,4037.69,0,0
2023-08-01,03Q,"NHS VALE OF YORK",1173,5053.02,0,0
2023-08-01,03H,"NHS NORTH EAST LINCOLNSHIRE",1181,6060.7,0,0
2023-08-01,04Y,"NHS CANNOCK CHASE",1244,10395.17,0,0
2023-08-01,00R,"NHS BLACKPOOL",1273,6403.56,0,0
2023-08-01,05V,"NHS STAFFORD AND SURROUNDS",1301,7297.99,0,0
2023-08-01,01E,"NHS GREATER PRESTON",1304,8326.66,0,0
2023-08-01,00X,"NHS CHORLEY AND SOUTH RIBBLE",1308,9480.65,0,0
2023-08-01,01D,"NHS HEYWOOD, MIDDLETON AND ROCHDALE",1369,6574.95,0,0
2023-08-01,99E,"NHS BASILDON AND BRENTWOOD",1392,4745.36,0,0
2023-08-01,03K,"NHS NORTH LINCOLNSHIRE",1459,6931.77,0,0
2023-08-01,02M,"NHS FYLDE AND WYRE",1526,5616.82,0,0
2023-08-01,02T,"NHS CALDERDALE",1545,6596.37,0,0
2023-08-01,99G,"NHS SOUTHEND",1607,3858.7,0,0
2023-08-01,05Q,"NHS SOUTH EAST STAFFORDSHIRE AND SEISDON PENINSULA",1664,8144.82,0,0
2023-08-01,01V,"NHS SOUTHPORT AND FORMBY",1714,6936.28,0,0
2023-08-01,10R,"NHS PORTSMOUTH",1731,5083.37,0,0
2023-08-01,01G,"NHS SALFORD",1735,7704.19,0,0
2023-08-01,00T,"NHS BOLTON",1828,10350.65,0,0
2023-08-01,03F,"NHS HULL",1856,9954.33,0,0
2023-08-01,99C,"NHS NORTH TYNESIDE",1905,6043.44,0,0
2023-08-01,02A,"NHS TRAFFORD",1943,9725.6,0,0
2023-08-01,02X,"NHS DONCASTER",1950,7881.8,0,0
2023-08-01,00Y,"NHS OLDHAM",1963,9601.03,0,0
2023-08-01,01H,"NHS NORTH CUMBRIA",1963,7587.43,0,0
2023-08-01,02Y,"NHS EAST RIDING OF YORKSHIRE",1979,9255.17,0,0
2023-08-01,00Q,"NHS BLACKBURN WITH DARWEN",2007,9256.02,0,0
2023-08-01,01F,"NHS HALTON",2045,11824.02,0,0
2023-08-01,07K,"NHS WEST SUFFOLK",2055,5505.65,0,0
2023-08-01,07H,"NHS WEST ESSEX",2076,7625.2,0,0
2023-08-01,01J,"NHS KNOWSLEY",2177,9881.42,0,0
2023-08-01,02E,"NHS WARRINGTON",2197,12974.46,0,0
2023-08-01,03L,"NHS ROTHERHAM",2202,10212.93,0,0
2023-08-01,05G,"NHS NORTH STAFFORDSHIRE",2204,10094.23,0,0
2023-08-01,00P,"NHS SUNDERLAND",2236,6717.24,0,0
2023-08-01,01T,"NHS SOUTH SEFTON",2438,10597.9,0,0
2023-08-01,U2G6B,"NHS THAMES VALLEY ICB - U2G6B",2446,14140.87,0,0
2023-08-01,00L,"NHS NORTHUMBERLAND",2468,11965.21,0,0
2023-08-01,15A,"NHS BERKSHIRE WEST",2512,10117.41,0,0
2023-08-01,01A,"NHS EAST LANCASHIRE",2595,21485.86,0,0
2023-08-01,05W,"NHS STOKE ON TRENT",2656,11223.39,0,0
2023-08-01,01Y,"NHS TAMESIDE AND GLOSSOP",2806,11965.56,0,0
2023-08-01,01K,"NHS MORECAMBE BAY",2868,14275.74,0,0
2023-08-01,14Y,"NHS BUCKINGHAMSHIRE",2878,11637.36,0,0
2023-08-01,03W,"NHS EAST LEICESTERSHIRE AND RUTLAND",3032,13673.63,0,0
2023-08-01,01W,"NHS STOCKPORT",3035,12819.6,0,0
2023-08-01,02P,"NHS BARNSLEY",3049,16529.5,0,0
2023-08-01,02H,"NHS WIGAN BOROUGH",3076,22343.32,0,0
2023-08-01,03R,"NHS WAKEFIELD",3227,19786.72,0,0
2023-08-01,04C,"NHS LEICESTER CITY",3486,16185.47,0,0
2023-08-01,X2C4Y,"NHS KIRKLEES",3579,12483.5,0,0
2023-08-01,06Q,"NHS MID ESSEX",3655,13257.07,0,0
2023-08-01,06N,"NHS HERTS VALLEYS",3717,16620.57,0,0
2023-08-01,06L,"NHS IPSWICH AND EAST SUFFOLK",3736,10104.15,0,0
2023-08-01,10Q,"NHS OXFORDSHIRE",3799,21225.56,0,0
2023-08-01,42D,"NHS NORTH YORKSHIRE",3858,15645.06,0,0
2023-08-01,01X,"NHS ST HELENS",4181,21749.95,0,0
2023-08-01,06K,"NHS EAST AND NORTH HERTFORDSHIRE",4260,13579.36,0,0
2023-08-01,15F,"NHS LEEDS",4268,16837.48,0,0
2023-08-01,84H,"NHS COUNTY DURHAM",4376,17469.55,0,0
2023-08-01,04V,"NHS WEST LEICESTERSHIRE",4492,16809.99,0,0
2023-08-01,36J,"NHS BRADFORD DISTRICT AND CRAVEN",4522,22393.24,0,0
2023-08-01,M2L0M,"NHS SHROPSHIRE, TELFORD AND WREKIN",4533,23414.69,0,0
2023-08-01,13T,"NHS NEWCASTLE GATESHEAD",4551,16859.56,0,0
2023-08-01,09D,"NHS BRIGHTON AND HOVE",4709,8746.26,0,0
2023-08-01,12F,"NHS WIRRAL",4739,17002.28,0,0
2023-08-01,16C,"NHS TEES VALLEY",5240,30131.81,0,0
2023-08-01,06T,"NHS NORTH EAST ESSEX",5286,16989.45,0,0
2023-08-01,14L,"NHS MANCHESTER",5698,17627.52,0,0
2023-08-01,11X,"NHS SOMERSET",5798,23562.15,0,0
2023-08-01,03N,"NHS SHEFFIELD",5916,17220.52,0,0
2023-08-01,27D,"NHS CHESHIRE",6441,28652.55,0,0
2023-08-01,70F,"NHS WEST SUSSEX",6549,25544.49,0,0
2023-08-01,78H,"NHS NORTHAMPTONSHIRE",6694,16242.7,0,0
2023-08-01,52R,"NHS NOTTINGHAM AND NOTTINGHAMSHIRE",6696,27754.16,0,0
2023-08-01,11N,"NHS CORNWALL AND THE ISLES OF SCILLY",6911,20007.14,0,0
2023-08-01,72Q,"NHS SOUTH EAST LONDON",6929,20648.46,0,0
2023-08-01,M1J4Y,"NHS BEDFORDSHIRE, LUTON AND MILTON KEYNES",7039,24390.01,0,0
2023-08-01,06H,"NHS CAMBRIDGESHIRE AND PETERBOROUGH",7284,23990.65,0,0
2023-08-01,11J,"NHS DORSET",7643,18665.37,0,0
2023-08-01,97R,"NHS EAST SUSSEX",7722,26932.28,0,0
2023-08-01,99A,"NHS LIVERPOOL",7848,32873.33,0,0
2023-08-01,11M,"NHS GLOUCESTERSHIRE",8102,29083.81,0,0
2023-08-01,A3A8R,"NHS NORTH EAST LONDON",8152,25111.09,0,0
2023-08-01,B2M3M,"NHS COVENTRY AND WARWICKSHIRE",8197,36979.8,0,0
2023-08-01,18C,"NHS HEREFORDSHIRE AND WORCESTERSHIRE",8491,32513.24,0,0
2023-08-01,92A,"NHS SURREY HEARTLANDS",8998,32103.66,0,0
2023-08-01,36L,"NHS SOUTH WEST LONDON",9047,23895.37,0,0
2023-08-01,15C,"NHS BRISTOL, NORTH SOMERSET AND SOUTH GLOUCESTERSHIRE",9127,27574.72,0,0
2023-08-01,93C,"NHS NORTH CENTRAL LONDON",9246,27607.35,0,0
2023-08-01,92G,"NHS BATH AND NORTH EAST SOMERSET, SWINDON AND WILTSHIRE",9403,21298.96,0,0
2023-08-01,71E,"NHS LINCOLNSHIRE",9602,43470.34,0,0
2023-08-01,15E,"NHS BIRMINGHAM AND SOLIHULL",10113,44706.84,0,0
2023-08-01,D2P2L,"NHS BLACK COUNTRY",10595,58820.03,0,0
2023-08-01,W2U3Z,"NHS NORTH WEST LONDON",12033,32698.95,0,0
2023-08-01,D9Y0V,"NHS HAMPSHIRE, SOUTHAMPTON AND ISLE OF WIGHT",12523,53764.12,0,0
2023-08-01,15M,"NHS DERBY AND DERBYSHIRE",12533,36721.16,0,0
2023-08-01,91Q,"NHS KENT AND MEDWAY",13292,51787.17,0,0
2023-08-01,26A,"NHS NORFOLK AND WAVENEY",13864,35765.1,0,0
2023-08-01,15N,"NHS DEVON",14358,46107.55,0,0
2023-09-01,09W,"NHS MEDWAY",0,0,0,0
2023-09-01,D4U1Y,"NHS FRIMLEY",161,323.07,0,0
2023-09-01,07G,"NHS THURROCK",498,1764.32,0,0
2023-09-01,02Q,"NHS BASSETLAW",807,2108.86,0,0
2023-09-01,00V,"NHS BURY",970,4439.81,0,0
2023-09-01,02G,"NHS WEST LANCASHIRE",1005,5935.62,0,0
2023-09-01,00N,"NHS SOUTH TYNESIDE",1006,4256.73,0,0
2023-09-01,05D,"NHS EAST STAFFORDSHIRE",1052,5195.16,0,0
2023-09-01,99F,"NHS CASTLE POINT AND ROCHFORD",1063,4084.98,0,0
2023-09-01,03H,"NHS NORTH EAST LINCOLNSHIRE",1095,3715.86,0,0
2023-09-01,03Q,"NHS VALE OF YORK",1109,4369.51,0,0
2023-09-01,04Y,"NHS CANNOCK CHASE",1185,5737.97,0,0
2023-09-01,00R,"NHS BLACKPOOL",1210,4823.67,0,0
2023-09-01,01E,"NHS GREATER PRESTON",1251,7447.49,0,0
2023-09-01,05V,"NHS STAFFORD AND SURROUNDS",1264,6166.86,0,0
2023-09-01,00X,"NHS CHORLEY AND SOUTH RIBBLE",1266,5406.76,0,0
2023-09-01,01D,"NHS HEYWOOD, MIDDLETON AND ROCHDALE",1344,7588.86,0,0
2023-09-01,99E,"NHS BASILDON AND BRENTWOOD",1348,3378.78,0,0
2023-09-01,03K,"NHS NORTH LINCOLNSHIRE",1388,6198.97,0,0
2023-09-01,02M,"NHS FYLDE AND WYRE",1411,5241.25,0,0
2023-09-01,02T,"NHS CALDERDALE",1474,5314.94,0,0
2023-09-01,99G,"NHS SOUTHEND",1513,3302.41,0,0
2023-09-01,01V,"NHS SOUTHPORT AND FORMBY",1602,5266.13,0,0
2023-09-01,00T,"NHS BOLTON",1605,8032.37,0,0
2023-09-01,01G,"NHS SALFORD",1624,6875.18,0,0
2023-09-01,05Q,"NHS SOUTH EAST STAFFORDSHIRE AND SEISDON PENINSULA",1668,8618.2,0,0
2023-09-01,10R,"NHS PORTSMOUTH",1690,5062.03,0,0
2023-09-01,03F,"NHS HULL",1707,9947.85,0,0
2023-09-01,00Y,"NHS OLDHAM",1760,9501.47,0,0
2023-09-01,02A,"NHS TRAFFORD",1796,7005.08,0,0
2023-09-01,07H,"NHS WEST ESSEX",1844,5673.64,0,0
2023-09-01,01H,"NHS NORTH CUMBRIA",1866,7996.23,0,0
2023-09-01,99C,"NHS NORTH TYNESIDE",1881,5539.41,0,0
2023-09-01,00Q,"NHS BLACKBURN WITH DARWEN",1896,11026.29,0,0
2023-09-01,02Y,"NHS EAST RIDING OF YORKSHIRE",1917,8773.09,0,0
2023-09-01,02X,"NHS DONCASTER",1930,8382.04,0,0
2023-09-01,07K,"NHS WEST SUFFOLK",1967,5292.81,0,0
2023-09-01,01F,"NHS HALTON",1999,12422.52,0,0
2023-09-01,00P,"NHS SUNDERLAND",2052,6028.71,0,0
2023-09-01,05G,"NHS NORTH STAFFORDSHIRE",2070,10962.21,0,0
2023-09-01,02E,"NHS WARRINGTON",2072,14576.17,0,0
2023-09-01,01J,"NHS KNOWSLEY",2090,9238.28,0,0
2023-09-01,03L,"NHS ROTHERHAM",2159,8393.31,0,0
2023-09-01,01T,"NHS SOUTH SEFTON",2278,10810.23,0,0
2023-09-01,U2G6B,"NHS THAMES VALLEY ICB - U2G6B",2315,11752.41,0,0
2023-09-01,15A,"NHS BERKSHIRE WEST",2339,8888.97,0,0
2023-09-01,01A,"NHS EAST LANCASHIRE",2386,20587.94,0,0
2023-09-01,00L,"NHS NORTHUMBERLAND",2437,9274.62,0,0
2023-09-01,05W,"NHS STOKE ON TRENT",2501,8636.81,0,0
2023-09-01,01Y,"NHS TAMESIDE AND GLOSSOP",2590,8890.79,0,0
2023-09-01,01K,"NHS MORECAMBE BAY",2704,9243.9,0,0
2023-09-01,14Y,"NHS BUCKINGHAMSHIRE",2743,10582.09,0,0
2023-09-01,03W,"NHS EAST LEICESTERSHIRE AND RUTLAND",2872,11123.94,0,0
2023-09-01,02H,"NHS WIGAN BOROUGH",2954,16743.54,0,0
2023-09-01,01W,"NHS STOCKPORT",2957,9912.41,0,0
2023-09-01,02P,"NHS BARNSLEY",2984,16714.8,0,0
2023-09-01,03R,"NHS WAKEFIELD",3061,14778.24,0,0
2023-09-01,04C,"NHS LEICESTER CITY",3275,13207.03,0,0
2023-09-01,X2C4Y,"NHS KIRKLEES",3483,12269.57,0,0
2023-09-01,06N,"NHS HERTS VALLEYS",3505,14149.09,0,0
2023-09-01,06Q,"NHS MID ESSEX",3606,11707.89,0,0
2023-09-01,42D,"NHS NORTH YORKSHIRE",3690,13435.39,0,0
2023-09-01,06L,"NHS IPSWICH AND EAST SUFFOLK",3694,9859.75,0,0
2023-09-01,10Q,"NHS OXFORDSHIRE",3720,18867.5,0,0
2023-09-01,01X,"NHS ST HELENS",3976,20818.24,0,0
2023-09-01,06K,"NHS EAST AND NORTH HERTFORDSHIRE",4033,14331.12,0,0
2023-09-01,15F,"NHS LEEDS",4062,16245.48,0,0
2023-09-01,84H,"NHS COUNTY DURHAM",4270,15703.38,0,0
2023-09-01,09D,"NHS BRIGHTON AND HOVE",4304,8411.59,0,0
2023-09-01,04V,"NHS WEST LEICESTERSHIRE",4337,15584.29,0,0
2023-09-01,13T,"NHS NEWCASTLE GATESHEAD",4353,14030.28,0,0
2023-09-01,M2L0M,"NHS SHROPSHIRE, TELFORD AND WREKIN",4353,22861.11,0,0
2023-09-01,36J,"NHS BRADFORD DISTRICT AND CRAVEN",4381,26237.07,0,0
2023-09-01,12F,"NHS WIRRAL",4484,14689.39,0,0
2023-09-01,16C,"NHS TEES VALLEY",5144,23325.97,0,0
2023-09-01,06T,"NHS NORTH EAST ESSEX",5221,15950.73,0,0
2023-09-01,03N,"NHS SHEFFIELD",5260,14239.74,0,0
2023-09-01,14L,"NHS MANCHESTER",5442,15559.25,0,0
2023-09-01,11X,"NHS SOMERSET",5705,18521.83,0,0
2023-09-01,27D,"NHS CHESHIRE",6167,25628.15,0,0
2023-09-01,78H,"NHS NORTHAMPTONSHIRE",6326,15522.18,0,0
2023-09-01,52R,"NHS NOTTINGHAM AND NOTTINGHAMSHIRE",6422,24793.87,0,0
2023-09-01,70F,"NHS WEST SUSSEX",6472,21596.01,0,0
2023-09-01,72Q,"NHS SOUTH EAST LONDON",6601,18727.77,0,0
2023-09-01,M1J4Y,"NHS BEDFORDSHIRE, LUTON AND MILTON KEYNES",6767,19806.62,0,0
2023-09-01,06H,"NHS CAMBRIDGESHIRE AND PETERBOROUGH",6897,21816.14,0,0
2023-09-01,11N,"NHS CORNWALL AND THE ISLES OF SCILLY",6974,12638.95,0,0
2023-09-01,11J,"NHS DORSET",7327,20742.85,0,0
2023-09-01,97R,"NHS EAST SUSSEX",7451,26474.25,0,0
2023-09-01,99A,"NHS LIVERPOOL",7492,27890.62,0,0
2023-09-01,B2M3M,"NHS COVENTRY AND WARWICKSHIRE",7920,32520.05,0,0
2023-09-01,11M,"NHS GLOUCESTERSHIRE",7981,23312.96,0,0
2023-09-01,A3A8R,"NHS NORTH EAST LONDON",8019,24534.91,0,0
2023-09-01,18C,"NHS HEREFORDSHIRE AND WORCESTERSHIRE",8064,28854.55,0,0
2023-09-01,92A,"NHS SURREY HEARTLANDS",8592,31181.35,0,0
2023-09-01,15C,"NHS BRISTOL, NORTH SOMERSET AND SOUTH GLOUCESTERSHIRE",8663,22368.12,0,0
2023-09-01,92G,"NHS BATH AND NORTH EAST SOMERSET, SWINDON AND WILTSHIRE",8776,16067.66,0,0
2023-09-01,93C,"NHS NORTH CENTRAL LONDON",8895,20915.1,0,0
2023-09-01,36L,"NHS SOUTH WEST LONDON",8924,22616.46,0,0
2023-09-01,71E,"NHS LINCOLNSHIRE",9354,38947.05,0,0
2023-09-01,15E,"NHS BIRMINGHAM AND SOLIHULL",9811,41628.98,0,0
2023-09-01,D2P2L,"NHS BLACK COUNTRY",10143,56810.87,0,0
2023-09-01,W2U3Z,"NHS NORTH WEST LONDON",11667,30299.18,0,0
2023-09-01,15M,"NHS DERBY AND DERBYSHIRE",12103,46657.06,0,0
2023-09-01,D9Y0V,"NHS HAMPSHIRE, SOUTHAMPTON AND ISLE OF WIGHT",12162,49863.27,0,0
2023-09-01,91Q,"NHS KENT AND MEDWAY",12797,49650.21,0,0
2023-09-01,26A,"NHS NORFOLK AND WAVENEY",13669,33821.45,0,0
2023-09-01,15N,"NHS DEVON",13725,37360.09,0,0
2023-10-01,09W,"NHS MEDWAY",0,0,0,0
2023-10-01,D4U1Y,"NHS FRIMLEY",172,210.09,0,0
2023-10-01,07G,"NHS THURROCK",519,1317.79,0,0
2023-10-01,02Q,"NHS BASSETLAW",829,1718.89,0,0
2023-10-01,02G,"NHS WEST LANCASHIRE",977,4518.32,0,0
2023-10-01,00N,"NHS SOUTH TYNESIDE",1009,4481.73,0,0
2023-10-01,00V,"NHS BURY",1042,4411.62,0,0
2023-10-01,05D,"NHS EAST STAFFORDSHIRE",1043,2942.52,0,0
2023-10-01,03H,"NHS NORTH EAST LINCOLNSHIRE",1071,5219.26,0,0
2023-10-01,03Q,"NHS VALE OF YORK",1089,2982.24,0,0
2023-10-01,99F,"NHS CASTLE POINT AND ROCHFORD",1112,4255.99,0,0
2023-10-01,04Y,"NHS CANNOCK CHASE",1132,5327.19,0,0
2023-10-01,01E,"NHS GREATER PRESTON",1195,5522.08,0,0
2023-10-01,00R,"NHS BLACKPOOL",1223,4842.55,0,0
2023-10-01,05V,"NHS STAFFORD AND SURROUNDS",1269,5522.27,0,0
2023-10-01,00X,"NHS CHORLEY AND SOUTH RIBBLE",1329,6044.7,0,0
2023-10-01,01D,"NHS HEYWOOD, MIDDLETON AND ROCHDALE",1347,5283.57,0,0
2023-10-01,99E,"NHS BASILDON AND BRENTWOOD",1355,3813.46,0,0
2023-10-01,03K,"NHS NORTH LINCOLNSHIRE",1410,4863.51,0,0
2023-10-01,02M,"NHS FYLDE AND WYRE",1438,4799.07,0,0
2023-10-01,02T,"NHS CALDERDALE",1487,4433.55,0,0
2023-10-01,99G,"NHS SOUTHEND",1537,3474.89,0,0
2023-10-01,05Q,"NHS SOUTH EAST STAFFORDSHIRE AND SEISDON PENINSULA",1663,8673.87,0,0
2023-10-01,00T,"NHS BOLTON",1676,8547.93,0,0
2023-10-01,01G,"NHS SALFORD",1678,6739.73,0,0
2023-10-01,01V,"NHS SOUTHPORT AND FORMBY",1738,5763.01,0,0
2023-10-01,03F,"NHS HULL",1746,9868.77,0,0
2023-10-01,10R,"NHS PORTSMOUTH",1758,6182.11,0,0
2023-10-01,02A,"NHS TRAFFORD",1795,7096.22,0,0
2023-10-01,02Y,"NHS EAST RIDING OF YORKSHIRE",1826,7489.85,0,0
2023-10-01,01F,"NHS HALTON",1844,8702.3,0,0
2023-10-01,99C,"NHS NORTH TYNESIDE",1844,5053.94,0,0
2023-10-01,01H,"NHS NORTH CUMBRIA",1849,5721.51,0,0
2023-10-01,07H,"NHS WEST ESSEX",1877,6384.99,0,0
2023-10-01,00Y,"NHS OLDHAM",1890,7403.57,0,0
2023-10-01,00Q,"NHS BLACKBURN WITH DARWEN",1896,5618.04,0,0
2023-10-01,02X,"NHS DONCASTER",1900,8375.19,0,0
2023-10-01,07K,"NHS WEST SUFFOLK",1954,4510.92,0,0
2023-10-01,01J,"NHS KNOWSLEY",2102,8197.58,0,0
2023-10-01,02E,"NHS WARRINGTON",2155,10573.02,0,0
2023-10-01,05G,"NHS NORTH STAFFORDSHIRE",2158,9856.14,0,0
2023-10-01,00P,"NHS SUNDERLAND",2186,6131.66,0,0
2023-10-01,03L,"NHS ROTHERHAM",2215,8146.98,0,0
2023-10-01,01T,"NHS SOUTH SEFTON",2355,10050.57,0,0
2023-10-01,15A,"NHS BERKSHIRE WEST",2405,8815.36,0,0
2023-10-01,00L,"NHS NORTHUMBERLAND",2433,6477.89,0,0
2023-10-01,01A,"NHS EAST LANCASHIRE",2436,16268.16,0,0
2023-10-01,U2G6B,"NHS THAMES VALLEY ICB - U2G6B",2459,13714.53,0,0
2023-10-01,05W,"NHS STOKE ON TRENT",2504,8937.5,0,0
2023-10-01,01Y,"NHS TAMESIDE AND GLOSSOP",2592,9281.89,0,0
2023-10-01,01K,"NHS MORECAMBE BAY",2658,11050.47,0,0
2023-10-01,03W,"NHS EAST LEICESTERSHIRE AND RUTLAND",2886,12400.74,0,0
2023-10-01,01W,"NHS STOCKPORT",2902,9571.95,0,0
2023-10-01,14Y,"NHS BUCKINGHAMSHIRE",2971,13058.21,0,0
2023-10-01,02P,"NHS BARNSLEY",3039,14713.7,0,0
2023-10-01,02H,"NHS WIGAN BOROUGH",3045,16276.64,0,0
2023-10-01,03R,"NHS WAKEFIELD",3240,12183.72,0,0
2023-10-01,04C,"NHS LEICESTER CITY",3375,13541.59,0,0
2023-10-01,06N,"NHS HERTS VALLEYS",3508,13814.67,0,0
2023-10-01,06Q,"NHS MID ESSEX",3523,10652.95,0,0
2023-10-01,X2C4Y,"NHS KIRKLEES",3639,14691.97,0,0
2023-10-01,10Q,"NHS OXFORDSHIRE",3676,15643.37,0,0
2023-10-01,42D,"NHS NORTH YORKSHIRE",3755,11541.65,0,0
2023-10-01,06L,"NHS IPSWICH AND EAST SUFFOLK",3767,7799.15,0,0
2023-10-01,15F,"NHS LEEDS",4059,12012.25,0,0
2023-10-01,06K,"NHS EAST AND NORTH HERTFORDSHIRE",4077,11786.76,0,0
2023-10-01,01X,"NHS ST HELENS",4146,18456.64,0,0
2023-10-01,04V,"NHS WEST LEICESTERSHIRE",4265,13294.06,0,0
2023-10-01,13T,"NHS NEWCASTLE GATESHEAD",4265,10771.95,0,0
2023-10-01,84H,"NHS COUNTY DURHAM",4317,11858.24,0,0
2023-10-01,M2L0M,"NHS SHROPSHIRE, TELFORD AND WREKIN",4362,17595.51,0,0
2023-10-01,36J,"NHS BRADFORD DISTRICT AND CRAVEN",4394,22619.26,0,0
2023-10-01,09D,"NHS BRIGHTON AND HOVE",4505,7983.13,0,0
2023-10-01,12F,"NHS WIRRAL",4554,13688.95,0,0
2023-10-01,16C,"NHS TEES VALLEY",4871,18635.2,0,0
2023-10-01,06T,"NHS NORTH EAST ESSEX",5294,14577.2,0,0
2023-10-01,03N,"NHS SHEFFIELD",5485,12065.96,0,0
2023-10-01,14L,"NHS MANCHESTER",5486,15672.52,0,0
2023-10-01,11X,"NHS SOMERSET",5633,15985.4,0,0
2023-10-01,27D,"NHS CHESHIRE",6245,19417.96,0,0
2023-10-01,70F,"NHS WEST SUSSEX",6334,17757.86,0,0
2023-10-01,52R,"NHS NOTTINGHAM AND NOTTINGHAMSHIRE",6485,20250.14,0,0
2023-10-01,78H,"NHS NORTHAMPTONSHIRE",6542,13865.24,0,0
2023-10-01,M1J4Y,"NHS BEDFORDSHIRE, LUTON AND MILTON KEYNES",6559,17819.88,0,0
2023-10-01,72Q,"NHS SOUTH EAST LONDON",6639,19568.78,0,0
2023-10-01,11N,"NHS CORNWALL AND THE ISLES OF SCILLY",6955,11298.07,0,0
2023-10-01,06H,"NHS CAMBRIDGESHIRE AND PETERBOROUGH",6958,17258.23,0,0
2023-10-01,97R,"NHS EAST SUSSEX",7369,20333.07,0,0
2023-10-01,11J,"NHS DORSET",7474,12425.31,0,0
2023-10-01,99A,"NHS LIVERPOOL",7663,23644.71,0,0
2023-10-01,11M,"NHS GLOUCESTERSHIRE",7937,17488.9,0,0
2023-10-01,B2M3M,"NHS COVENTRY AND WARWICKSHIRE",8003,28148.98,0,0
2023-10-01,A3A8R,"NHS NORTH EAST LONDON",8132,21579.22,0,0
2023-10-01,18C,"NHS HEREFORDSHIRE AND WORCESTERSHIRE",8307,25498.13,0,0
2023-10-01,92A,"NHS SURREY HEARTLANDS",8531,33069.73,0,0
2023-10-01,36L,"NHS SOUTH WEST LONDON",8695,19351.72,0,0
2023-10-01,15C,"NHS BRISTOL, NORTH SOMERSET AND SOUTH GLOUCESTERSHIRE",8783,21961.88,0,0
2023-10-01,92G,"NHS BATH AND NORTH EAST SOMERSET, SWINDON AND WILTSHIRE",8913,14147.1,0,0
2023-10-01,93C,"NHS NORTH CENTRAL LONDON",8943,22577.99,0,0
2023-10-01,71E,"NHS LINCOLNSHIRE",9221,30350.09,0,0
2023-10-01,15E,"NHS BIRMINGHAM AND SOLIHULL",9884,36946.6,0,0
2023-10-01,D2P2L,"NHS BLACK COUNTRY",10236,47585.84,0,0
2023-10-01,W2U3Z,"NHS NORTH WEST LONDON",11939,26958.53,0,0
2023-10-01,D9Y0V,"NHS HAMPSHIRE, SOUTHAMPTON AND ISLE OF WIGHT",12029,39001.92,0,0
2023-10-01,15M,"NHS DERBY AND DERBYSHIRE",12216,30390.9,0,0
2023-10-01,91Q,"NHS KENT AND MEDWAY",13067,44215.42,0,0
2023-10-01,26A,"NHS NORFOLK AND WAVENEY",13672,28738.21,0,0
2023-10-01,15N,"NHS DEVON",14059,33533.86,0,0
2023-11-01,09W,"NHS MEDWAY",0,0,0,0
2023-11-01,D4U1Y,"NHS FRIMLEY",158,284.06,0,0
2023-11-01,07G,"NHS THURROCK",490,1707.53,0,0
2023-11-01,02Q,"NHS BASSETLAW",851,1677.42,0,0
2023-11-01,00V,"NHS BURY",967,2943.55,0,0
2023-11-01,00N,"NHS SOUTH TYNESIDE",994,3764.17,0,0
2023-11-01,05D,"NHS EAST STAFFORDSHIRE",1009,2788.38,0,0
2023-11-01,03H,"NHS NORTH EAST LINCOLNSHIRE",1014,3182.36,0,0
2023-11-01,02G,"NHS WEST LANCASHIRE",1026,4846.19,0,0
2023-11-01,99F,"NHS CASTLE POINT AND ROCHFORD",1089,3981.02,0,0
2023-11-01,03Q,"NHS VALE OF YORK",1123,8011.53,0,0
2023-11-01,01E,"NHS GREATER PRESTON",1197,4437.67,0,0
2023-11-01,05V,"NHS STAFFORD AND SURROUNDS",1211,3341.1,0,0
2023-11-01,00X,"NHS CHORLEY AND SOUTH RIBBLE",1217,4305.47,0,0
2023-11-01,04Y,"NHS CANNOCK CHASE",1251,5237.2,0,0
2023-11-01,00R,"NHS BLACKPOOL",1274,3456.49,0,0
2023-11-01,01D,"NHS HEYWOOD, MIDDLETON AND ROCHDALE",1290,5509.87,0,0
2023-11-01,99E,"NHS BASILDON AND BRENTWOOD",1369,5493.83,0,0
2023-11-01,02T,"NHS CALDERDALE",1430,4011.3,0,0
2023-11-01,03K,"NHS NORTH LINCOLNSHIRE",1435,3784.28,0,0
2023-11-01,02M,"NHS FYLDE AND WYRE",1445,4432.94,0,0
2023-11-01,99G,"NHS SOUTHEND",1460,2801.77,0,0
2023-11-01,01V,"NHS SOUTHPORT AND FORMBY",1654,4671.91,0,0
2023-11-01,01G,"NHS SALFORD",1655,5977.26,0,0
2023-11-01,05Q,"NHS SOUTH EAST STAFFORDSHIRE AND SEISDON PENINSULA",1658,5576.59,0,0
2023-11-01,00T,"NHS BOLTON",1663,7028.67,0,0
2023-11-01,10R,"NHS PORTSMOUTH",1745,4263.95,0,0
2023-11-01,02A,"NHS TRAFFORD",1755,5589.25,0,0
2023-11-01,00Y,"NHS OLDHAM",1762,10191.74,0,0
2023-11-01,03F,"NHS HULL",1790,8925.37,0,0
2023-11-01,99C,"NHS NORTH TYNESIDE",1802,4043.08,0,0
2023-11-01,01H,"NHS NORTH CUMBRIA",1842,4725.85,0,0
2023-11-01,02X,"NHS DONCASTER",1858,5509.07,0,0
2023-11-01,07H,"NHS WEST ESSEX",1878,4471.43,0,0
2023-11-01,02Y,"NHS EAST RIDING OF YORKSHIRE",1901,6547.49,0,0
2023-11-01,07K,"NHS WEST SUFFOLK",2013,3552.91,0,0
2023-11-01,00Q,"NHS BLACKBURN WITH DARWEN",2017,7912.27,0,0
2023-11-01,01F,"NHS HALTON",2024,8339.04,0,0
2023-11-01,05G,"NHS NORTH STAFFORDSHIRE",2067,8243.34,0,0
2023-11-01,01J,"NHS KNOWSLEY",2068,8313.02,0,0
2023-11-01,00P,"NHS SUNDERLAND",2105,5717.25,0,0
2023-11-01,02E,"NHS WARRINGTON",2120,10479.22,0,0
2023-11-01,03L,"NHS ROTHERHAM",2178,7058.42,0,0
2023-11-01,00L,"NHS NORTHUMBERLAND",2352,5803.52,0,0
2023-11-01,U2G6B,"NHS THAMES VALLEY ICB - U2G6B",2364,7707.21,0,0
2023-11-01,01T,"NHS SOUTH SEFTON",2394,8925.05,0,0
2023-11-01,15A,"NHS BERKSHIRE WEST",2400,6801.86,0,0
2023-11-01,01A,"NHS EAST LANCASHIRE",2440,14166.25,0,0
2023-11-01,05W,"NHS STOKE ON TRENT",2503,6997.02,0,0
2023-11-01,01Y,"NHS TAMESIDE AND GLOSSOP",2556,6385.67,0,0
2023-11-01,01K,"NHS MORECAMBE BAY",2696,6609.91,0,0
2023-11-01,14Y,"NHS BUCKINGHAMSHIRE",2800,12221.45,0,0
2023-11-01,03W,"NHS EAST LEICESTERSHIRE AND RUTLAND",2866,10094.36,0,0
2023-11-01,02H,"NHS WIGAN BOROUGH",2923,12565.43,0,0
2023-11-01,01W,"NHS STOCKPORT",2954,7884.02,0,0
2023-11-01,02P,"NHS BARNSLEY",2974,14040.53,0,0
2023-11-01,03R,"NHS WAKEFIELD",3182,14218.95,0,0
2023-11-01,04C,"NHS LEICESTER CITY",3330,10940.79,0,0
2023-11-01,X2C4Y,"NHS KIRKLEES",3429,14393.75,0,0
2023-11-01,06N,"NHS HERTS VALLEYS",3560,11423.36,0,0
2023-11-01,06Q,"NHS MID ESSEX",3590,9967.51,0,0
2023-11-01,10Q,"NHS OXFORDSHIRE",3642,13237.68,0,0
2023-11-01,42D,"NHS NORTH YORKSHIRE",3712,10559.31,0,0
2023-11-01,06L,"NHS IPSWICH AND EAST SUFFOLK",3731,7626.58,0,0
2023-11-01,15F,"NHS LEEDS",4068,11896.58,0,0
2023-11-01,01X,"NHS ST HELENS",4088,17971.66,0,0
2023-11-01,06K,"NHS EAST AND NORTH HERTFORDSHIRE",4098,11300.55,0,0
2023-11-01,84H,"NHS COUNTY DURHAM",4259,10725.6,0,0
2023-11-01,13T,"NHS NEWCASTLE GATESHEAD",4328,15912.62,0,0
2023-11-01,09D,"NHS BRIGHTON AND HOVE",4353,7858.59,0,0
2023-11-01,36J,"NHS BRADFORD DISTRICT AND CRAVEN",4358,18773.18,0,0
2023-11-01,M2L0M,"NHS SHROPSHIRE, TELFORD AND WREKIN",4407,18193.13,0,0
2023-11-01,04V,"NHS WEST LEICESTERSHIRE",4436,13524.72,0,0
2023-11-01,12F,"NHS WIRRAL",4537,12254.62,0,0
2023-11-01,16C,"NHS TEES VALLEY",4960,17180.35,0,0
2023-11-01,06T,"NHS NORTH EAST ESSEX",5200,11823.81,0,0
2023-11-01,03N,"NHS SHEFFIELD",5325,11955.79,0,0
2023-11-01,14L,"NHS MANCHESTER",5381,12268.08,0,0
2023-11-01,11X,"NHS SOMERSET",5810,12760.36,0,0
2023-11-01,27D,"NHS CHESHIRE",6175,17554.32,0,0
2023-11-01,78H,"NHS NORTHAMPTONSHIRE",6434,12372.84,0,0
2023-11-01,52R,"NHS NOTTINGHAM AND NOTTINGHAMSHIRE",6475,18913.4,0,0
2023-11-01,70F,"NHS WEST SUSSEX",6501,15629.91,0,0
2023-11-01,M1J4Y,"NHS BEDFORDSHIRE, LUTON AND MILTON KEYNES",6636,16549.46,0,0
2023-11-01,72Q,"NHS SOUTH EAST LONDON",6646,16223.98,0,0
2023-11-01,06H,"NHS CAMBRIDGESHIRE AND PETERBOROUGH",6795,15993.1,0,0
2023-11-01,11N,"NHS CORNWALL AND THE ISLES OF SCILLY",6936,9515.74,0,0
2023-11-01,97R,"NHS EAST SUSSEX",7359,17331.32,0,0
2023-11-01,99A,"NHS LIVERPOOL",7441,23480.86,0,0
2023-11-01,11J,"NHS DORSET",7504,12028.21,0,0
2023-11-01,A3A8R,"NHS NORTH EAST LONDON",7856,17924.86,0,0
2023-11-01,11M,"NHS GLOUCESTERSHIRE",8050,15369.54,0,0
2023-11-01,B2M3M,"NHS COVENTRY AND WARWICKSHIRE",8152,26887.45,0,0
2023-11-01,18C,"NHS HEREFORDSHIRE AND WORCESTERSHIRE",8201,21873.22,0,0
2023-11-01,92A,"NHS SURREY HEARTLANDS",8620,29510.35,0,0
2023-11-01,36L,"NHS SOUTH WEST LONDON",8650,16318.34,0,0
2023-11-01,93C,"NHS NORTH CENTRAL LONDON",8953,19932.11,0,0
2023-11-01,15C,"NHS BRISTOL, NORTH SOMERSET AND SOUTH GLOUCESTERSHIRE",8959,18905.32,0,0
2023-11-01,92G,"NHS BATH AND NORTH EAST SOMERSET, SWINDON AND WILTSHIRE",9013,13027.51,0,0
2023-11-01,71E,"NHS LINCOLNSHIRE",9439,26493.67,0,0
2023-11-01,15E,"NHS BIRMINGHAM AND SOLIHULL",9861,30043.72,0,0
2023-11-01,D2P2L,"NHS BLACK COUNTRY",10316,40670,0,0
2023-11-01,D9Y0V,"NHS HAMPSHIRE, SOUTHAMPTON AND ISLE OF WIGHT",11984,47356.28,0,0
2023-11-01,W2U3Z,"NHS NORTH WEST LONDON",12008,22843.77,0,0
2023-11-01,15M,"NHS DERBY AND DERBYSHIRE",12040,26626.24,0,0
2023-11-01,91Q,"NHS KENT AND MEDWAY",12774,38077.64,0,0
2023-11-01,26A,"NHS NORFOLK AND WAVENEY",13443,24918.57,0,0
2023-11-01,15N,"NHS DEVON",14143,27768.97,0,0
2023-12-01,09W,"NHS MEDWAY",0,0,0,0
2023-12-01,D4U1Y,"NHS FRIMLEY",148,150.36,0,0
2023-12-01,07G,"NHS THURROCK",480,2305.14,0,0
2023-12-01,02Q,"NHS BASSETLAW",809,1493.69,0,0
2023-12-01,00N,"NHS SOUTH TYNESIDE",973,3136.88,0,0
2023-12-01,00V,"NHS BURY",987,3527.83,0,0
2023-12-01,02G,"NHS WEST LANCASHIRE",997,5149.85,0,0
2023-12-01,05D,"NHS EAST STAFFORDSHIRE",1014,2810.1,0,0
2023-12-01,99F,"NHS CASTLE POINT AND ROCHFORD",1027,3306.7,0,0
2023-12-01,03H,"NHS NORTH EAST LINCOLNSHIRE",1097,3489.53,0,0
2023-12-01,04Y,"NHS CANNOCK CHASE",1162,4265.18,0,0
2023-12-01,03Q,"NHS VALE OF YORK",1170,4050.48,0,0
2023-12-01,01E,"NHS GREATER PRESTON",1182,4681.29,0,0
2023-12-01,00X,"NHS CHORLEY AND SOUTH RIBBLE",1231,3730.53,0,0
2023-12-01,00R,"NHS BLACKPOOL",1235,3708.9,0,0
2023-12-01,01D,"NHS HEYWOOD, MIDDLETON AND ROCHDALE",1238,4713.25,0,0
2023-12-01,05V,"NHS STAFFORD AND SURROUNDS",1244,4089.17,0,0
2023-12-01,99E,"NHS BASILDON AND BRENTWOOD",1323,2809.65,0,0
2023-12-01,02T,"NHS CALDERDALE",1400,4229.19,0,0
2023-12-01,03K,"NHS NORTH LINCOLNSHIRE",1415,3588.81,0,0
2023-12-01,02M,"NHS FYLDE AND WYRE",1478,4495.23,0,0
2023-12-01,99G,"NHS SOUTHEND",1488,4305.61,0,0
2023-12-01,05Q,"NHS SOUTH EAST STAFFORDSHIRE AND SEISDON PENINSULA",1532,6768.54,0,0
2023-12-01,00T,"NHS BOLTON",1669,7341.78,0,0
2023-12-01,03F,"NHS HULL",1671,6601.9,0,0
2023-12-01,01G,"NHS SALFORD",1682,9317.35,0,0
2023-12-01,01V,"NHS SOUTHPORT AND FORMBY",1689,7606.34,0,0
2023-12-01,10R,"NHS PORTSMOUTH",1741,5241.11,0,0
2023-12-01,02A,"NHS TRAFFORD",1750,4994.62,0,0
2023-12-01,01H,"NHS NORTH CUMBRIA",1758,4663.07,0,0
2023-12-01,00Y,"NHS OLDHAM",1777,5180.52,0,0
2023-12-01,02Y,"NHS EAST RIDING OF YORKSHIRE",1798,5719.4,0,0
2023-12-01,07H,"NHS WEST ESSEX",1840,4726.19,0,0
2023-12-01,02X,"NHS DONCASTER",1853,6214.68,0,0
2023-12-01,01F,"NHS HALTON",1859,8052.83,0,0
2023-12-01,00Q,"NHS BLACKBURN WITH DARWEN",1895,6225.69,0,0
2023-12-01,99C,"NHS NORTH TYNESIDE",1902,4812.13,0,0
2023-12-01,07K,"NHS WEST SUFFOLK",1928,3881.41,0,0
2023-12-01,00P,"NHS SUNDERLAND",2025,7907.81,0,0
2023-12-01,05G,"NHS NORTH STAFFORDSHIRE",2078,7977.81,0,0
2023-12-01,03L,"NHS ROTHERHAM",2113,6026.77,0,0
2023-12-01,02E,"NHS WARRINGTON",2144,9161.26,0,0
2023-12-01,01J,"NHS KNOWSLEY",2188,10928.33,0,0
2023-12-01,01T,"NHS SOUTH SEFTON",2293,9246.06,0,0
2023-12-01,U2G6B,"NHS THAMES VALLEY ICB - U2G6B",2349,9394.77,0,0
2023-12-01,00L,"NHS NORTHUMBERLAND",2388,6623.81,0,0
2023-12-01,15A,"NHS BERKSHIRE WEST",2396,10397.65,0,0
2023-12-01,01A,"NHS EAST LANCASHIRE",2409,14554.54,0,0
2023-12-01,05W,"NHS STOKE ON TRENT",2490,7339.24,0,0
2023-12-01,01Y,"NHS TAMESIDE AND GLOSSOP",2628,7402,0,0
2023-12-01,01K,"NHS MORECAMBE BAY",2629,9033.84,0,0
2023-12-01,02P,"NHS BARNSLEY",2897,13286.78,0,0
2023-12-01,01W,"NHS STOCKPORT",2901,9229.22,0,0
2023-12-01,14Y,"NHS BUCKINGHAMSHIRE",2923,16660.64,0,0
2023-12-01,03W,"NHS EAST LEICESTERSHIRE AND RUTLAND",2940,9896.62,0,0
2023-12-01,02H,"NHS WIGAN BOROUGH",2949,13997.59,0,0
2023-12-01,03R,"NHS WAKEFIELD",3119,10979.55,0,0
2023-12-01,04C,"NHS LEICESTER CITY",3283,10744.22,0,0
2023-12-01,X2C4Y,"NHS KIRKLEES",3310,11491.03,0,0
2023-12-01,06N,"NHS HERTS VALLEYS",3402,10216.86,0,0
2023-12-01,06Q,"NHS MID ESSEX",3554,10098.26,0,0
2023-12-01,42D,"NHS NORTH YORKSHIRE",3607,10353.71,0,0
2023-12-01,10Q,"NHS OXFORDSHIRE",3629,15921.52,0,0
2023-12-01,06L,"NHS IPSWICH AND EAST SUFFOLK",3703,8848.82,0,0
2023-12-01,06K,"NHS EAST AND NORTH HERTFORDSHIRE",3969,9060.88,0,0
2023-12-01,84H,"NHS COUNTY DURHAM",4014,9728.67,0,0
2023-12-01,01X,"NHS ST HELENS",4046,18430.59,0,0
2023-12-01,15F,"NHS LEEDS",4054,11646.28,0,0
2023-12-01,13T,"NHS NEWCASTLE GATESHEAD",4263,11759.7,0,0
2023-12-01,M2L0M,"NHS SHROPSHIRE, TELFORD AND WREKIN",4357,15210.35,0,0
2023-12-01,04V,"NHS WEST LEICESTERSHIRE",4359,13293.04,0,0
2023-12-01,09D,"NHS BRIGHTON AND HOVE",4386,6842.54,0,0
2023-12-01,36J,"NHS BRADFORD DISTRICT AND CRAVEN",4409,32584.44,0,0
2023-12-01,12F,"NHS WIRRAL",4465,10946.26,0,0
2023-12-01,16C,"NHS TEES VALLEY",4771,18516.97,0,0
2023-12-01,06T,"NHS NORTH EAST ESSEX",5151,11643.96,0,0
2023-12-01,14L,"NHS MANCHESTER",5315,11784.83,0,0
2023-12-01,03N,"NHS SHEFFIELD",5373,10329.44,0,0
2023-12-01,11X,"NHS SOMERSET",5596,12886.71,0,0
2023-12-01,27D,"NHS CHESHIRE",6027,19483.96,0,0
2023-12-01,70F,"NHS WEST SUSSEX",6364,13749.13,0,0
2023-12-01,78H,"NHS NORTHAMPTONSHIRE",6381,12790.93,0,0
2023-12-01,52R,"NHS NOTTINGHAM AND NOTTINGHAMSHIRE",6424,22419.64,0,0
2023-12-01,M1J4Y,"NHS BEDFORDSHIRE, LUTON AND MILTON KEYNES",6553,17374.65,0,0
2023-12-01,06H,"NHS CAMBRIDGESHIRE AND PETERBOROUGH",6570,13774.38,0,0
2023-12-01,72Q,"NHS SOUTH EAST LONDON",6592,19217.34,0,0
2023-12-01,11N,"NHS CORNWALL AND THE ISLES OF SCILLY",6977,9730.28,0,0
2023-12-01,97R,"NHS EAST SUSSEX",7281,18779.86,0,0
2023-12-01,11J,"NHS DORSET",7286,11381.94,0,0
2023-12-01,99A,"NHS LIVERPOOL",7317,21516.18,0,0
2023-12-01,11M,"NHS GLOUCESTERSHIRE",7842,17190.13,0,0
2023-12-01,B2M3M,"NHS COVENTRY AND WARWICKSHIRE",7969,31820.31,0,0
2023-12-01,A3A8R,"NHS NORTH EAST LONDON",8027,18245.68,0,0
2023-12-01,18C,"NHS HEREFORDSHIRE AND WORCESTERSHIRE",8095,19412.42,0,0
2023-12-01,36L,"NHS SOUTH WEST LONDON",8513,20005.9,0,0
2023-12-01,92A,"NHS SURREY HEARTLANDS",8535,25508.36,0,0
2023-12-01,15C,"NHS BRISTOL, NORTH SOMERSET AND SOUTH GLOUCESTERSHIRE",8611,16597.2,0,0
2023-12-01,93C,"NHS NORTH CENTRAL LONDON",8684,23667.29,0,0
2023-12-01,92G,"NHS BATH AND NORTH EAST SOMERSET, SWINDON AND WILTSHIRE",8859,13346.11,0,0
2023-12-01,71E,"NHS LINCOLNSHIRE",9265,28438.61,0,0
2023-12-01,15E,"NHS BIRMINGHAM AND SOLIHULL",9737,32711.43,0,0
2023-12-01,D2P2L,"NHS BLACK COUNTRY",9910,41852.75,0,0
2023-12-01,W2U3Z,"NHS NORTH WEST LONDON",11628,29443.55,0,0
2023-12-01,15M,"NHS DERBY AND DERBYSHIRE",11964,27398.69,0,0
2023-12-01,D9Y0V,"NHS HAMPSHIRE, SOUTHAMPTON AND ISLE OF WIGHT",11976,34311.76,0,0
2023-12-01,91Q,"NHS KENT AND MEDWAY",12627,40409.85,0,0
2023-12-01,26A,"NHS NORFOLK AND WAVENEY",13483,27120.27,0,0
2023-12-01,15N,"NHS DEVON",13720,26027.94,0,0
2024-01-01,09W,"NHS MEDWAY",0,0,0,0
2024-01-01,D4U1Y,"NHS FRIMLEY",167,154.91,0,0
2024-01-01,07G,"NHS THURROCK",533,1841.83,0,0
2024-01-01,02Q,"NHS BASSETLAW",841,1688.25,0,0
2024-01-01,00N,"NHS SOUTH TYNESIDE",952,3200.18,0,0
2024-01-01,02G,"NHS WEST LANCASHIRE",957,3600.48,0,0
2024-01-01,00V,"NHS BURY",964,3408.42,0,0
2024-01-01,05D,"NHS EAST STAFFORDSHIRE",1003,2262.63,0,0
2024-01-01,99F,"NHS CASTLE POINT AND ROCHFORD",1064,3922.95,0,0
2024-01-01,03Q,"NHS VALE OF YORK",1081,3492.96,0,0
2024-01-01,03H,"NHS NORTH EAST LINCOLNSHIRE",1096,3730.57,0,0
2024-01-01,01E,"NHS GREATER PRESTON",1130,3935.51,0,0
2024-01-01,04Y,"NHS CANNOCK CHASE",1160,3511.84,0,0
2024-01-01,00R,"NHS BLACKPOOL",1233,3841.67,0,0
2024-01-01,05V,"NHS STAFFORD AND SURROUNDS",1255,3638.1,0,0
2024-01-01,00X,"NHS CHORLEY AND SOUTH RIBBLE",1257,4102.31,0,0
2024-01-01,01D,"NHS HEYWOOD, MIDDLETON AND ROCHDALE",1335,5489.57,0,0
2024-01-01,99E,"NHS BASILDON AND BRENTWOOD",1353,5318.28,0,0
2024-01-01,03K,"NHS NORTH LINCOLNSHIRE",1403,3948.81,0,0
2024-01-01,02M,"NHS FYLDE AND WYRE",1417,3956.27,0,0
2024-01-01,02T,"NHS CALDERDALE",1471,4462.34,0,0
2024-01-01,99G,"NHS SOUTHEND",1588,3034.34,0,0
2024-01-01,05Q,"NHS SOUTH EAST STAFFORDSHIRE AND SEISDON PENINSULA",1592,5450.81,0,0
2024-01-01,01V,"NHS SOUTHPORT AND FORMBY",1639,4828.32,0,0
2024-01-01,01G,"NHS SALFORD",1677,5883.27,0,0
2024-01-01,00T,"NHS BOLTON",1742,7855.28,0,0
2024-01-01,10R,"NHS PORTSMOUTH",1748,4270.68,0,0
2024-01-01,03F,"NHS HULL",1750,5552.82,0,0
2024-01-01,02A,"NHS TRAFFORD",1807,5393.29,0,0
2024-01-01,00Y,"NHS OLDHAM",1842,6622.33,0,0
2024-01-01,01H,"NHS NORTH CUMBRIA",1874,5280.46,0,0
2024-01-01,02X,"NHS DONCASTER",1879,5373.43,0,0
2024-01-01,99C,"NHS NORTH TYNESIDE",1880,4018.3,0,0
2024-01-01,02Y,"NHS EAST RIDING OF YORKSHIRE",1901,6537.76,0,0
2024-01-01,07H,"NHS WEST ESSEX",1901,5033.78,0,0
2024-01-01,00Q,"NHS BLACKBURN WITH DARWEN",1948,6398.78,0,0
2024-01-01,01F,"NHS HALTON",1964,7347.1,0,0
2024-01-01,07K,"NHS WEST SUFFOLK",2009,4264.25,0,0
2024-01-01,00P,"NHS SUNDERLAND",2080,5974.77,0,0
2024-01-01,05G,"NHS NORTH STAFFORDSHIRE",2133,7240.31,0,0
2024-01-01,01J,"NHS KNOWSLEY",2139,7028.09,0,0
2024-01-01,02E,"NHS WARRINGTON",2243,10154.64,0,0
2024-01-01,03L,"NHS ROTHERHAM",2263,5910.55,0,0
2024-01-01,01T,"NHS SOUTH SEFTON",2335,7631.94,0,0
2024-01-01,00L,"NHS NORTHUMBERLAND",2386,5596.48,0,0
2024-01-01,U2G6B,"NHS THAMES VALLEY ICB - U2G6B",2444,7391,0,0
2024-01-01,01A,"NHS EAST LANCASHIRE",2462,13995.26,0,0
2024-01-01,15A,"NHS BERKSHIRE WEST",2504,6802.06,0,0
2024-01-01,05W,"NHS STOKE ON TRENT",2656,7380.45,0,0
2024-01-01,01Y,"NHS TAMESIDE AND GLOSSOP",2708,6877.54,0,0
2024-01-01,01K,"NHS MORECAMBE BAY",2758,8985.88,0,0
2024-01-01,14Y,"NHS BUCKINGHAMSHIRE",2868,10762.84,0,0
2024-01-01,03W,"NHS EAST LEICESTERSHIRE AND RUTLAND",2924,8299.57,0,0
2024-01-01,02H,"NHS WIGAN BOROUGH",2940,11869.47,0,0
2024-01-01,01W,"NHS STOCKPORT",3010,10334.68,0,0
2024-01-01,02P,"NHS BARNSLEY",3019,10153.19,0,0
2024-01-01,03R,"NHS WAKEFIELD",3176,9964.54,0,0
2024-01-01,04C,"NHS LEICESTER CITY",3397,12887.31,0,0
2024-01-01,06N,"NHS HERTS VALLEYS",3533,10796.24,0,0
2024-01-01,X2C4Y,"NHS KIRKLEES",3534,13583.77,0,0
2024-01-01,06Q,"NHS MID ESSEX",3612,8838.82,0,0
2024-01-01,42D,"NHS NORTH YORKSHIRE",3630,8598.98,0,0
2024-01-01,10Q,"NHS OXFORDSHIRE",3700,14169.13,0,0
2024-01-01,06L,"NHS IPSWICH AND EAST SUFFOLK",3778,7176.35,0,0
2024-01-01,06K,"NHS EAST AND NORTH HERTFORDSHIRE",4117,10662.71,0,0
2024-01-01,15F,"NHS LEEDS",4185,11963.45,0,0
2024-01-01,01X,"NHS ST HELENS",4241,22972.36,0,0
2024-01-01,84H,"NHS COUNTY DURHAM",4315,9103.98,0,0
2024-01-01,13T,"NHS NEWCASTLE GATESHEAD",4342,14329.83,0,0
2024-01-01,36J,"NHS BRADFORD DISTRICT AND CRAVEN",4416,19101.18,0,0
2024-01-01,04V,"NHS WEST LEICESTERSHIRE",4417,13108.98,0,0
2024-01-01,M2L0M,"NHS SHROPSHIRE, TELFORD AND WREKIN",4485,14553.81,0,0
2024-01-01,12F,"NHS WIRRAL",4507,10240.21,0,0
2024-01-01,09D,"NHS BRIGHTON AND HOVE",4607,7448.56,0,0
2024-01-01,16C,"NHS TEES VALLEY",4970,16261.97,0,0
2024-01-01,06T,"NHS NORTH EAST ESSEX",5162,11914.62,0,0
2024-01-01,03N,"NHS SHEFFIELD",5412,11019.43,0,0
2024-01-01,14L,"NHS MANCHESTER",5415,12216.97,0,0
2024-01-01,11X,"NHS SOMERSET",5704,12889,0,0
2024-01-01,27D,"NHS CHESHIRE",6184,17745.31,0,0
2024-01-01,78H,"NHS NORTHAMPTONSHIRE",6528,16317.99,0,0
2024-01-01,52R,"NHS NOTTINGHAM AND NOTTINGHAMSHIRE",6534,16313.49,0,0
2024-01-01,70F,"NHS WEST SUSSEX",6646,15940.36,0,0
2024-01-01,72Q,"NHS SOUTH EAST LONDON",6756,15515.18,0,0
2024-01-01,M1J4Y,"NHS BEDFORDSHIRE, LUTON AND MILTON KEYNES",6780,17009.91,0,0
2024-01-01,06H,"NHS CAMBRIDGESHIRE AND PETERBOROUGH",6826,17209.56,0,0
2024-01-01,11N,"NHS CORNWALL AND THE ISLES OF SCILLY",6968,9040.5,0,0
2024-01-01,97R,"NHS EAST SUSSEX",7457,17930.02,0,0
2024-01-01,99A,"NHS LIVERPOOL",7471,20484.67,0,0
2024-01-01,11J,"NHS DORSET",7574,17833.84,0,0
2024-01-01,B2M3M,"NHS COVENTRY AND WARWICKSHIRE",8013,25587.09,0,0
2024-01-01,11M,"NHS GLOUCESTERSHIRE",8125,18041.96,0,0
2024-01-01,A3A8R,"NHS NORTH EAST LONDON",8125,16516.22,0,0
2024-01-01,18C,"NHS HEREFORDSHIRE AND WORCESTERSHIRE",8367,18654.65,0,0
2024-01-01,36L,"NHS SOUTH WEST LONDON",8694,15325.39,0,0
2024-01-01,15C,"NHS BRISTOL, NORTH SOMERSET AND SOUTH GLOUCESTERSHIRE",8710,13767.81,0,0
2024-01-01,92A,"NHS SURREY HEARTLANDS",8769,27425.49,0,0
2024-01-01,93C,"NHS NORTH CENTRAL LONDON",9188,19736.61,0,0
2024-01-01,92G,"NHS BATH AND NORTH EAST SOMERSET, SWINDON AND WILTSHIRE",9276,13454.84,0,0
2024-01-01,71E,"NHS LINCOLNSHIRE",9389,26583.59,0,0
2024-01-01,15E,"NHS BIRMINGHAM AND SOLIHULL",9894,29337.68,0,0
2024-01-01,D2P2L,"NHS BLACK COUNTRY",10282,37275.19,0,0
2024-01-01,W2U3Z,"NHS NORTH WEST LONDON",12184,33376.57,0,0
2024-01-01,D9Y0V,"NHS HAMPSHIRE, SOUTHAMPTON AND ISLE OF WIGHT",12298,36661.99,0,0
2024-01-01,15M,"NHS DERBY AND DERBYSHIRE",12312,27468.94,0,0
2024-01-01,91Q,"NHS KENT AND MEDWAY",13018,36953.89,0,0
2024-01-01,26A,"NHS NORFOLK AND WAVENEY",13572,27563.48,0,0
2024-01-01,15N,"NHS DEVON",14192,29270.69,0,0
2024-02-01,09W,"NHS MEDWAY",0,0,0,0
2024-02-01,D4U1Y,"NHS FRIMLEY",129,240.96,0,0
2024-02-01,07G,"NHS THURROCK",479,1583.38,0,0
2024-02-01,02Q,"NHS BASSETLAW",777,1443.69,0,0
2024-02-01,05D,"NHS EAST STAFFORDSHIRE",892,3091.8,0,0
2024-02-01,00N,"NHS SOUTH TYNESIDE",917,3811.91,0,0
2024-02-01,00V,"NHS BURY",928,3025.88,0,0
2024-02-01,02G,"NHS WEST LANCASHIRE",956,5520.86,0,0
2024-02-01,99F,"NHS CASTLE POINT AND ROCHFORD",996,3307.22,0,0
2024-02-01,04Y,"NHS CANNOCK CHASE",1021,4552.89,0,0
2024-02-01,03H,"NHS NORTH EAST LINCOLNSHIRE",1041,2938.77,0,0
2024-02-01,03Q,"NHS VALE OF YORK",1046,2937.13,0,0
2024-02-01,01E,"NHS GREATER PRESTON",1127,5142.14,0,0
2024-02-01,05V,"NHS STAFFORD AND SURROUNDS",1144,3322.37,0,0
2024-02-01,00R,"NHS BLACKPOOL",1169,3104.09,0,0
2024-02-01,00X,"NHS CHORLEY AND SOUTH RIBBLE",1189,3332.34,0,0
2024-02-01,01D,"NHS HEYWOOD, MIDDLETON AND ROCHDALE",1269,4717.32,0,0
2024-02-01,99E,"NHS BASILDON AND BRENTWOOD",1276,3548.74,0,0
2024-02-01,03K,"NHS NORTH LINCOLNSHIRE",1314,3550.43,0,0
2024-02-01,02M,"NHS FYLDE AND WYRE",1364,3865.69,0,0
2024-02-01,02T,"NHS CALDERDALE",1409,4165.93,0,0
2024-02-01,05Q,"NHS SOUTH EAST STAFFORDSHIRE AND SEISDON PENINSULA",1518,5801.49,0,0
2024-02-01,99G,"NHS SOUTHEND",1530,2999.67,0,0
2024-02-01,01V,"NHS SOUTHPORT AND FORMBY",1554,4834.84,0,0
2024-02-01,01G,"NHS SALFORD",1556,4608.17,0,0
2024-02-01,00T,"NHS BOLTON",1560,6011.86,0,0
2024-02-01,10R,"NHS PORTSMOUTH",1652,4475.92,0,0
2024-02-01,03F,"NHS HULL",1653,6086.19,0,0
2024-02-01,00Y,"NHS OLDHAM",1729,6952.45,0,0
2024-02-01,01H,"NHS NORTH CUMBRIA",1736,5025.5,0,0
2024-02-01,99C,"NHS NORTH TYNESIDE",1741,4365.41,0,0
2024-02-01,07H,"NHS WEST ESSEX",1752,4286.1,0,0
2024-02-01,02X,"NHS DONCASTER",1758,4764.27,0,0
2024-02-01,02A,"NHS TRAFFORD",1761,5026.62,0,0
2024-02-01,00Q,"NHS BLACKBURN WITH DARWEN",1762,5448.84,0,0
2024-02-01,02Y,"NHS EAST RIDING OF YORKSHIRE",1810,6604.12,0,0
2024-02-01,07K,"NHS WEST SUFFOLK",1816,3631.52,0,0
2024-02-01,01F,"NHS HALTON",1898,6892.68,0,0
2024-02-01,00P,"NHS SUNDERLAND",1942,5545.71,0,0
2024-02-01,05G,"NHS NORTH STAFFORDSHIRE",2016,7286.99,0,0
2024-02-01,01J,"NHS KNOWSLEY",2066,7572.68,0,0
2024-02-01,03L,"NHS ROTHERHAM",2082,4818.84,0,0
2024-02-01,01T,"NHS SOUTH SEFTON",2146,8936.06,0,0
2024-02-01,02E,"NHS WARRINGTON",2154,11092.1,0,0
2024-02-01,U2G6B,"NHS THAMES VALLEY ICB - U2G6B",2224,7350.76,0,0
2024-02-01,00L,"NHS NORTHUMBERLAND",2245,5867.15,0,0
2024-02-01,01A,"NHS EAST LANCASHIRE",2289,11476.77,0,0
2024-02-01,15A,"NHS BERKSHIRE WEST",2305,6077.43,0,0
2024-02-01,05W,"NHS STOKE ON TRENT",2391,5988.26,0,0
2024-02-01,01Y,"NHS TAMESIDE AND GLOSSOP",2437,6599.24,0,0
2024-02-01,01K,"NHS MORECAMBE BAY",2473,6968.25,0,0
2024-02-01,14Y,"NHS BUCKINGHAMSHIRE",2628,14971.98,0,0
2024-02-01,03W,"NHS EAST LEICESTERSHIRE AND RUTLAND",2700,7993.58,0,0
2024-02-01,02H,"NHS WIGAN BOROUGH",2796,12153.32,0,0
2024-02-01,01W,"NHS STOCKPORT",2861,8080.5,0,0
2024-02-01,02P,"NHS BARNSLEY",2872,9673.29,0,0
2024-02-01,03R,"NHS WAKEFIELD",2932,10944.92,0,0
2024-02-01,04C,"NHS LEICESTER CITY",3254,10655.69,0,0
2024-02-01,X2C4Y,"NHS KIRKLEES",3293,10761.25,0,0
2024-02-01,06Q,"NHS MID ESSEX",3362,9473.75,0,0
2024-02-01,42D,"NHS NORTH YORKSHIRE",3399,8790.06,0,0
2024-02-01,06N,"NHS HERTS VALLEYS",3406,10800.04,0,0
2024-02-01,06L,"NHS IPSWICH AND EAST SUFFOLK",3414,5903.69,0,0
2024-02-01,10Q,"NHS OXFORDSHIRE",3509,14083.78,0,0
2024-02-01,15F,"NHS LEEDS",3861,11262.02,0,0
2024-02-01,01X,"NHS ST HELENS",3877,17634.1,0,0
2024-02-01,06K,"NHS EAST AND NORTH HERTFORDSHIRE",3932,10091.13,0,0
2024-02-01,84H,"NHS COUNTY DURHAM",4056,8859.42,0,0
2024-02-01,13T,"NHS NEWCASTLE GATESHEAD",4128,9239.19,0,0
2024-02-01,36J,"NHS BRADFORD DISTRICT AND CRAVEN",4169,16365.29,0,0
2024-02-01,M2L0M,"NHS SHROPSHIRE, TELFORD AND WREKIN",4192,13887.08,0,0
2024-02-01,04V,"NHS WEST LEICESTERSHIRE",4199,11065.77,0,0
2024-02-01,09D,"NHS BRIGHTON AND HOVE",4204,6798.33,0,0
2024-02-01,12F,"NHS WIRRAL",4271,10093.21,0,0
2024-02-01,16C,"NHS TEES VALLEY",4773,16392,0,0
2024-02-01,06T,"NHS NORTH EAST ESSEX",4780,10126.97,0,0
2024-02-01,14L,"NHS MANCHESTER",5079,14724.11,0,0
2024-02-01,03N,"NHS SHEFFIELD",5172,10422.76,0,0
2024-02-01,11X,"NHS SOMERSET",5233,12220.1,0,0
2024-02-01,27D,"NHS CHESHIRE",5706,16337.17,0,0
2024-02-01,70F,"NHS WEST SUSSEX",6159,15763.67,0,0
2024-02-01,78H,"NHS NORTHAMPTONSHIRE",6192,11860.66,0,0
2024-02-01,52R,"NHS NOTTINGHAM AND NOTTINGHAMSHIRE",6203,19495.01,0,0
2024-02-01,11N,"NHS CORNWALL AND THE ISLES OF SCILLY",6374,8805.81,0,0
2024-02-01,72Q,"NHS SOUTH EAST LONDON",6397,27059.93,0,0
2024-02-01,06H,"NHS CAMBRIDGESHIRE AND PETERBOROUGH",6424,15176.7,0,0
2024-02-01,M1J4Y,"NHS BEDFORDSHIRE, LUTON AND MILTON KEYNES",6436,17995.41,0,0
2024-02-01,97R,"NHS EAST SUSSEX",7104,18212.95,0,0
2024-02-01,99A,"NHS LIVERPOOL",7114,18173.61,0,0
2024-02-01,11J,"NHS DORSET",7123,10175.99,0,0
2024-02-01,A3A8R,"NHS NORTH EAST LONDON",7581,21378.17,0,0
2024-02-01,B2M3M,"NHS COVENTRY AND WARWICKSHIRE",7672,25882.7,0,0
2024-02-01,11M,"NHS GLOUCESTERSHIRE",7694,18456.23,0,0
2024-02-01,18C,"NHS HEREFORDSHIRE AND WORCESTERSHIRE",7758,18309.76,0,0
2024-02-01,92A,"NHS SURREY HEARTLANDS",8091,23059.98,0,0
2024-02-01,15C,"NHS BRISTOL, NORTH SOMERSET AND SOUTH GLOUCESTERSHIRE",8143,15498.52,0,0
2024-02-01,36L,"NHS SOUTH WEST LONDON",8171,16374.2,0,0
2024-02-01,92G,"NHS BATH AND NORTH EAST SOMERSET, SWINDON AND WILTSHIRE",8662,12988.59,0,0
2024-02-01,71E,"NHS LINCOLNSHIRE",8691,25010.17,0,0
2024-02-01,93C,"NHS NORTH CENTRAL LONDON",8918,21097.21,0,0
2024-02-01,15E,"NHS BIRMINGHAM AND SOLIHULL",9274,28877.14,0,0
2024-02-01,D2P2L,"NHS BLACK COUNTRY",9710,40328.34,0,0
2024-02-01,W2U3Z,"NHS NORTH WEST LONDON",11290,21893.64,0,0
2024-02-01,D9Y0V,"NHS HAMPSHIRE, SOUTHAMPTON AND ISLE OF WIGHT",11411,36510.74,0,0
2024-02-01,15M,"NHS DERBY AND DERBYSHIRE",11441,22269.4,0,0
2024-02-01,91Q,"NHS KENT AND MEDWAY",12020,37884.33,0,0
2024-02-01,26A,"NHS NORFOLK AND WAVENEY",12549,22798.11,0,0
2024-02-01,15N,"NHS DEVON",13287,25527.82,0,0
2024-03-01,09W,"NHS MEDWAY",0,0,0,0
2024-03-01,D4U1Y,"NHS FRIMLEY",147,86.31,0,0
2024-03-01,07G,"NHS THURROCK",450,1342.92,0,0
2024-03-01,02Q,"NHS BASSETLAW",813,1392.56,0,0
2024-03-01,00V,"NHS BURY",908,3570.93,0,0
2024-03-01,00N,"NHS SOUTH TYNESIDE",951,3230.27,0,0
2024-03-01,99F,"NHS CASTLE POINT AND ROCHFORD",967,2863.62,0,0
2024-03-01,02G,"NHS WEST LANCASHIRE",983,4257.67,0,0
2024-03-01,05D,"NHS EAST STAFFORDSHIRE",1025,3285.7,0,0
2024-03-01,03H,"NHS NORTH EAST LINCOLNSHIRE",1040,3430.99,0,0
2024-03-01,03Q,"NHS VALE OF YORK",1104,3580.49,0,0
2024-03-01,04Y,"NHS CANNOCK CHASE",1126,4481.96,0,0
2024-03-01,00X,"NHS CHORLEY AND SOUTH RIBBLE",1152,3729.17,0,0
2024-03-01,01E,"NHS GREATER PRESTON",1153,5350.53,0,0
2024-03-01,00R,"NHS BLACKPOOL",1158,2873.75,0,0
2024-03-01,05V,"NHS STAFFORD AND SURROUNDS",1163,2985.01,0,0
2024-03-01,01D,"NHS HEYWOOD, MIDDLETON AND ROCHDALE",1233,4976.2,0,0
2024-03-01,99E,"NHS BASILDON AND BRENTWOOD",1297,3251.55,0,0
2024-03-01,03K,"NHS NORTH LINCOLNSHIRE",1332,2992.13,0,0
2024-03-01,02M,"NHS FYLDE AND WYRE",1390,3842.82,0,0
2024-03-01,02T,"NHS CALDERDALE",1448,4181.81,0,0
2024-03-01,99G,"NHS SOUTHEND",1511,3239.27,0,0
2024-03-01,00T,"NHS BOLTON",1531,7037.32,0,0
2024-03-01,05Q,"NHS SOUTH EAST STAFFORDSHIRE AND SEISDON PENINSULA",1537,4751.22,0,0
2024-03-01,01V,"NHS SOUTHPORT AND FORMBY",1574,4631.91,0,0
2024-03-01,01G,"NHS SALFORD",1579,6060.32,0,0
2024-03-01,00Y,"NHS OLDHAM",1676,6162.72,0,0
2024-03-01,03F,"NHS HULL",1678,6470.71,0,0
2024-03-01,10R,"NHS PORTSMOUTH",1687,3787.1,0,0
2024-03-01,02A,"NHS TRAFFORD",1705,4155.84,0,0
2024-03-01,01H,"NHS NORTH CUMBRIA",1726,4824.65,0,0
2024-03-01,02Y,"NHS EAST RIDING OF YORKSHIRE",1730,4616.89,0,0
2024-03-01,07H,"NHS WEST ESSEX",1761,4623.27,0,0
2024-03-01,02X,"NHS DONCASTER",1807,4155.27,0,0
2024-03-01,01F,"NHS HALTON",1808,7834.72,0,0
2024-03-01,07K,"NHS WEST SUFFOLK",1816,3044.88,0,0
2024-03-01,99C,"NHS NORTH TYNESIDE",1818,3859.09,0,0
2024-03-01,00Q,"NHS BLACKBURN WITH DARWEN",1866,6259.7,0,0
2024-03-01,03L,"NHS ROTHERHAM",1936,5087.97,0,0
2024-03-01,00P,"NHS SUNDERLAND",2003,4612.8,0,0
2024-03-01,05G,"NHS NORTH STAFFORDSHIRE",2020,7216.55,0,0
2024-03-01,01J,"NHS KNOWSLEY",2037,6656.6,0,0
2024-03-01,02E,"NHS WARRINGTON",2107,8062.35,0,0
2024-03-01,01T,"NHS SOUTH SEFTON",2158,8119.22,0,0
2024-03-01,U2G6B,"NHS THAMES VALLEY ICB - U2G6B",2219,6224.57,0,0
2024-03-01,01A,"NHS EAST LANCASHIRE",2293,11924.61,0,0
2024-03-01,00L,"NHS NORTHUMBERLAND",2320,4901.76,0,0
2024-03-01,15A,"NHS BERKSHIRE WEST",2396,7239.61,0,0
2024-03-01,01K,"NHS MORECAMBE BAY",2488,7382.03,0,0
2024-03-01,05W,"NHS STOKE ON TRENT",2512,6776.98,0,0
2024-03-01,01Y,"NHS TAMESIDE AND GLOSSOP",2596,6599.5,0,0
2024-03-01,14Y,"NHS BUCKINGHAMSHIRE",2706,13690.04,0,0
2024-03-01,03W,"NHS EAST LEICESTERSHIRE AND RUTLAND",2817,7937.11,0,0
2024-03-01,02H,"NHS WIGAN BOROUGH",2823,11117.35,0,0
2024-03-01,02P,"NHS BARNSLEY",2893,10124.18,0,0
2024-03-01,01W,"NHS STOCKPORT",2901,7515.4,0,0
2024-03-01,03R,"NHS WAKEFIELD",3007,14444.72,0,0
2024-03-01,04C,"NHS LEICESTER CITY",3206,9229.39,0,0
2024-03-01,X2C4Y,"NHS KIRKLEES",3216,10213.08,0,0
2024-03-01,06N,"NHS HERTS VALLEYS",3304,10694.81,0,0
2024-03-01,06Q,"NHS MID ESSEX",3355,8503.34,0,0
2024-03-01,42D,"NHS NORTH YORKSHIRE",3530,8903.21,0,0
2024-03-01,10Q,"NHS OXFORDSHIRE",3547,13991.42,0,0
2024-03-01,06L,"NHS IPSWICH AND EAST SUFFOLK",3553,6073.7,0,0
2024-03-01,01X,"NHS ST HELENS",3695,18910.95,0,0
2024-03-01,15F,"NHS LEEDS",3875,10484.95,0,0
2024-03-01,06K,"NHS EAST AND NORTH HERTFORDSHIRE",3895,10003.14,0,0
2024-03-01,84H,"NHS COUNTY DURHAM",3968,9004.46,0,0
2024-03-01,36J,"NHS BRADFORD DISTRICT AND CRAVEN",4116,13326.3,0,0
2024-03-01,M2L0M,"NHS SHROPSHIRE, TELFORD AND WREKIN",4116,11921.03,0,0
2024-03-01,09D,"NHS BRIGHTON AND HOVE",4144,6316.99,0,0
2024-03-01,13T,"NHS NEWCASTLE GATESHEAD",4149,9127.61,0,0
2024-03-01,12F,"NHS WIRRAL",4177,8727.72,0,0
2024-03-01,04V,"NHS WEST LEICESTERSHIRE",4211,11296.03,0,0
2024-03-01,16C,"NHS TEES VALLEY",4753,16938.93,0,0
2024-03-01,06T,"NHS NORTH EAST ESSEX",4957,11425.27,0,0
2024-03-01,03N,"NHS SHEFFIELD",5034,10970.67,0,0
2024-03-01,14L,"NHS MANCHESTER",5198,10699.84,0,0
2024-03-01,11X,"NHS SOMERSET",5352,11679.03,0,0
2024-03-01,27D,"NHS CHESHIRE",5753,14754.86,0,0
2024-03-01,78H,"NHS NORTHAMPTONSHIRE",6130,12338.88,0,0
2024-03-01,70F,"NHS WEST SUSSEX",6208,13551.33,0,0
2024-03-01,52R,"NHS NOTTINGHAM AND NOTTINGHAMSHIRE",6310,16270.17,0,0
2024-03-01,M1J4Y,"NHS BEDFORDSHIRE, LUTON AND MILTON KEYNES",6326,15929.27,0,0
2024-03-01,06H,"NHS CAMBRIDGESHIRE AND PETERBOROUGH",6341,14209.48,0,0
2024-03-01,72Q,"NHS SOUTH EAST LONDON",6383,14756.84,0,0
2024-03-01,11N,"NHS CORNWALL AND THE ISLES OF SCILLY",6689,10414.36,0,0
2024-03-01,97R,"NHS EAST SUSSEX",6989,16737.1,0,0
2024-03-01,99A,"NHS LIVERPOOL",7118,19528.18,0,0
2024-03-01,11J,"NHS DORSET",7208,10504.61,0,0
2024-03-01,11M,"NHS GLOUCESTERSHIRE",7598,15772.15,0,0
2024-03-01,B2M3M,"NHS COVENTRY AND WARWICKSHIRE",7645,25144.11,0,0
2024-03-01,A3A8R,"NHS NORTH EAST LONDON",7689,17484.74,0,0
2024-03-01,18C,"NHS HEREFORDSHIRE AND WORCESTERSHIRE",7726,17121.89,0,0
2024-03-01,15C,"NHS BRISTOL, NORTH SOMERSET AND SOUTH GLOUCESTERSHIRE",8173,15557.91,0,0
2024-03-01,92A,"NHS SURREY HEARTLANDS",8318,24051.71,0,0
2024-03-01,36L,"NHS SOUTH WEST LONDON",8407,15915.75,0,0
2024-03-01,92G,"NHS BATH AND NORTH EAST SOMERSET, SWINDON AND WILTSHIRE",8690,12331.03,0,0
2024-03-01,71E,"NHS LINCOLNSHIRE",8746,24907.77,0,0
2024-03-01,93C,"NHS NORTH CENTRAL LONDON",8823,21692.26,0,0
2024-03-01,15E,"NHS BIRMINGHAM AND SOLIHULL",9277,27650.01,0,0
2024-03-01,D2P2L,"NHS BLACK COUNTRY",9471,38237.09,0,0
2024-03-01,W2U3Z,"NHS NORTH WEST LONDON",11562,31658.07,0,0
2024-03-01,D9Y0V,"NHS HAMPSHIRE, SOUTHAMPTON AND ISLE OF WIGHT",11585,37458.32,0,0
2024-03-01,15M,"NHS DERBY AND DERBYSHIRE",11633,20558.69,0,0
2024-03-01,91Q,"NHS KENT AND MEDWAY",12275,38190.52,0,0
2024-03-01,26A,"NHS NORFOLK AND WAVENEY",12843,21503.78,0,0
2024-03-01,15N,"NHS DEVON",13579,25591.52,0,0
2024-04-01,09W,"NHS MEDWAY",0,0,0,0
2024-04-01,D4U1Y,"NHS FRIMLEY",149,497.47,0,0
2024-04-01,07G,"NHS THURROCK",482,1380.62,0,0
2024-04-01,02Q,"NHS BASSETLAW",832,1343.18,0,0
2024-04-01,02G,"NHS WEST LANCASHIRE",910,2732,0,0
2024-04-01,05D,"NHS EAST STAFFORDSHIRE",989,3021,0,0
2024-04-01,00N,"NHS SOUTH TYNESIDE",995,3110.8,0,0
2024-04-01,00V,"NHS BURY",1005,3155.36,0,0
2024-04-01,99F,"NHS CASTLE POINT AND ROCHFORD",1030,2768.41,0,0
2024-04-01,03H,"NHS NORTH EAST LINCOLNSHIRE",1061,3189.25,0,0
2024-04-01,03Q,"NHS VALE OF YORK",1144,2847.51,0,0
2024-04-01,04Y,"NHS CANNOCK CHASE",1146,4262.06,0,0
2024-04-01,00R,"NHS BLACKPOOL",1172,3172.89,0,0
2024-04-01,05V,"NHS STAFFORD AND SURROUNDS",1191,2979.48,0,0
2024-04-01,01E,"NHS GREATER PRESTON",1192,5245.84,0,0
2024-04-01,01D,"NHS HEYWOOD, MIDDLETON AND ROCHDALE",1204,4920.98,0,0
2024-04-01,00X,"NHS CHORLEY AND SOUTH RIBBLE",1231,2939.94,0,0
2024-04-01,99E,"NHS BASILDON AND BRENTWOOD",1275,2516.93,0,0
2024-04-01,02M,"NHS FYLDE AND WYRE",1353,3650.75,0,0
2024-04-01,03K,"NHS NORTH LINCOLNSHIRE",1464,3620.69,0,0
2024-04-01,02T,"NHS CALDERDALE",1526,3488.65,0,0
2024-04-01,05Q,"NHS SOUTH EAST STAFFORDSHIRE AND SEISDON PENINSULA",1551,5050.31,0,0
2024-04-01,99G,"NHS SOUTHEND",1572,2414,0,0
2024-04-01,01G,"NHS SALFORD",1592,4962.05,0,0
2024-04-01,01V,"NHS SOUTHPORT AND FORMBY",1616,4137.09,0,0
2024-04-01,00T,"NHS BOLTON",1676,6275.07,0,0
2024-04-01,03F,"NHS HULL",1689,4346.19,0,0
2024-04-01,10R,"NHS PORTSMOUTH",1689,3544.28,0,0
2024-04-01,00Y,"NHS OLDHAM",1721,6794.8,0,0
2024-04-01,02A,"NHS TRAFFORD",1733,4214.06,0,0
2024-04-01,01H,"NHS NORTH CUMBRIA",1779,5088.8,0,0
2024-04-01,02Y,"NHS EAST RIDING OF YORKSHIRE",1855,6361.36,0,0
2024-04-01,99C,"NHS NORTH TYNESIDE",1864,4735.25,0,0
2024-04-01,07H,"NHS WEST ESSEX",1868,5218.58,0,0
2024-04-01,02X,"NHS DONCASTER",1886,4583.61,0,0
2024-04-01,01F,"NHS HALTON",1893,6345.73,0,0
2024-04-01,07K,"NHS WEST SUFFOLK",1912,2842.2,0,0
2024-04-01,00Q,"NHS BLACKBURN WITH DARWEN",1917,5500.12,0,0
2024-04-01,00P,"NHS SUNDERLAND",1995,4371.81,0,0
2024-04-01,05G,"NHS NORTH STAFFORDSHIRE",2036,6689.68,0,0
2024-04-01,03L,"NHS ROTHERHAM",2095,4640.88,0,0
2024-04-01,02E,"NHS WARRINGTON",2123,8864.7,0,0
2024-04-01,01J,"NHS KNOWSLEY",2149,6664.31,0,0
2024-04-01,01T,"NHS SOUTH SEFTON",2217,7317.35,0,0
2024-04-01,U2G6B,"NHS THAMES VALLEY ICB - U2G6B",2352,7507.81,0,0
2024-04-01,15A,"NHS BERKSHIRE WEST",2406,7213.09,0,0
2024-04-01,01A,"NHS EAST LANCASHIRE",2434,11996.28,0,0
2024-04-01,00L,"NHS NORTHUMBERLAND",2437,5124.2,0,0
2024-04-01,05W,"NHS STOKE ON TRENT",2525,6897.48,0,0
2024-04-01,01K,"NHS MORECAMBE BAY",2606,6573.59,0,0
2024-04-01,01Y,"NHS TAMESIDE AND GLOSSOP",2630,5445.95,0,0
2024-04-01,03W,"NHS EAST LEICESTERSHIRE AND RUTLAND",2728,7213.96,0,0
2024-04-01,01W,"NHS STOCKPORT",2808,6341.04,0,0
2024-04-01,02H,"NHS WIGAN BOROUGH",2816,12300.64,0,0
2024-04-01,14Y,"NHS BUCKINGHAMSHIRE",2817,14030.3,0,0
2024-04-01,02P,"NHS BARNSLEY",2987,8156.89,0,0
2024-04-01,03R,"NHS WAKEFIELD",3075,9300.25,0,0
2024-04-01,06Q,"NHS MID ESSEX",3296,7517.95,0,0
2024-04-01,04C,"NHS LEICESTER CITY",3322,9241.33,0,0
2024-04-01,X2C4Y,"NHS KIRKLEES",3392,12860.28,0,0
2024-04-01,06N,"NHS HERTS VALLEYS",3456,9642.36,0,0
2024-04-01,06L,"NHS IPSWICH AND EAST SUFFOLK",3592,5860.86,0,0
2024-04-01,42D,"NHS NORTH YORKSHIRE",3695,8650.92,0,0
2024-04-01,10Q,"NHS OXFORDSHIRE",3705,13757.05,0,0
2024-04-01,06K,"NHS EAST AND NORTH HERTFORDSHIRE",3961,8809.42,0,0
2024-04-01,15F,"NHS LEEDS",4031,9426.31,0,0
2024-04-01,01X,"NHS ST HELENS",4080,15460.66,0,0
2024-04-01,84H,"NHS COUNTY DURHAM",4083,8691.55,0,0
2024-04-01,13T,"NHS NEWCASTLE GATESHEAD",4162,13787.31,0,0
2024-04-01,36J,"NHS BRADFORD DISTRICT AND CRAVEN",4209,13876.6,0,0
2024-04-01,09D,"NHS BRIGHTON AND HOVE",4266,5746.47,0,0
2024-04-01,M2L0M,"NHS SHROPSHIRE, TELFORD AND WREKIN",4292,12976.46,0,0
2024-04-01,04V,"NHS WEST LEICESTERSHIRE",4378,10490.2,0,0
2024-04-01,12F,"NHS WIRRAL",4456,8070.75,0,0
2024-04-01,16C,"NHS TEES VALLEY",4796,13354.57,0,0
2024-04-01,06T,"NHS NORTH EAST ESSEX",5027,9604.33,0,0
2024-04-01,03N,"NHS SHEFFIELD",5193,9338.09,0,0
2024-04-01,14L,"NHS MANCHESTER",5218,10697.66,0,0
2024-04-01,11X,"NHS SOMERSET",5395,12442.76,0,0
2024-04-01,27D,"NHS CHESHIRE",5941,15044.12,0,0
2024-04-01,78H,"NHS NORTHAMPTONSHIRE",6205,11016.21,0,0
2024-04-01,52R,"NHS NOTTINGHAM AND NOTTINGHAMSHIRE",6436,11663.82,0,0
2024-04-01,11N,"NHS CORNWALL AND THE ISLES OF SCILLY",6484,8884.68,0,0
2024-04-01,70F,"NHS WEST SUSSEX",6484,12766.9,0,0
2024-04-01,M1J4Y,"NHS BEDFORDSHIRE, LUTON AND MILTON KEYNES",6540,16894.08,0,0
2024-04-01,06H,"NHS CAMBRIDGESHIRE AND PETERBOROUGH",6565,12309.34,0,0
2024-04-01,72Q,"NHS SOUTH EAST LONDON",6631,13823.46,0,0
2024-04-01,11J,"NHS DORSET",7023,19768.55,0,0
2024-04-01,99A,"NHS LIVERPOOL",7297,16434.09,0,0
2024-04-01,97R,"NHS EAST SUSSEX",7311,16085.74,0,0
2024-04-01,A3A8R,"NHS NORTH EAST LONDON",7870,16738.18,0,0
2024-04-01,11M,"NHS GLOUCESTERSHIRE",7926,14784.73,0,0
2024-04-01,B2M3M,"NHS COVENTRY AND WARWICKSHIRE",7979,22439.07,0,0
2024-04-01,18C,"NHS HEREFORDSHIRE AND WORCESTERSHIRE",8028,18824.21,0,0
2024-04-01,92A,"NHS SURREY HEARTLANDS",8269,22931.75,0,0
2024-04-01,15C,"NHS BRISTOL, NORTH SOMERSET AND SOUTH GLOUCESTERSHIRE",8338,13571.95,0,0
2024-04-01,36L,"NHS SOUTH WEST LONDON",8394,15553.5,0,0
2024-04-01,92G,"NHS BATH AND NORTH EAST SOMERSET, SWINDON AND WILTSHIRE",8805,10456.36,0,0
2024-04-01,93C,"NHS NORTH CENTRAL LONDON",9018,18159.39,0,0
2024-04-01,71E,"NHS LINCOLNSHIRE",9240,24463.66,0,0
2024-04-01,15E,"NHS BIRMINGHAM AND SOLIHULL",9581,26348.44,0,0
2024-04-01,D2P2L,"NHS BLACK COUNTRY",9947,36044.39,0,0
2024-04-01,W2U3Z,"NHS NORTH WEST LONDON",11575,23249.83,0,0
2024-04-01,D9Y0V,"NHS HAMPSHIRE, SOUTHAMPTON AND ISLE OF WIGHT",11677,35217.4,0,0
2024-04-01,15M,"NHS DERBY AND DERBYSHIRE",11765,18435.81,0,0
2024-04-01,91Q,"NHS KENT AND MEDWAY",12553,36190.96,0,0
2024-04-01,26A,"NHS NORFOLK AND WAVENEY",13075,22674.96,0,0
2024-04-01,15N,"NHS DEVON",13594,23283.52,0,0
2024-05-01,09W,"NHS MEDWAY",0,0,0,0
2024-05-01,D4U1Y,"NHS FRIMLEY",150,205.88,0,0
2024-05-01,07G,"NHS THURROCK",472,1296.24,0,0
2024-05-01,02Q,"NHS BASSETLAW",842,1306.97,0,0
2024-05-01,02G,"NHS WEST LANCASHIRE",976,3726.54,0,0
2024-05-01,00V,"NHS BURY",1000,3376.47,0,0
2024-05-01,00N,"NHS SOUTH TYNESIDE",1010,3112.74,0,0
2024-05-01,05D,"NHS EAST STAFFORDSHIRE",1029,2950.75,0,0
2024-05-01,99F,"NHS CASTLE POINT AND ROCHFORD",1042,2720.41,0,0
2024-05-01,03H,"NHS NORTH EAST LINCOLNSHIRE",1045,3008.09,0,0
2024-05-01,03Q,"NHS VALE OF YORK",1176,2596.41,0,0
2024-05-01,01E,"NHS GREATER PRESTON",1178,4457.1,0,0
2024-05-01,04Y,"NHS CANNOCK CHASE",1180,3842.3,0,0
2024-05-01,00R,"NHS BLACKPOOL",1247,2945.01,0,0
2024-05-01,01D,"NHS HEYWOOD, MIDDLETON AND ROCHDALE",1258,3714.17,0,0
2024-05-01,00X,"NHS CHORLEY AND SOUTH RIBBLE",1266,3427.13,0,0
2024-05-01,05V,"NHS STAFFORD AND SURROUNDS",1272,12137.26,0,0
2024-05-01,99E,"NHS BASILDON AND BRENTWOOD",1307,2285.52,0,0
2024-05-01,02M,"NHS FYLDE AND WYRE",1358,4438.41,0,0
2024-05-01,03K,"NHS NORTH LINCOLNSHIRE",1402,3524.14,0,0
2024-05-01,02T,"NHS CALDERDALE",1541,4110.42,0,0
2024-05-01,05Q,"NHS SOUTH EAST STAFFORDSHIRE AND SEISDON PENINSULA",1583,4933.04,0,0
2024-05-01,99G,"NHS SOUTHEND",1614,3576.51,0,0
2024-05-01,01G,"NHS SALFORD",1658,4996.69,0,0
2024-05-01,00T,"NHS BOLTON",1671,5781.15,0,0
2024-05-01,10R,"NHS PORTSMOUTH",1700,4885.84,0,0
2024-05-01,01V,"NHS SOUTHPORT AND FORMBY",1743,4909.55,0,0
2024-05-01,03F,"NHS HULL",1806,7238.78,0,0
2024-05-01,00Y,"NHS OLDHAM",1831,5746.3,0,0
2024-05-01,02A,"NHS TRAFFORD",1854,3987.67,0,0
2024-05-01,07K,"NHS WEST SUFFOLK",1867,3485.5,0,0
2024-05-01,02Y,"NHS EAST RIDING OF YORKSHIRE",1871,5626.62,0,0
2024-05-01,01H,"NHS NORTH CUMBRIA",1877,5361.16,0,0
2024-05-01,01F,"NHS HALTON",1898,7571.86,0,0
2024-05-01,99C,"NHS NORTH TYNESIDE",1910,3865.31,0,0
2024-05-01,02X,"NHS DONCASTER",1916,4159.59,0,0
2024-05-01,07H,"NHS WEST ESSEX",1940,4505.86,0,0
2024-05-01,00P,"NHS SUNDERLAND",2014,5091.76,0,0
2024-05-01,00Q,"NHS BLACKBURN WITH DARWEN",2018,5982.55,0,0
2024-05-01,05G,"NHS NORTH STAFFORDSHIRE",2077,6427.34,0,0
2024-05-01,03L,"NHS ROTHERHAM",2158,4424.16,0,0
2024-05-01,02E,"NHS WARRINGTON",2220,8155.1,0,0
2024-05-01,01J,"NHS KNOWSLEY",2235,6905.43,0,0
2024-05-01,01T,"NHS SOUTH SEFTON",2235,7680.32,0,0
2024-05-01,U2G6B,"NHS THAMES VALLEY ICB - U2G6B",2330,6944.75,0,0
2024-05-01,00L,"NHS NORTHUMBERLAND",2460,6774.25,0,0
2024-05-01,15A,"NHS BERKSHIRE WEST",2482,6459.9,0,0
2024-05-01,01A,"NHS EAST LANCASHIRE",2502,10231.36,0,0
2024-05-01,01K,"NHS MORECAMBE BAY",2563,6650.38,0,0
2024-05-01,01Y,"NHS TAMESIDE AND GLOSSOP",2626,6269.76,0,0
2024-05-01,05W,"NHS STOKE ON TRENT",2672,5941.43,0,0
2024-05-01,03W,"NHS EAST LEICESTERSHIRE AND RUTLAND",2843,7137.94,0,0
2024-05-01,14Y,"NHS BUCKINGHAMSHIRE",2869,13197.67,0,0
2024-05-01,02H,"NHS WIGAN BOROUGH",2878,11967.41,0,0
2024-05-01,01W,"NHS STOCKPORT",3020,7162.95,0,0
2024-05-01,02P,"NHS BARNSLEY",3106,8266.37,0,0
2024-05-01,03R,"NHS WAKEFIELD",3301,9563.31,0,0
2024-05-01,04C,"NHS LEICESTER CITY",3365,8937.86,0,0
2024-05-01,X2C4Y,"NHS KIRKLEES",3411,8124.02,0,0
2024-05-01,06Q,"NHS MID ESSEX",3502,9236.99,0,0
2024-05-01,06N,"NHS HERTS VALLEYS",3594,9558.48,0,0
2024-05-01,42D,"NHS NORTH YORKSHIRE",3607,8626.87,0,0
2024-05-01,10Q,"NHS OXFORDSHIRE",3615,11601.58,0,0
2024-05-01,06L,"NHS IPSWICH AND EAST SUFFOLK",3645,6236.79,0,0
2024-05-01,06K,"NHS EAST AND NORTH HERTFORDSHIRE",3973,9553.4,0,0
2024-05-01,01X,"NHS ST HELENS",4014,15076.88,0,0
2024-05-01,15F,"NHS LEEDS",4062,9849.75,0,0
2024-05-01,84H,"NHS COUNTY DURHAM",4130,8291.06,0,0
2024-05-01,13T,"NHS NEWCASTLE GATESHEAD",4250,7925.94,0,0
2024-05-01,36J,"NHS BRADFORD DISTRICT AND CRAVEN",4286,14946.75,0,0
2024-05-01,09D,"NHS BRIGHTON AND HOVE",4350,6371.32,0,0
2024-05-01,M2L0M,"NHS SHROPSHIRE, TELFORD AND WREKIN",4457,12536.36,0,0
2024-05-01,04V,"NHS WEST LEICESTERSHIRE",4461,10865.86,0,0
2024-05-01,12F,"NHS WIRRAL",4605,9387.25,0,0
2024-05-01,16C,"NHS TEES VALLEY",4852,15192.92,0,0
2024-05-01,06T,"NHS NORTH EAST ESSEX",5107,10857.44,0,0
2024-05-01,14L,"NHS MANCHESTER",5295,10234.29,0,0
2024-05-01,03N,"NHS SHEFFIELD",5450,10743.24,0,0
2024-05-01,11X,"NHS SOMERSET",5461,11790.06,0,0
2024-05-01,27D,"NHS CHESHIRE",5987,14400.56,0,0
2024-05-01,78H,"NHS NORTHAMPTONSHIRE",6396,11335.49,0,0
2024-05-01,06H,"NHS CAMBRIDGESHIRE AND PETERBOROUGH",6544,11200.48,0,0
2024-05-01,52R,"NHS NOTTINGHAM AND NOTTINGHAMSHIRE",6601,15507.73,0,0
2024-05-01,70F,"NHS WEST SUSSEX",6670,14100.2,0,0
2024-05-01,72Q,"NHS SOUTH EAST LONDON",6783,14061.46,0,0
2024-05-01,11N,"NHS CORNWALL AND THE ISLES OF SCILLY",6797,8552.92,0,0
2024-05-01,M1J4Y,"NHS BEDFORDSHIRE, LUTON AND MILTON KEYNES",6845,15750.04,0,0
2024-05-01,97R,"NHS EAST SUSSEX",7442,16539.51,0,0
2024-05-01,99A,"NHS LIVERPOOL",7650,17974.69,0,0
2024-05-01,11J,"NHS DORSET",7653,11499.33,0,0
2024-05-01,11M,"NHS GLOUCESTERSHIRE",8039,12073.75,0,0
2024-05-01,A3A8R,"NHS NORTH EAST LONDON",8107,16078.75,0,0
2024-05-01,B2M3M,"NHS COVENTRY AND WARWICKSHIRE",8181,25243.09,0,0
2024-05-01,18C,"NHS HEREFORDSHIRE AND WORCESTERSHIRE",8192,16422.47,0,0
2024-05-01,92A,"NHS SURREY HEARTLANDS",8589,21840.74,0,0
2024-05-01,15C,"NHS BRISTOL, NORTH SOMERSET AND SOUTH GLOUCESTERSHIRE",8634,13151.38,0,0
2024-05-01,36L,"NHS SOUTH WEST LONDON",8792,15687.18,0,0
2024-05-01,92G,"NHS BATH AND NORTH EAST SOMERSET, SWINDON AND WILTSHIRE",9016,10535.8,0,0
2024-05-01,71E,"NHS LINCOLNSHIRE",9038,22762.6,0,0
2024-05-01,93C,"NHS NORTH CENTRAL LONDON",9246,18631.73,0,0
2024-05-01,15E,"NHS BIRMINGHAM AND SOLIHULL",9840,26005.03,0,0
2024-05-01,D2P2L,"NHS BLACK COUNTRY",10344,39905.93,0,0
2024-05-01,W2U3Z,"NHS NORTH WEST LONDON",11574,31732.22,0,0
2024-05-01,D9Y0V,"NHS HAMPSHIRE, SOUTHAMPTON AND ISLE OF WIGHT",12155,34141.53,0,0
2024-05-01,15M,"NHS DERBY AND DERBYSHIRE",12413,18687.78,0,0
2024-05-01,91Q,"NHS KENT AND MEDWAY",12709,36796.61,0,0
2024-05-01,26A,"NHS NORFOLK AND WAVENEY",13661,22130.53,0,0
2024-05-01,15N,"NHS DEVON",13961,23520.77,0,0
2024-06-01,09W,"NHS MEDWAY",0,0,0,0
2024-06-01,D4U1Y,"NHS FRIMLEY",140,119.29,0,0
2024-06-01,07G,"NHS THURROCK",430,1617.49,0,0
2024-06-01,02Q,"NHS BASSETLAW",810,1363.49,0,0
2024-06-01,00N,"NHS SOUTH TYNESIDE",884,2955.72,0,0
2024-06-01,02G,"NHS WEST LANCASHIRE",884,3468.67,0,0
2024-06-01,00V,"NHS BURY",890,2834.67,0,0
2024-06-01,03H,"NHS NORTH EAST LINCOLNSHIRE",898,2345.35,0,0
2024-06-01,05D,"NHS EAST STAFFORDSHIRE",953,3002.87,0,0
2024-06-01,99F,"NHS CASTLE POINT AND ROCHFORD",973,2512.26,0,0
2024-06-01,04Y,"NHS CANNOCK CHASE",1083,4301.04,0,0
2024-06-01,03Q,"NHS VALE OF YORK",1107,2794.57,0,0
2024-06-01,01E,"NHS GREATER PRESTON",1118,4103.4,0,0
2024-06-01,00R,"NHS BLACKPOOL",1123,2962.62,0,0
2024-06-01,05V,"NHS STAFFORD AND SURROUNDS",1126,7164.02,0,0
2024-06-01,01D,"NHS HEYWOOD, MIDDLETON AND ROCHDALE",1139,3401.01,0,0
2024-06-01,00X,"NHS CHORLEY AND SOUTH RIBBLE",1189,3077.11,0,0
2024-06-01,99E,"NHS BASILDON AND BRENTWOOD",1237,2721.61,0,0
2024-06-01,03K,"NHS NORTH LINCOLNSHIRE",1262,2798.03,0,0
2024-06-01,02M,"NHS FYLDE AND WYRE",1264,3374.29,0,0
2024-06-01,02T,"NHS CALDERDALE",1390,3856.27,0,0
2024-06-01,99G,"NHS SOUTHEND",1414,2544.49,0,0
2024-06-01,00T,"NHS BOLTON",1421,5421.7,0,0
2024-06-01,01G,"NHS SALFORD",1494,3965.21,0,0
2024-06-01,05Q,"NHS SOUTH EAST STAFFORDSHIRE AND SEISDON PENINSULA",1508,5254.75,0,0
2024-06-01,01V,"NHS SOUTHPORT AND FORMBY",1599,4527.94,0,0
2024-06-01,10R,"NHS PORTSMOUTH",1633,3547.46,0,0
2024-06-01,01H,"NHS NORTH CUMBRIA",1639,4907.75,0,0
2024-06-01,03F,"NHS HULL",1712,4489.09,0,0
2024-06-01,00Y,"NHS OLDHAM",1717,5936.01,0,0
2024-06-01,02A,"NHS TRAFFORD",1718,3653.69,0,0
2024-06-01,99C,"NHS NORTH TYNESIDE",1763,3751.69,0,0
2024-06-01,00Q,"NHS BLACKBURN WITH DARWEN",1771,5899.28,0,0
2024-06-01,02X,"NHS DONCASTER",1775,3481.16,0,0
2024-06-01,02Y,"NHS EAST RIDING OF YORKSHIRE",1817,5398.33,0,0
2024-06-01,01F,"NHS HALTON",1825,6502.99,0,0
2024-06-01,07K,"NHS WEST SUFFOLK",1841,3759.13,0,0
2024-06-01,07H,"NHS WEST ESSEX",1848,3788.52,0,0
2024-06-01,00P,"NHS SUNDERLAND",1918,4647.72,0,0
2024-06-01,01T,"NHS SOUTH SEFTON",1981,6449.18,0,0
2024-06-01,05G,"NHS NORTH STAFFORDSHIRE",1998,6761.87,0,0
2024-06-01,01J,"NHS KNOWSLEY",2079,7100.86,0,0
2024-06-01,03L,"NHS ROTHERHAM",2097,4097.28,0,0
2024-06-01,02E,"NHS WARRINGTON",2105,7806.72,0,0
2024-06-01,U2G6B,"NHS THAMES VALLEY ICB - U2G6B",2136,5991.72,0,0
2024-06-01,01A,"NHS EAST LANCASHIRE",2293,8790.07,0,0
2024-06-01,15A,"NHS BERKSHIRE WEST",2293,5604.91,0,0
2024-06-01,00L,"NHS NORTHUMBERLAND",2300,4995.07,0,0
2024-06-01,05W,"NHS STOKE ON TRENT",2366,4982.23,0,0
2024-06-01,01K,"NHS MORECAMBE BAY",2369,7086.17,0,0
2024-06-01,01Y,"NHS TAMESIDE AND GLOSSOP",2488,6668.29,0,0
2024-06-01,14Y,"NHS BUCKINGHAMSHIRE",2636,13200.09,0,0
2024-06-01,02H,"NHS WIGAN BOROUGH",2667,9451.13,0,0
2024-06-01,01W,"NHS STOCKPORT",2711,6482.83,0,0
2024-06-01,03W,"NHS EAST LEICESTERSHIRE AND RUTLAND",2789,6389.63,0,0
2024-06-01,02P,"NHS BARNSLEY",2813,7875.75,0,0
2024-06-01,03R,"NHS WAKEFIELD",2897,7990.3,0,0
2024-06-01,04C,"NHS LEICESTER CITY",3155,7274.87,0,0
2024-06-01,X2C4Y,"NHS KIRKLEES",3166,9845.48,0,0
2024-06-01,06Q,"NHS MID ESSEX",3213,7399.39,0,0
2024-06-01,10Q,"NHS OXFORDSHIRE",3288,11200.18,0,0
2024-06-01,42D,"NHS NORTH YORKSHIRE",3376,8217.76,0,0
2024-06-01,06L,"NHS IPSWICH AND EAST SUFFOLK",3421,5488.91,0,0
2024-06-01,06N,"NHS HERTS VALLEYS",3469,11144.7,0,0
2024-06-01,06K,"NHS EAST AND NORTH HERTFORDSHIRE",3735,8777.71,0,0
2024-06-01,01X,"NHS ST HELENS",3751,13953.04,0,0
2024-06-01,36J,"NHS BRADFORD DISTRICT AND CRAVEN",3780,13292.11,0,0
2024-06-01,15F,"NHS LEEDS",3813,8833.54,0,0
2024-06-01,84H,"NHS COUNTY DURHAM",3896,7774.96,0,0
2024-06-01,13T,"NHS NEWCASTLE GATESHEAD",3947,7904.2,0,0
2024-06-01,09D,"NHS BRIGHTON AND HOVE",3957,5754.95,0,0
2024-06-01,M2L0M,"NHS SHROPSHIRE, TELFORD AND WREKIN",4003,12372.25,0,0
2024-06-01,04V,"NHS WEST LEICESTERSHIRE",4205,10806.27,0,0
2024-06-01,12F,"NHS WIRRAL",4322,8280.3,0,0
2024-06-01,16C,"NHS TEES VALLEY",4406,11816.58,0,0
2024-06-01,06T,"NHS NORTH EAST ESSEX",4730,9394.72,0,0
2024-06-01,14L,"NHS MANCHESTER",4918,8837.8,0,0
2024-06-01,03N,"NHS SHEFFIELD",4951,7939.49,0,0
2024-06-01,11X,"NHS SOMERSET",5104,14945.75,0,0
2024-06-01,27D,"NHS CHESHIRE",5651,14031.81,0,0
2024-06-01,78H,"NHS NORTHAMPTONSHIRE",5785,10440.39,0,0
2024-06-01,70F,"NHS WEST SUSSEX",6002,12450.87,0,0
2024-06-01,52R,"NHS NOTTINGHAM AND NOTTINGHAMSHIRE",6086,12599.38,0,0
2024-06-01,06H,"NHS CAMBRIDGESHIRE AND PETERBOROUGH",6140,11405.05,0,0
2024-06-01,72Q,"NHS SOUTH EAST LONDON",6194,14304.57,0,0
2024-06-01,M1J4Y,"NHS BEDFORDSHIRE, LUTON AND MILTON KEYNES",6388,14624.13,0,0
2024-06-01,11N,"NHS CORNWALL AND THE ISLES OF SCILLY",6562,8989.54,0,0
2024-06-01,11J,"NHS DORSET",6865,10620.41,0,0
2024-06-01,99A,"NHS LIVERPOOL",6899,15168.71,0,0
2024-06-01,97R,"NHS EAST SUSSEX",6903,16230.84,0,0
2024-06-01,B2M3M,"NHS COVENTRY AND WARWICKSHIRE",7323,22670.23,0,0
2024-06-01,11M,"NHS GLOUCESTERSHIRE",7393,13114.55,0,0
2024-06-01,18C,"NHS HEREFORDSHIRE AND WORCESTERSHIRE",7470,15095.21,0,0
2024-06-01,A3A8R,"NHS NORTH EAST LONDON",7579,14301.24,0,0
2024-06-01,92A,"NHS SURREY HEARTLANDS",7916,21823.85,0,0
2024-06-01,36L,"NHS SOUTH WEST LONDON",8107,14007.53,0,0
2024-06-01,15C,"NHS BRISTOL, NORTH SOMERSET AND SOUTH GLOUCESTERSHIRE",8133,12940.27,0,0
2024-06-01,92G,"NHS BATH AND NORTH EAST SOMERSET, SWINDON AND WILTSHIRE",8550,10831.08,0,0
2024-06-01,71E,"NHS LINCOLNSHIRE",8584,21965.72,0,0
2024-06-01,93C,"NHS NORTH CENTRAL LONDON",8751,16412.95,0,0
2024-06-01,15E,"NHS BIRMINGHAM AND SOLIHULL",9047,23040.13,0,0
2024-06-01,D2P2L,"NHS BLACK COUNTRY",9318,32184.1,0,0
2024-06-01,W2U3Z,"NHS NORTH WEST LONDON",10910,23607.3,0,0
2024-06-01,D9Y0V,"NHS HAMPSHIRE, SOUTHAMPTON AND ISLE OF WIGHT",11246,32330.47,0,0
2024-06-01,15M,"NHS DERBY AND DERBYSHIRE",11486,14929.55,0,0
2024-06-01,91Q,"NHS KENT AND MEDWAY",11699,31866.6,0,0
2024-06-01,26A,"NHS NORFOLK AND WAVENEY",12371,21024.69,0,0
2024-06-01,15N,"NHS DEVON",12999,23141.18,0,0
2024-07-01,09W,"NHS MEDWAY",0,0,0,0
2024-07-01,D4U1Y,"NHS FRIMLEY",139,102.16,0,0
2024-07-01,07G,"NHS THURROCK",486,1968.65,0,0
2024-07-01,02Q,"NHS BASSETLAW",853,1324.8,0,0
2024-07-01,00N,"NHS SOUTH TYNESIDE",953,2967.43,0,0
2024-07-01,00V,"NHS BURY",968,3351.15,0,0
2024-07-01,02G,"NHS WEST LANCASHIRE",974,3741.12,0,0
2024-07-01,99F,"NHS CASTLE POINT AND ROCHFORD",1022,2390.56,0,0
2024-07-01,05D,"NHS EAST STAFFORDSHIRE",1027,3580.7,0,0
2024-07-01,03H,"NHS NORTH EAST LINCOLNSHIRE",1032,2824.92,0,0
2024-07-01,03Q,"NHS VALE OF YORK",1151,2685.97,0,0
2024-07-01,04Y,"NHS CANNOCK CHASE",1186,4016.05,0,0
2024-07-01,00X,"NHS CHORLEY AND SOUTH RIBBLE",1261,3463.59,0,0
2024-07-01,01E,"NHS GREATER PRESTON",1261,4458.7,0,0
2024-07-01,00R,"NHS BLACKPOOL",1264,3698.38,0,0
2024-07-01,01D,"NHS HEYWOOD, MIDDLETON AND ROCHDALE",1268,3016.15,0,0
2024-07-01,05V,"NHS STAFFORD AND SURROUNDS",1274,5377.9,0,0
2024-07-01,02M,"NHS FYLDE AND WYRE",1315,3412.94,0,0
2024-07-01,99E,"NHS BASILDON AND BRENTWOOD",1379,2788.41,0,0
2024-07-01,03K,"NHS NORTH LINCOLNSHIRE",1448,3546.42,0,0
2024-07-01,02T,"NHS CALDERDALE",1469,3624.26,0,0
2024-07-01,05Q,"NHS SOUTH EAST STAFFORDSHIRE AND SEISDON PENINSULA",1591,6038.39,0,0
2024-07-01,99G,"NHS SOUTHEND",1613,3081.1,0,0
2024-07-01,00T,"NHS BOLTON",1623,5839.35,0,0
2024-07-01,01G,"NHS SALFORD",1635,4401.7,0,0
2024-07-01,01V,"NHS SOUTHPORT AND FORMBY",1734,5218.24,0,0
2024-07-01,03F,"NHS HULL",1766,4938.71,0,0
2024-07-01,10R,"NHS PORTSMOUTH",1800,3561.36,0,0
2024-07-01,00Y,"NHS OLDHAM",1811,6481.07,0,0
2024-07-01,01H,"NHS NORTH CUMBRIA",1811,5651.21,0,0
2024-07-01,02X,"NHS DONCASTER",1824,3691.91,0,0
2024-07-01,00Q,"NHS BLACKBURN WITH DARWEN",1834,4767.66,0,0
2024-07-01,02A,"NHS TRAFFORD",1880,5745.62,0,0
2024-07-01,07H,"NHS WEST ESSEX",1907,5446.41,0,0
2024-07-01,07K,"NHS WEST SUFFOLK",1910,3747.01,0,0
2024-07-01,02Y,"NHS EAST RIDING OF YORKSHIRE",1928,6105.6,0,0
2024-07-01,01F,"NHS HALTON",1968,6942.29,0,0
2024-07-01,99C,"NHS NORTH TYNESIDE",1992,5253.69,0,0
2024-07-01,00P,"NHS SUNDERLAND",2080,5671.96,0,0
2024-07-01,05G,"NHS NORTH STAFFORDSHIRE",2084,6356.35,0,0
2024-07-01,02E,"NHS WARRINGTON",2221,7674.31,0,0
2024-07-01,03L,"NHS ROTHERHAM",2223,4656.52,0,0
2024-07-01,01J,"NHS KNOWSLEY",2263,6851.28,0,0
2024-07-01,01T,"NHS SOUTH SEFTON",2263,7582.73,0,0
2024-07-01,U2G6B,"NHS THAMES VALLEY ICB - U2G6B",2310,8017.09,0,0
2024-07-01,01A,"NHS EAST LANCASHIRE",2449,14834.42,0,0
2024-07-01,15A,"NHS BERKSHIRE WEST",2467,7001.18,0,0
2024-07-01,01K,"NHS MORECAMBE BAY",2506,6449.96,0,0
2024-07-01,00L,"NHS NORTHUMBERLAND",2508,5576.46,0,0
2024-07-01,05W,"NHS STOKE ON TRENT",2599,7818.18,0,0
2024-07-01,01Y,"NHS TAMESIDE AND GLOSSOP",2688,6421.19,0,0
2024-07-01,02H,"NHS WIGAN BOROUGH",2813,11229.77,0,0
2024-07-01,14Y,"NHS BUCKINGHAMSHIRE",2911,15214.46,0,0
2024-07-01,03W,"NHS EAST LEICESTERSHIRE AND RUTLAND",2935,7755.48,0,0
2024-07-01,01W,"NHS STOCKPORT",2964,7014.33,0,0
2024-07-01,02P,"NHS BARNSLEY",3108,8490.19,0,0
2024-07-01,06Q,"NHS MID ESSEX",3306,7993.78,0,0
2024-07-01,03R,"NHS WAKEFIELD",3317,10709.55,0,0
2024-07-01,04C,"NHS LEICESTER CITY",3430,9368.53,0,0
2024-07-01,X2C4Y,"NHS KIRKLEES",3459,12310.33,0,0
2024-07-01,06N,"NHS HERTS VALLEYS",3531,9852.65,0,0
2024-07-01,06L,"NHS IPSWICH AND EAST SUFFOLK",3580,6407.64,0,0
2024-07-01,10Q,"NHS OXFORDSHIRE",3639,12724.2,0,0
2024-07-01,42D,"NHS NORTH YORKSHIRE",3654,8407.5,0,0
2024-07-01,15F,"NHS LEEDS",4007,9620.2,0,0
2024-07-01,06K,"NHS EAST AND NORTH HERTFORDSHIRE",4106,9739.76,0,0
2024-07-01,84H,"NHS COUNTY DURHAM",4152,8321.52,0,0
2024-07-01,01X,"NHS ST HELENS",4173,16608.35,0,0
2024-07-01,36J,"NHS BRADFORD DISTRICT AND CRAVEN",4270,13911.41,0,0
2024-07-01,M2L0M,"NHS SHROPSHIRE, TELFORD AND WREKIN",4316,12741.11,0,0
2024-07-01,04V,"NHS WEST LEICESTERSHIRE",4326,11339.61,0,0
2024-07-01,13T,"NHS NEWCASTLE GATESHEAD",4390,8625.24,0,0
2024-07-01,09D,"NHS BRIGHTON AND HOVE",4419,6232.91,0,0
2024-07-01,12F,"NHS WIRRAL",4703,10029.19,0,0
2024-07-01,16C,"NHS TEES VALLEY",4864,15210.63,0,0
2024-07-01,06T,"NHS NORTH EAST ESSEX",5211,10448.14,0,0
2024-07-01,03N,"NHS SHEFFIELD",5238,9373.77,0,0
2024-07-01,14L,"NHS MANCHESTER",5276,10386.31,0,0
2024-07-01,11X,"NHS SOMERSET",5332,19322.51,0,0
2024-07-01,27D,"NHS CHESHIRE",6012,16173.24,0,0
2024-07-01,78H,"NHS NORTHAMPTONSHIRE",6291,10936.64,0,0
2024-07-01,70F,"NHS WEST SUSSEX",6538,13847.25,0,0
2024-07-01,52R,"NHS NOTTINGHAM AND NOTTINGHAMSHIRE",6539,15791.29,0,0
2024-07-01,06H,"NHS CAMBRIDGESHIRE AND PETERBOROUGH",6634,12589.78,0,0
2024-07-01,72Q,"NHS SOUTH EAST LONDON",6706,15456.5,0,0
2024-07-01,11N,"NHS CORNWALL AND THE ISLES OF SCILLY",6820,10169.4,0,0
2024-07-01,M1J4Y,"NHS BEDFORDSHIRE, LUTON AND MILTON KEYNES",6918,19206.03,0,0
2024-07-01,97R,"NHS EAST SUSSEX",7429,17834.31,0,0
2024-07-01,11J,"NHS DORSET",7437,11332.61,0,0
2024-07-01,99A,"NHS LIVERPOOL",7910,17747.55,0,0
2024-07-01,18C,"NHS HEREFORDSHIRE AND WORCESTERSHIRE",8138,18047.19,0,0
2024-07-01,11M,"NHS GLOUCESTERSHIRE",8173,13773.45,0,0
2024-07-01,B2M3M,"NHS COVENTRY AND WARWICKSHIRE",8229,24059.73,0,0
2024-07-01,A3A8R,"NHS NORTH EAST LONDON",8254,15958.59,0,0
2024-07-01,15C,"NHS BRISTOL, NORTH SOMERSET AND SOUTH GLOUCESTERSHIRE",8623,13916.7,0,0
2024-07-01,92A,"NHS SURREY HEARTLANDS",8659,23423.37,0,0
2024-07-01,36L,"NHS SOUTH WEST LONDON",8819,16189.05,0,0
2024-07-01,71E,"NHS LINCOLNSHIRE",9229,22391.25,0,0
2024-07-01,93C,"NHS NORTH CENTRAL LONDON",9400,20045.58,0,0
2024-07-01,92G,"NHS BATH AND NORTH EAST SOMERSET, SWINDON AND WILTSHIRE",9406,12550.71,0,0
2024-07-01,15E,"NHS BIRMINGHAM AND SOLIHULL",9903,29146.41,0,0
2024-07-01,D2P2L,"NHS BLACK COUNTRY",10187,35231.43,0,0
2024-07-01,W2U3Z,"NHS NORTH WEST LONDON",11949,26994.52,0,0
2024-07-01,D9Y0V,"NHS HAMPSHIRE, SOUTHAMPTON AND ISLE OF WIGHT",12084,33804.58,0,0
2024-07-01,15M,"NHS DERBY AND DERBYSHIRE",12174,16031.47,0,0
2024-07-01,91Q,"NHS KENT AND MEDWAY",12896,34899.98,0,0
2024-07-01,26A,"NHS NORFOLK AND WAVENEY",13523,22054.5,0,0
2024-07-01,15N,"NHS DEVON",14103,25587.19,0,0
2024-08-01,09W,"NHS MEDWAY",0,0,0,0
2024-08-01,D4U1Y,"NHS FRIMLEY",127,130.41,0,0
2024-08-01,07G,"NHS THURROCK",467,1788.8,0,0
2024-08-01,02Q,"NHS BASSETLAW",875,1392.7,0,0
2024-08-01,02G,"NHS WEST LANCASHIRE",920,2964.43,0,0
2024-08-01,00V,"NHS BURY",927,2644.76,0,0
2024-08-01,00N,"NHS SOUTH TYNESIDE",934,3194.03,0,0
2024-08-01,99F,"NHS CASTLE POINT AND ROCHFORD",935,2173.97,0,0
2024-08-01,05D,"NHS EAST STAFFORDSHIRE",958,3367.07,0,0
2024-08-01,03H,"NHS NORTH EAST LINCOLNSHIRE",972,2848.69,0,0
2024-08-01,04Y,"NHS CANNOCK CHASE",1100,4356.31,0,0
2024-08-01,03Q,"NHS VALE OF YORK",1144,2891.28,0,0
2024-08-01,00R,"NHS BLACKPOOL",1159,2753.74,0,0
2024-08-01,01E,"NHS GREATER PRESTON",1200,4545.03,0,0
2024-08-01,01D,"NHS HEYWOOD, MIDDLETON AND ROCHDALE",1204,3535.61,0,0
2024-08-01,05V,"NHS STAFFORD AND SURROUNDS",1206,3418.14,0,0
2024-08-01,00X,"NHS CHORLEY AND SOUTH RIBBLE",1247,3481.46,0,0
2024-08-01,99E,"NHS BASILDON AND BRENTWOOD",1248,2267.5,0,0
2024-08-01,02M,"NHS FYLDE AND WYRE",1307,4335.86,0,0
2024-08-01,03K,"NHS NORTH LINCOLNSHIRE",1333,3326.99,0,0
2024-08-01,02T,"NHS CALDERDALE",1447,3301.94,0,0
2024-08-01,05Q,"NHS SOUTH EAST STAFFORDSHIRE AND SEISDON PENINSULA",1534,5708.57,0,0
2024-08-01,99G,"NHS SOUTHEND",1564,2513.05,0,0
2024-08-01,01G,"NHS SALFORD",1597,4589.18,0,0
2024-08-01,10R,"NHS PORTSMOUTH",1664,3526.87,0,0
2024-08-01,00T,"NHS BOLTON",1697,6082.12,0,0
2024-08-01,00Y,"NHS OLDHAM",1697,5225.55,0,0
2024-08-01,01V,"NHS SOUTHPORT AND FORMBY",1726,4341.1,0,0
2024-08-01,03F,"NHS HULL",1726,5629.23,0,0
2024-08-01,01H,"NHS NORTH CUMBRIA",1736,4826.65,0,0
2024-08-01,02A,"NHS TRAFFORD",1793,4554.02,0,0
2024-08-01,02X,"NHS DONCASTER",1835,3703.83,0,0
2024-08-01,02Y,"NHS EAST RIDING OF YORKSHIRE",1861,5411.29,0,0
2024-08-01,99C,"NHS NORTH TYNESIDE",1867,4895.56,0,0
2024-08-01,07H,"NHS WEST ESSEX",1896,5041.8,0,0
2024-08-01,00P,"NHS SUNDERLAND",1902,5440.94,0,0
2024-08-01,07K,"NHS WEST SUFFOLK",1943,3817.26,0,0
2024-08-01,00Q,"NHS BLACKBURN WITH DARWEN",1979,6483.99,0,0
2024-08-01,01F,"NHS HALTON",1990,6737.75,0,0
2024-08-01,03L,"NHS ROTHERHAM",2053,4468.25,0,0
2024-08-01,05G,"NHS NORTH STAFFORDSHIRE",2057,6400.54,0,0
2024-08-01,02E,"NHS WARRINGTON",2146,7909.38,0,0
2024-08-01,01J,"NHS KNOWSLEY",2147,8004.55,0,0
2024-08-01,01T,"NHS SOUTH SEFTON",2151,8634.2,0,0
2024-08-01,U2G6B,"NHS THAMES VALLEY ICB - U2G6B",2274,8334.9,0,0
2024-08-01,01K,"NHS MORECAMBE BAY",2349,6226.17,0,0
2024-08-01,01A,"NHS EAST LANCASHIRE",2377,11301.92,0,0
2024-08-01,15A,"NHS BERKSHIRE WEST",2391,7067.89,0,0
2024-08-01,05W,"NHS STOKE ON TRENT",2461,5746.2,0,0
2024-08-01,00L,"NHS NORTHUMBERLAND",2527,6402.98,0,0
2024-08-01,01Y,"NHS TAMESIDE AND GLOSSOP",2586,5615,0,0
2024-08-01,14Y,"NHS BUCKINGHAMSHIRE",2731,17589.2,0,0
2024-08-01,02H,"NHS WIGAN BOROUGH",2759,10333.89,0,0
2024-08-01,03W,"NHS EAST LEICESTERSHIRE AND RUTLAND",2862,7688.7,0,0
2024-08-01,01W,"NHS STOCKPORT",2942,7459.66,0,0
2024-08-01,02P,"NHS BARNSLEY",2972,8300.7,0,0
2024-08-01,03R,"NHS WAKEFIELD",3158,8394.57,0,0
2024-08-01,06Q,"NHS MID ESSEX",3238,7026.91,0,0
2024-08-01,04C,"NHS LEICESTER CITY",3330,8004.09,0,0
2024-08-01,X2C4Y,"NHS KIRKLEES",3340,11073.88,0,0
2024-08-01,10Q,"NHS OXFORDSHIRE",3497,12895.77,0,0
2024-08-01,06L,"NHS IPSWICH AND EAST SUFFOLK",3518,6076.28,0,0
2024-08-01,42D,"NHS NORTH YORKSHIRE",3518,8555.58,0,0
2024-08-01,06N,"NHS HERTS VALLEYS",3631,10758.23,0,0
2024-08-01,06K,"NHS EAST AND NORTH HERTFORDSHIRE",3874,8690.73,0,0
2024-08-01,01X,"NHS ST HELENS",3878,14637.25,0,0
2024-08-01,15F,"NHS LEEDS",4050,9607.7,0,0
2024-08-01,84H,"NHS COUNTY DURHAM",4073,8777.54,0,0
2024-08-01,13T,"NHS NEWCASTLE GATESHEAD",4125,7924.93,0,0
2024-08-01,36J,"NHS BRADFORD DISTRICT AND CRAVEN",4296,19788.24,0,0
2024-08-01,09D,"NHS BRIGHTON AND HOVE",4330,5425.94,0,0
2024-08-01,M2L0M,"NHS SHROPSHIRE, TELFORD AND WREKIN",4364,14792.54,0,0
2024-08-01,04V,"NHS WEST LEICESTERSHIRE",4388,10700.06,0,0
2024-08-01,12F,"NHS WIRRAL",4417,8049.9,0,0
2024-08-01,16C,"NHS TEES VALLEY",4841,14248.68,0,0
2024-08-01,03N,"NHS SHEFFIELD",4961,8633.39,0,0
2024-08-01,06T,"NHS NORTH EAST ESSEX",5060,9496.04,0,0
2024-08-01,14L,"NHS MANCHESTER",5074,10470.89,0,0
2024-08-01,11X,"NHS SOMERSET",5348,11690.76,0,0
2024-08-01,27D,"NHS CHESHIRE",5788,14018.03,0,0
2024-08-01,78H,"NHS NORTHAMPTONSHIRE",6161,11297.92,0,0
2024-08-01,70F,"NHS WEST SUSSEX",6246,14144.56,0,0
2024-08-01,72Q,"NHS SOUTH EAST LONDON",6281,12419.98,0,0
2024-08-01,06H,"NHS CAMBRIDGESHIRE AND PETERBOROUGH",6360,12311.94,0,0
2024-08-01,52R,"NHS NOTTINGHAM AND NOTTINGHAMSHIRE",6506,13516.29,0,0
2024-08-01,11N,"NHS CORNWALL AND THE ISLES OF SCILLY",6547,8959.08,0,0
2024-08-01,M1J4Y,"NHS BEDFORDSHIRE, LUTON AND MILTON KEYNES",6644,17248.65,0,0
2024-08-01,97R,"NHS EAST SUSSEX",7037,15534.55,0,0
2024-08-01,11J,"NHS DORSET",7097,13046.83,0,0
2024-08-01,99A,"NHS LIVERPOOL",7587,15807.64,0,0
2024-08-01,11M,"NHS GLOUCESTERSHIRE",7614,11996.25,0,0
2024-08-01,18C,"NHS HEREFORDSHIRE AND WORCESTERSHIRE",7838,17161.36,0,0
2024-08-01,B2M3M,"NHS COVENTRY AND WARWICKSHIRE",7914,23883.37,0,0
2024-08-01,A3A8R,"NHS NORTH EAST LONDON",7945,16128.87,0,0
2024-08-01,92A,"NHS SURREY HEARTLANDS",8277,19593.39,0,0
2024-08-01,15C,"NHS BRISTOL, NORTH SOMERSET AND SOUTH GLOUCESTERSHIRE",8342,14880.11,0,0
2024-08-01,36L,"NHS SOUTH WEST LONDON",8388,13882.41,0,0
2024-08-01,92G,"NHS BATH AND NORTH EAST SOMERSET, SWINDON AND WILTSHIRE",8683,10091.14,0,0
2024-08-01,71E,"NHS LINCOLNSHIRE",8870,20280.99,0,0
2024-08-01,93C,"NHS NORTH CENTRAL LONDON",8929,17600.38,0,0
2024-08-01,15E,"NHS BIRMINGHAM AND SOLIHULL",9500,26307.03,0,0
2024-08-01,D2P2L,"NHS BLACK COUNTRY",9761,33663.33,0,0
2024-08-01,W2U3Z,"NHS NORTH WEST LONDON",11241,19791.74,0,0
2024-08-01,D9Y0V,"NHS HAMPSHIRE, SOUTHAMPTON AND ISLE OF WIGHT",11771,31176.88,0,0
2024-08-01,15M,"NHS DERBY AND DERBYSHIRE",11960,15810.76,0,0
2024-08-01,91Q,"NHS KENT AND MEDWAY",12588,35923.65,0,0
2024-08-01,26A,"NHS NORFOLK AND WAVENEY",13096,22037.6,0,0
2024-08-01,15N,"NHS DEVON",13599,22563.73,0,0
2024-09-01,09W,"NHS MEDWAY",0,0,0,0
2024-09-01,D4U1Y,"NHS FRIMLEY",144,567.55,0,0
2024-09-01,07G,"NHS THURROCK",460,1651.07,0,0
2024-09-01,02Q,"NHS BASSETLAW",813,1873.85,0,0
2024-09-01,00N,"NHS SOUTH TYNESIDE",875,3317.06,0,0
2024-09-01,02G,"NHS WEST LANCASHIRE",892,2845.85,0,0
2024-09-01,00V,"NHS BURY",906,4199.4,0,0
2024-09-01,03H,"NHS NORTH EAST LINCOLNSHIRE",940,3192.64,0,0
2024-09-01,05D,"NHS EAST STAFFORDSHIRE",983,3474.85,0,0
2024-09-01,99F,"NHS CASTLE POINT AND ROCHFORD",989,3292.74,0,0
2024-09-01,03Q,"NHS VALE OF YORK",1112,3362.67,0,0
2024-09-01,04Y,"NHS CANNOCK CHASE",1132,6361.46,0,0
2024-09-01,00R,"NHS BLACKPOOL",1139,3037.66,0,0
2024-09-01,01D,"NHS HEYWOOD, MIDDLETON AND ROCHDALE",1156,4024.65,0,0
2024-09-01,05V,"NHS STAFFORD AND SURROUNDS",1184,12299.51,0,0
2024-09-01,01E,"NHS GREATER PRESTON",1189,4970.3,0,0
2024-09-01,00X,"NHS CHORLEY AND SOUTH RIBBLE",1195,5077.38,0,0
2024-09-01,02M,"NHS FYLDE AND WYRE",1226,3814.89,0,0
2024-09-01,99E,"NHS BASILDON AND BRENTWOOD",1268,2534.09,0,0
2024-09-01,02T,"NHS CALDERDALE",1376,3745.35,0,0
2024-09-01,03K,"NHS NORTH LINCOLNSHIRE",1378,4229.86,0,0
2024-09-01,00T,"NHS BOLTON",1509,6443.74,0,0
2024-09-01,05Q,"NHS SOUTH EAST STAFFORDSHIRE AND SEISDON PENINSULA",1516,5580.23,0,0
2024-09-01,99G,"NHS SOUTHEND",1565,3610.74,0,0
2024-09-01,01V,"NHS SOUTHPORT AND FORMBY",1576,6162.25,0,0
2024-09-01,00Y,"NHS OLDHAM",1586,5253.78,0,0
2024-09-01,01G,"NHS SALFORD",1587,4432.35,0,0
2024-09-01,10R,"NHS PORTSMOUTH",1633,3720.41,0,0
2024-09-01,01H,"NHS NORTH CUMBRIA",1663,5257.23,0,0
2024-09-01,02A,"NHS TRAFFORD",1684,3182.12,0,0
2024-09-01,03F,"NHS HULL",1718,4753.08,0,0
2024-09-01,02Y,"NHS EAST RIDING OF YORKSHIRE",1790,5695.93,0,0
2024-09-01,07H,"NHS WEST ESSEX",1790,4218.99,0,0
2024-09-01,02X,"NHS DONCASTER",1802,4848.53,0,0
2024-09-01,00Q,"NHS BLACKBURN WITH DARWEN",1810,5894.93,0,0
2024-09-01,99C,"NHS NORTH TYNESIDE",1825,5042.43,0,0
2024-09-01,01F,"NHS HALTON",1876,9112.25,0,0
2024-09-01,00P,"NHS SUNDERLAND",1891,5301.87,0,0
2024-09-01,05G,"NHS NORTH STAFFORDSHIRE",1909,6218.75,0,0
2024-09-01,07K,"NHS WEST SUFFOLK",1928,3958.17,0,0
2024-09-01,01J,"NHS KNOWSLEY",2001,8425.98,0,0
2024-09-01,01T,"NHS SOUTH SEFTON",2118,7196.26,0,0
2024-09-01,03L,"NHS ROTHERHAM",2120,5260.31,0,0
2024-09-01,U2G6B,"NHS THAMES VALLEY ICB - U2G6B",2217,9218.43,0,0
2024-09-01,02E,"NHS WARRINGTON",2259,11351.38,0,0
2024-09-01,15A,"NHS BERKSHIRE WEST",2294,6792.18,0,0
2024-09-01,01A,"NHS EAST LANCASHIRE",2335,9502.73,0,0
2024-09-01,00L,"NHS NORTHUMBERLAND",2369,6071.52,0,0
2024-09-01,01K,"NHS MORECAMBE BAY",2409,7178.59,0,0
2024-09-01,01Y,"NHS TAMESIDE AND GLOSSOP",2445,5690.31,0,0
2024-09-01,05W,"NHS STOKE ON TRENT",2448,6580.3,0,0
2024-09-01,02H,"NHS WIGAN BOROUGH",2637,10013.1,0,0
2024-09-01,03W,"NHS EAST LEICESTERSHIRE AND RUTLAND",2654,8090.07,0,0
2024-09-01,14Y,"NHS BUCKINGHAMSHIRE",2748,15116.27,0,0
2024-09-01,01W,"NHS STOCKPORT",2796,6960.35,0,0
2024-09-01,02P,"NHS BARNSLEY",2887,8935.57,0,0
2024-09-01,03R,"NHS WAKEFIELD",2992,10466.92,0,0
2024-09-01,04C,"NHS LEICESTER CITY",3116,10412.27,0,0
2024-09-01,X2C4Y,"NHS KIRKLEES",3163,10787.6,0,0
2024-09-01,10Q,"NHS OXFORDSHIRE",3266,14053.55,0,0
2024-09-01,06Q,"NHS MID ESSEX",3287,8340.04,0,0
2024-09-01,06N,"NHS HERTS VALLEYS",3369,10302.76,0,0
2024-09-01,06L,"NHS IPSWICH AND EAST SUFFOLK",3425,6622.98,0,0
2024-09-01,42D,"NHS NORTH YORKSHIRE",3480,8603.34,0,0
2024-09-01,06K,"NHS EAST AND NORTH HERTFORDSHIRE",3726,11437,0,0
2024-09-01,15F,"NHS LEEDS",3768,9273.6,0,0
2024-09-01,01X,"NHS ST HELENS",3895,15286.73,0,0
2024-09-01,13T,"NHS NEWCASTLE GATESHEAD",3957,7463.95,0,0
2024-09-01,84H,"NHS COUNTY DURHAM",3975,8927.42,0,0
2024-09-01,36J,"NHS BRADFORD DISTRICT AND CRAVEN",4027,13384.96,0,0
2024-09-01,M2L0M,"NHS SHROPSHIRE, TELFORD AND WREKIN",4088,14888.5,0,0
2024-09-01,09D,"NHS BRIGHTON AND HOVE",4167,5893.15,0,0
2024-09-01,04V,"NHS WEST LEICESTERSHIRE",4212,11681.15,0,0
2024-09-01,12F,"NHS WIRRAL",4339,9796.44,0,0
2024-09-01,16C,"NHS TEES VALLEY",4569,17667.09,0,0
2024-09-01,06T,"NHS NORTH EAST ESSEX",4804,11749.22,0,0
2024-09-01,03N,"NHS SHEFFIELD",4849,9772.42,0,0
2024-09-01,11X,"NHS SOMERSET",4953,12101.23,0,0
2024-09-01,14L,"NHS MANCHESTER",4979,10691,0,0
2024-09-01,27D,"NHS CHESHIRE",5696,16517.06,0,0
2024-09-01,78H,"NHS NORTHAMPTONSHIRE",5852,12700.46,0,0
2024-09-01,70F,"NHS WEST SUSSEX",6107,15853.58,0,0
2024-09-01,72Q,"NHS SOUTH EAST LONDON",6166,14409.81,0,0
2024-09-01,52R,"NHS NOTTINGHAM AND NOTTINGHAMSHIRE",6167,15904.87,0,0
2024-09-01,06H,"NHS CAMBRIDGESHIRE AND PETERBOROUGH",6185,14095.28,0,0
2024-09-01,11N,"NHS CORNWALL AND THE ISLES OF SCILLY",6358,12971.94,0,0
2024-09-01,M1J4Y,"NHS BEDFORDSHIRE, LUTON AND MILTON KEYNES",6489,20095.04,0,0
2024-09-01,11J,"NHS DORSET",6922,14457.14,0,0
2024-09-01,97R,"NHS EAST SUSSEX",7044,18543.87,0,0
2024-09-01,99A,"NHS LIVERPOOL",7123,17506.48,0,0
2024-09-01,11M,"NHS GLOUCESTERSHIRE",7401,13700.16,0,0
2024-09-01,B2M3M,"NHS COVENTRY AND WARWICKSHIRE",7508,25396.57,0,0
2024-09-01,18C,"NHS HEREFORDSHIRE AND WORCESTERSHIRE",7607,18361.49,0,0
2024-09-01,A3A8R,"NHS NORTH EAST LONDON",7680,17795.85,0,0
2024-09-01,15C,"NHS BRISTOL, NORTH SOMERSET AND SOUTH GLOUCESTERSHIRE",8030,19605.45,0,0
2024-09-01,92A,"NHS SURREY HEARTLANDS",8224,25390.34,0,0
2024-09-01,36L,"NHS SOUTH WEST LONDON",8283,18168.83,0,0
2024-09-01,92G,"NHS BATH AND NORTH EAST SOMERSET, SWINDON AND WILTSHIRE",8605,13703.48,0,0
2024-09-01,93C,"NHS NORTH CENTRAL LONDON",8751,20824.43,0,0
2024-09-01,71E,"NHS LINCOLNSHIRE",8768,23805.73,0,0
2024-09-01,15E,"NHS BIRMINGHAM AND SOLIHULL",9150,29961.61,0,0
2024-09-01,D2P2L,"NHS BLACK COUNTRY",9585,34907.91,0,0
2024-09-01,W2U3Z,"NHS NORTH WEST LONDON",10992,27447.61,0,0
2024-09-01,D9Y0V,"NHS HAMPSHIRE, SOUTHAMPTON AND ISLE OF WIGHT",11210,40904.39,0,0
2024-09-01,15M,"NHS DERBY AND DERBYSHIRE",11516,18694.53,0,0
2024-09-01,91Q,"NHS KENT AND MEDWAY",11853,35538.82,0,0
2024-09-01,26A,"NHS NORFOLK AND WAVENEY",12651,26960.3,0,0
2024-09-01,15N,"NHS DEVON",13364,25066.76,0,0
2024-10-01,09W,"NHS MEDWAY",0,0,0,0
2024-10-01,D4U1Y,"NHS FRIMLEY",113,111.05,0,0
2024-10-01,07G,"NHS THURROCK",460,2853.91,0,0
2024-10-01,02Q,"NHS BASSETLAW",878,3068.39,0,0
2024-10-01,00N,"NHS SOUTH TYNESIDE",944,3680.76,0,0
2024-10-01,00V,"NHS BURY",963,4083.62,0,0
2024-10-01,99F,"NHS CASTLE POINT AND ROCHFORD",985,4059.94,0,0
2024-10-01,03H,"NHS NORTH EAST LINCOLNSHIRE",986,3847.83,0,0
2024-10-01,05D,"NHS EAST STAFFORDSHIRE",1011,5147.39,0,0
2024-10-01,02G,"NHS WEST LANCASHIRE",1022,4631.29,0,0
2024-10-01,04Y,"NHS CANNOCK CHASE",1122,6317.56,0,0
2024-10-01,03Q,"NHS VALE OF YORK",1151,3495.49,0,0
2024-10-01,00R,"NHS BLACKPOOL",1200,4466.69,0,0
2024-10-01,01E,"NHS GREATER PRESTON",1230,5605.15,0,0
2024-10-01,00X,"NHS CHORLEY AND SOUTH RIBBLE",1233,5963.3,0,0
2024-10-01,01D,"NHS HEYWOOD, MIDDLETON AND ROCHDALE",1240,5359.03,0,0
2024-10-01,05V,"NHS STAFFORD AND SURROUNDS",1275,5271.28,0,0
2024-10-01,02M,"NHS FYLDE AND WYRE",1330,5415.77,0,0
2024-10-01,99E,"NHS BASILDON AND BRENTWOOD",1330,4723.84,0,0
2024-10-01,03K,"NHS NORTH LINCOLNSHIRE",1413,5285.13,0,0
2024-10-01,02T,"NHS CALDERDALE",1428,4827.6,0,0
2024-10-01,05Q,"NHS SOUTH EAST STAFFORDSHIRE AND SEISDON PENINSULA",1527,7456.98,0,0
2024-10-01,99G,"NHS SOUTHEND",1639,4325.59,0,0
2024-10-01,00T,"NHS BOLTON",1653,9187.77,0,0
2024-10-01,01G,"NHS SALFORD",1706,5763.43,0,0
2024-10-01,01V,"NHS SOUTHPORT AND FORMBY",1736,7280.24,0,0
2024-10-01,10R,"NHS PORTSMOUTH",1754,4634.25,0,0
2024-10-01,01H,"NHS NORTH CUMBRIA",1767,6380.6,0,0
2024-10-01,00Y,"NHS OLDHAM",1779,7060.18,0,0
2024-10-01,03F,"NHS HULL",1795,7090.26,0,0
2024-10-01,02X,"NHS DONCASTER",1830,7850.27,0,0
2024-10-01,07H,"NHS WEST ESSEX",1864,5704.51,0,0
2024-10-01,02A,"NHS TRAFFORD",1866,5345.44,0,0
2024-10-01,02Y,"NHS EAST RIDING OF YORKSHIRE",1884,7650.52,0,0
2024-10-01,99C,"NHS NORTH TYNESIDE",1909,5416.28,0,0
2024-10-01,00Q,"NHS BLACKBURN WITH DARWEN",1915,8702.99,0,0
2024-10-01,00P,"NHS SUNDERLAND",1995,6553.39,0,0
2024-10-01,05G,"NHS NORTH STAFFORDSHIRE",2000,7036.89,0,0
2024-10-01,01F,"NHS HALTON",2043,8174.17,0,0
2024-10-01,07K,"NHS WEST SUFFOLK",2058,5509.29,0,0
2024-10-01,03L,"NHS ROTHERHAM",2124,6627.93,0,0
2024-10-01,01J,"NHS KNOWSLEY",2225,8524.17,0,0
2024-10-01,01T,"NHS SOUTH SEFTON",2304,11303.46,0,0
2024-10-01,02E,"NHS WARRINGTON",2325,11860.91,0,0
2024-10-01,U2G6B,"NHS THAMES VALLEY ICB - U2G6B",2370,12418.56,0,0
2024-10-01,00L,"NHS NORTHUMBERLAND",2374,6771.36,0,0
2024-10-01,15A,"NHS BERKSHIRE WEST",2398,8675.97,0,0
2024-10-01,01A,"NHS EAST LANCASHIRE",2434,17835.1,0,0
2024-10-01,01K,"NHS MORECAMBE BAY",2495,10045.58,0,0
2024-10-01,05W,"NHS STOKE ON TRENT",2583,9265.5,0,0
2024-10-01,01Y,"NHS TAMESIDE AND GLOSSOP",2705,7994.93,0,0
2024-10-01,14Y,"NHS BUCKINGHAMSHIRE",2825,18138.5,0,0
2024-10-01,02H,"NHS WIGAN BOROUGH",2861,12129.95,0,0
2024-10-01,03W,"NHS EAST LEICESTERSHIRE AND RUTLAND",2959,12378.38,0,0
2024-10-01,01W,"NHS STOCKPORT",3065,8468,0,0
2024-10-01,02P,"NHS BARNSLEY",3165,10606.07,0,0
2024-10-01,03R,"NHS WAKEFIELD",3329,13358.84,0,0
2024-10-01,X2C4Y,"NHS KIRKLEES",3347,12754.68,0,0
2024-10-01,04C,"NHS LEICESTER CITY",3419,12906.76,0,0
2024-10-01,06Q,"NHS MID ESSEX",3540,10945.26,0,0
2024-10-01,42D,"NHS NORTH YORKSHIRE",3551,11098.6,0,0
2024-10-01,06L,"NHS IPSWICH AND EAST SUFFOLK",3587,9728.33,0,0
2024-10-01,10Q,"NHS OXFORDSHIRE",3590,18137.91,0,0
2024-10-01,06N,"NHS HERTS VALLEYS",3595,14651.38,0,0
2024-10-01,06K,"NHS EAST AND NORTH HERTFORDSHIRE",4071,14188.66,0,0
2024-10-01,15F,"NHS LEEDS",4077,14046.97,0,0
2024-10-01,09D,"NHS BRIGHTON AND HOVE",4083,6631.65,0,0
2024-10-01,84H,"NHS COUNTY DURHAM",4217,12046.71,0,0
2024-10-01,01X,"NHS ST HELENS",4229,20640.34,0,0
2024-10-01,13T,"NHS NEWCASTLE GATESHEAD",4267,14159.58,0,0
2024-10-01,M2L0M,"NHS SHROPSHIRE, TELFORD AND WREKIN",4377,19049.95,0,0
2024-10-01,36J,"NHS BRADFORD DISTRICT AND CRAVEN",4448,21294.75,0,0
2024-10-01,04V,"NHS WEST LEICESTERSHIRE",4452,16632.82,0,0
2024-10-01,12F,"NHS WIRRAL",4662,14160.45,0,0
2024-10-01,16C,"NHS TEES VALLEY",4782,16349.45,0,0
2024-10-01,06T,"NHS NORTH EAST ESSEX",5087,14299.6,0,0
2024-10-01,14L,"NHS MANCHESTER",5283,11459.34,0,0
2024-10-01,03N,"NHS SHEFFIELD",5342,14181.17,0,0
2024-10-01,11X,"NHS SOMERSET",5435,21950.71,0,0
2024-10-01,27D,"NHS CHESHIRE",5913,20061.1,0,0
2024-10-01,78H,"NHS NORTHAMPTONSHIRE",6285,19762.4,0,0
2024-10-01,72Q,"NHS SOUTH EAST LONDON",6356,18722.26,0,0
2024-10-01,52R,"NHS NOTTINGHAM AND NOTTINGHAMSHIRE",6498,19531.05,0,0
2024-10-01,70F,"NHS WEST SUSSEX",6508,22026.42,0,0
2024-10-01,06H,"NHS CAMBRIDGESHIRE AND PETERBOROUGH",6570,19189.59,0,0
2024-10-01,M1J4Y,"NHS BEDFORDSHIRE, LUTON AND MILTON KEYNES",6833,25481.16,0,0
2024-10-01,11N,"NHS CORNWALL AND THE ISLES OF SCILLY",6869,14852.78,0,0
2024-10-01,97R,"NHS EAST SUSSEX",7432,26647.83,0,0
2024-10-01,11J,"NHS DORSET",7456,19874.89,0,0
2024-10-01,99A,"NHS LIVERPOOL",7683,21999.76,0,0
2024-10-01,11M,"NHS GLOUCESTERSHIRE",7744,20887.96,0,0
2024-10-01,B2M3M,"NHS COVENTRY AND WARWICKSHIRE",8031,35500.52,0,0
2024-10-01,18C,"NHS HEREFORDSHIRE AND WORCESTERSHIRE",8087,24892.23,0,0
2024-10-01,A3A8R,"NHS NORTH EAST LONDON",8127,25247.14,0,0
2024-10-01,15C,"NHS BRISTOL, NORTH SOMERSET AND SOUTH GLOUCESTERSHIRE",8566,18647.94,0,0
2024-10-01,92A,"NHS SURREY HEARTLANDS",8580,31718.58,0,0
2024-10-01,36L,"NHS SOUTH WEST LONDON",8721,23043.41,0,0
2024-10-01,71E,"NHS LINCOLNSHIRE",9148,30726.53,0,0
2024-10-01,92G,"NHS BATH AND NORTH EAST SOMERSET, SWINDON AND WILTSHIRE",9191,20625.28,0,0
2024-10-01,93C,"NHS NORTH CENTRAL LONDON",9422,30769.81,0,0
2024-10-01,15E,"NHS BIRMINGHAM AND SOLIHULL",9789,37708.77,0,0
2024-10-01,D2P2L,"NHS BLACK COUNTRY",10003,46173.29,0,0
2024-10-01,W2U3Z,"NHS NORTH WEST LONDON",11925,37121.44,0,0
2024-10-01,D9Y0V,"NHS HAMPSHIRE, SOUTHAMPTON AND ISLE OF WIGHT",12041,51479.49,0,0
2024-10-01,15M,"NHS DERBY AND DERBYSHIRE",12218,26865.8,0,0
2024-10-01,91Q,"NHS KENT AND MEDWAY",12675,42357.63,0,0
2024-10-01,26A,"NHS NORFOLK AND WAVENEY",13290,38517.29,0,0
2024-10-01,15N,"NHS DEVON",14065,33709.82,0,0
2024-11-01,09W,"NHS MEDWAY",0,0,0,0
2024-11-01,D4U1Y,"NHS FRIMLEY",122,68.85,0,0
2024-11-01,07G,"NHS THURROCK",424,2216.17,0,0
2024-11-01,02Q,"NHS BASSETLAW",807,3014.78,0,0
2024-11-01,00N,"NHS SOUTH TYNESIDE",866,3556.6,0,0
2024-11-01,05D,"NHS EAST STAFFORDSHIRE",884,4194.6,0,0
2024-11-01,00V,"NHS BURY",899,4047.38,0,0
2024-11-01,02G,"NHS WEST LANCASHIRE",930,4544.83,0,0
2024-11-01,99F,"NHS CASTLE POINT AND ROCHFORD",953,3939.78,0,0
2024-11-01,03H,"NHS NORTH EAST LINCOLNSHIRE",994,5121.04,0,0
2024-11-01,04Y,"NHS CANNOCK CHASE",1099,7890.78,0,0
2024-11-01,03Q,"NHS VALE OF YORK",1100,3635.54,0,0
2024-11-01,01D,"NHS HEYWOOD, MIDDLETON AND ROCHDALE",1102,3720.97,0,0
2024-11-01,00R,"NHS BLACKPOOL",1127,3816.23,0,0
2024-11-01,01E,"NHS GREATER PRESTON",1138,4868.24,0,0
2024-11-01,05V,"NHS STAFFORD AND SURROUNDS",1143,4689.39,0,0
2024-11-01,00X,"NHS CHORLEY AND SOUTH RIBBLE",1182,6198.29,0,0
2024-11-01,02M,"NHS FYLDE AND WYRE",1221,5327.33,0,0
2024-11-01,99E,"NHS BASILDON AND BRENTWOOD",1272,3670.26,0,0
2024-11-01,03K,"NHS NORTH LINCOLNSHIRE",1319,4782.54,0,0
2024-11-01,02T,"NHS CALDERDALE",1321,3975.97,0,0
2024-11-01,99G,"NHS SOUTHEND",1496,6846.71,0,0
2024-11-01,00T,"NHS BOLTON",1502,8200.09,0,0
2024-11-01,05Q,"NHS SOUTH EAST STAFFORDSHIRE AND SEISDON PENINSULA",1508,8189.37,0,0
2024-11-01,01H,"NHS NORTH CUMBRIA",1586,5815.31,0,0
2024-11-01,01G,"NHS SALFORD",1602,7593.97,0,0
2024-11-01,00Y,"NHS OLDHAM",1616,6668.87,0,0
2024-11-01,02A,"NHS TRAFFORD",1649,4143.56,0,0
2024-11-01,01V,"NHS SOUTHPORT AND FORMBY",1657,6180.44,0,0
2024-11-01,10R,"NHS PORTSMOUTH",1662,4854.68,0,0
2024-11-01,02X,"NHS DONCASTER",1694,7089.03,0,0
2024-11-01,03F,"NHS HULL",1733,6416.14,0,0
2024-11-01,00Q,"NHS BLACKBURN WITH DARWEN",1752,9544.19,0,0
2024-11-01,00P,"NHS SUNDERLAND",1753,5718.1,0,0
2024-11-01,07H,"NHS WEST ESSEX",1821,4558.24,0,0
2024-11-01,99C,"NHS NORTH TYNESIDE",1837,5234.47,0,0
2024-11-01,02Y,"NHS EAST RIDING OF YORKSHIRE",1845,7371.78,0,0
2024-11-01,01F,"NHS HALTON",1860,7407.52,0,0
2024-11-01,07K,"NHS WEST SUFFOLK",1909,5277.9,0,0
2024-11-01,05G,"NHS NORTH STAFFORDSHIRE",1939,6732.54,0,0
2024-11-01,01J,"NHS KNOWSLEY",2130,8362.38,0,0
2024-11-01,03L,"NHS ROTHERHAM",2140,7698.38,0,0
2024-11-01,02E,"NHS WARRINGTON",2170,11010.09,0,0
2024-11-01,01T,"NHS SOUTH SEFTON",2192,8666.39,0,0
2024-11-01,15A,"NHS BERKSHIRE WEST",2240,8912.92,0,0
2024-11-01,01A,"NHS EAST LANCASHIRE",2251,15836.48,0,0
2024-11-01,U2G6B,"NHS THAMES VALLEY ICB - U2G6B",2253,11585.83,0,0
2024-11-01,01K,"NHS MORECAMBE BAY",2286,10224.57,0,0
2024-11-01,05W,"NHS STOKE ON TRENT",2438,8749.53,0,0
2024-11-01,00L,"NHS NORTHUMBERLAND",2482,6714.87,0,0
2024-11-01,01Y,"NHS TAMESIDE AND GLOSSOP",2489,6971.57,0,0
2024-11-01,02H,"NHS WIGAN BOROUGH",2589,11680.82,0,0
2024-11-01,03W,"NHS EAST LEICESTERSHIRE AND RUTLAND",2665,10995.75,0,0
2024-11-01,14Y,"NHS BUCKINGHAMSHIRE",2791,15876.22,0,0
2024-11-01,01W,"NHS STOCKPORT",2823,9644.84,0,0
2024-11-01,02P,"NHS BARNSLEY",2849,10581.12,0,0
2024-11-01,03R,"NHS WAKEFIELD",3052,13784.81,0,0
2024-11-01,04C,"NHS LEICESTER CITY",3082,11594.11,0,0
2024-11-01,X2C4Y,"NHS KIRKLEES",3120,12616.79,0,0
2024-11-01,06L,"NHS IPSWICH AND EAST SUFFOLK",3273,8586.68,0,0
2024-11-01,06Q,"NHS MID ESSEX",3298,9699.64,0,0
2024-11-01,06N,"NHS HERTS VALLEYS",3392,13668.17,0,0
2024-11-01,10Q,"NHS OXFORDSHIRE",3418,17377.83,0,0
2024-11-01,42D,"NHS NORTH YORKSHIRE",3470,11099.28,0,0
2024-11-01,06K,"NHS EAST AND NORTH HERTFORDSHIRE",3663,12165.56,0,0
2024-11-01,15F,"NHS LEEDS",3761,11610.37,0,0
2024-11-01,84H,"NHS COUNTY DURHAM",3820,10120.49,0,0
2024-11-01,01X,"NHS ST HELENS",3905,18257.74,0,0
2024-11-01,09D,"NHS BRIGHTON AND HOVE",3960,6470.47,0,0
2024-11-01,13T,"NHS NEWCASTLE GATESHEAD",4058,8948.25,0,0
2024-11-01,04V,"NHS WEST LEICESTERSHIRE",4125,15617.12,0,0
2024-11-01,M2L0M,"NHS SHROPSHIRE, TELFORD AND WREKIN",4141,20900.48,0,0
2024-11-01,36J,"NHS BRADFORD DISTRICT AND CRAVEN",4145,17028.97,0,0
2024-11-01,12F,"NHS WIRRAL",4454,13901.59,0,0
2024-11-01,16C,"NHS TEES VALLEY",4600,15012.38,0,0
2024-11-01,06T,"NHS NORTH EAST ESSEX",4818,13547.42,0,0
2024-11-01,03N,"NHS SHEFFIELD",4854,13083.9,0,0
2024-11-01,14L,"NHS MANCHESTER",4889,11712.8,0,0
2024-11-01,11X,"NHS SOMERSET",4999,17701.91,0,0
2024-11-01,27D,"NHS CHESHIRE",5550,18181.19,0,0
2024-11-01,78H,"NHS NORTHAMPTONSHIRE",5900,17611.39,0,0
2024-11-01,06H,"NHS CAMBRIDGESHIRE AND PETERBOROUGH",5942,17109.44,0,0
2024-11-01,72Q,"NHS SOUTH EAST LONDON",6024,19250.66,0,0
2024-11-01,70F,"NHS WEST SUSSEX",6099,19451.8,0,0
2024-11-01,52R,"NHS NOTTINGHAM AND NOTTINGHAMSHIRE",6141,23094.82,0,0
2024-11-01,M1J4Y,"NHS BEDFORDSHIRE, LUTON AND MILTON KEYNES",6400,24182.2,0,0
2024-11-01,11N,"NHS CORNWALL AND THE ISLES OF SCILLY",6430,13713.75,0,0
2024-11-01,11J,"NHS DORSET",6797,18184.06,0,0
2024-11-01,97R,"NHS EAST SUSSEX",6990,24650.19,0,0
2024-11-01,99A,"NHS LIVERPOOL",7195,23940.94,0,0
2024-11-01,A3A8R,"NHS NORTH EAST LONDON",7513,24357.91,0,0
2024-11-01,11M,"NHS GLOUCESTERSHIRE",7517,17481.72,0,0
2024-11-01,B2M3M,"NHS COVENTRY AND WARWICKSHIRE",7595,32915.6,0,0
2024-11-01,18C,"NHS HEREFORDSHIRE AND WORCESTERSHIRE",7677,22660.39,0,0
2024-11-01,15C,"NHS BRISTOL, NORTH SOMERSET AND SOUTH GLOUCESTERSHIRE",7953,17852.01,0,0
2024-11-01,92A,"NHS SURREY HEARTLANDS",7977,31665.15,0,0
2024-11-01,36L,"NHS SOUTH WEST LONDON",8395,22064.44,0,0
2024-11-01,92G,"NHS BATH AND NORTH EAST SOMERSET, SWINDON AND WILTSHIRE",8546,19718.71,0,0
2024-11-01,71E,"NHS LINCOLNSHIRE",8595,30044.32,0,0
2024-11-01,93C,"NHS NORTH CENTRAL LONDON",8833,28267.35,0,0
2024-11-01,15E,"NHS BIRMINGHAM AND SOLIHULL",9218,37817.04,0,0
2024-11-01,D2P2L,"NHS BLACK COUNTRY",9410,46095.21,0,0
2024-11-01,W2U3Z,"NHS NORTH WEST LONDON",11257,31769.44,0,0
2024-11-01,D9Y0V,"NHS HAMPSHIRE, SOUTHAMPTON AND ISLE OF WIGHT",11448,45102.09,0,0
2024-11-01,15M,"NHS DERBY AND DERBYSHIRE",11482,24285.66,0,0
2024-11-01,91Q,"NHS KENT AND MEDWAY",12082,40168.63,0,0
2024-11-01,26A,"NHS NORFOLK AND WAVENEY",12539,34621.35,0,0
2024-11-01,15N,"NHS DEVON",13149,32858.64,0,0
2024-12-01,09W,"NHS MEDWAY",0,0,0,0
2024-12-01,D4U1Y,"NHS FRIMLEY",94,52.54,0,0
2024-12-01,07G,"NHS THURROCK",438,1884.54,0,0
2024-12-01,02Q,"NHS BASSETLAW",846,2143.37,0,0
2024-12-01,00N,"NHS SOUTH TYNESIDE",904,3673.71,0,0
2024-12-01,02G,"NHS WEST LANCASHIRE",923,4123.1,0,0
2024-12-01,03H,"NHS NORTH EAST LINCOLNSHIRE",928,3592.58,0,0
2024-12-01,05D,"NHS EAST STAFFORDSHIRE",930,4436.77,0,0
2024-12-01,00V,"NHS BURY",955,4437.86,0,0
2024-12-01,99F,"NHS CASTLE POINT AND ROCHFORD",1030,4235.56,0,0
2024-12-01,03Q,"NHS VALE OF YORK",1093,3853.75,0,0
2024-12-01,00R,"NHS BLACKPOOL",1121,3178.16,0,0
2024-12-01,04Y,"NHS CANNOCK CHASE",1141,9052.96,0,0
2024-12-01,00X,"NHS CHORLEY AND SOUTH RIBBLE",1191,5667.08,0,0
2024-12-01,01D,"NHS HEYWOOD, MIDDLETON AND ROCHDALE",1197,3420.01,0,0
2024-12-01,05V,"NHS STAFFORD AND SURROUNDS",1202,5123.12,0,0
2024-12-01,01E,"NHS GREATER PRESTON",1223,5138.47,0,0
2024-12-01,99E,"NHS BASILDON AND BRENTWOOD",1252,3714.68,0,0
2024-12-01,02M,"NHS FYLDE AND WYRE",1327,4788.17,0,0
2024-12-01,03K,"NHS NORTH LINCOLNSHIRE",1400,5050.79,0,0
2024-12-01,02T,"NHS CALDERDALE",1435,4343.26,0,0
2024-12-01,99G,"NHS SOUTHEND",1542,3372.27,0,0
2024-12-01,01G,"NHS SALFORD",1582,5231.35,0,0
2024-12-01,00T,"NHS BOLTON",1589,8550.41,0,0
2024-12-01,05Q,"NHS SOUTH EAST STAFFORDSHIRE AND SEISDON PENINSULA",1595,6934.11,0,0
2024-12-01,01H,"NHS NORTH CUMBRIA",1651,5842.3,0,0
2024-12-01,03F,"NHS HULL",1668,7459.88,0,0
2024-12-01,00Y,"NHS OLDHAM",1698,6050.32,0,0
2024-12-01,01V,"NHS SOUTHPORT AND FORMBY",1712,6391.32,0,0
2024-12-01,10R,"NHS PORTSMOUTH",1732,4334.42,0,0
2024-12-01,02A,"NHS TRAFFORD",1744,3451.8,0,0
2024-12-01,00Q,"NHS BLACKBURN WITH DARWEN",1848,8294.72,0,0
2024-12-01,02Y,"NHS EAST RIDING OF YORKSHIRE",1849,6522.38,0,0
2024-12-01,02X,"NHS DONCASTER",1850,6114.13,0,0
2024-12-01,99C,"NHS NORTH TYNESIDE",1859,6306.2,0,0
2024-12-01,01F,"NHS HALTON",1905,10072.67,0,0
2024-12-01,07H,"NHS WEST ESSEX",1924,4333.43,0,0
2024-12-01,00P,"NHS SUNDERLAND",1936,6484.81,0,0
2024-12-01,07K,"NHS WEST SUFFOLK",1936,4232.99,0,0
2024-12-01,05G,"NHS NORTH STAFFORDSHIRE",1993,6907.56,0,0
2024-12-01,03L,"NHS ROTHERHAM",2119,6363.35,0,0
2024-12-01,01J,"NHS KNOWSLEY",2198,10039.65,0,0
2024-12-01,01T,"NHS SOUTH SEFTON",2201,9401.4,0,0
2024-12-01,01A,"NHS EAST LANCASHIRE",2297,14903.26,0,0
2024-12-01,15A,"NHS BERKSHIRE WEST",2307,9361.41,0,0
2024-12-01,U2G6B,"NHS THAMES VALLEY ICB - U2G6B",2320,10680.76,0,0
2024-12-01,02E,"NHS WARRINGTON",2364,10708.75,0,0
2024-12-01,00L,"NHS NORTHUMBERLAND",2421,5213.43,0,0
2024-12-01,05W,"NHS STOKE ON TRENT",2422,8056.69,0,0
2024-12-01,01K,"NHS MORECAMBE BAY",2484,9941.39,0,0
2024-12-01,01Y,"NHS TAMESIDE AND GLOSSOP",2565,5760.24,0,0
2024-12-01,02H,"NHS WIGAN BOROUGH",2669,10121.36,0,0
2024-12-01,14Y,"NHS BUCKINGHAMSHIRE",2805,16614.86,0,0
2024-12-01,03W,"NHS EAST LEICESTERSHIRE AND RUTLAND",2831,9053.81,0,0
2024-12-01,01W,"NHS STOCKPORT",2870,7708.93,0,0
2024-12-01,02P,"NHS BARNSLEY",3025,11160.61,0,0
2024-12-01,03R,"NHS WAKEFIELD",3086,12591.62,0,0
2024-12-01,04C,"NHS LEICESTER CITY",3235,12521.35,0,0
2024-12-01,X2C4Y,"NHS KIRKLEES",3298,14270.37,0,0
2024-12-01,06Q,"NHS MID ESSEX",3441,9654.62,0,0
2024-12-01,10Q,"NHS OXFORDSHIRE",3484,17621.33,0,0
2024-12-01,42D,"NHS NORTH YORKSHIRE",3504,9692.32,0,0
2024-12-01,06L,"NHS IPSWICH AND EAST SUFFOLK",3543,7979.84,0,0
2024-12-01,06N,"NHS HERTS VALLEYS",3547,12408.69,0,0
2024-12-01,09D,"NHS BRIGHTON AND HOVE",3883,6435.13,0,0
2024-12-01,15F,"NHS LEEDS",3902,11470.39,0,0
2024-12-01,06K,"NHS EAST AND NORTH HERTFORDSHIRE",3905,12510.65,0,0
2024-12-01,13T,"NHS NEWCASTLE GATESHEAD",4029,8071.01,0,0
2024-12-01,84H,"NHS COUNTY DURHAM",4044,10203.04,0,0
2024-12-01,36J,"NHS BRADFORD DISTRICT AND CRAVEN",4121,17178.54,0,0
2024-12-01,01X,"NHS ST HELENS",4163,19489.84,0,0
2024-12-01,M2L0M,"NHS SHROPSHIRE, TELFORD AND WREKIN",4195,18649.54,0,0
2024-12-01,04V,"NHS WEST LEICESTERSHIRE",4333,15220.4,0,0
2024-12-01,12F,"NHS WIRRAL",4463,11458.97,0,0
2024-12-01,16C,"NHS TEES VALLEY",4627,16978.9,0,0
2024-12-01,06T,"NHS NORTH EAST ESSEX",4926,12288.2,0,0
2024-12-01,14L,"NHS MANCHESTER",4969,10591.33,0,0
2024-12-01,11X,"NHS SOMERSET",5110,19227.59,0,0
2024-12-01,03N,"NHS SHEFFIELD",5204,12550.72,0,0
2024-12-01,27D,"NHS CHESHIRE",5740,16757.47,0,0
2024-12-01,78H,"NHS NORTHAMPTONSHIRE",6024,15518.11,0,0
2024-12-01,52R,"NHS NOTTINGHAM AND NOTTINGHAMSHIRE",6200,16131.5,0,0
2024-12-01,72Q,"NHS SOUTH EAST LONDON",6296,17811.82,0,0
2024-12-01,06H,"NHS CAMBRIDGESHIRE AND PETERBOROUGH",6307,16283.38,0,0
2024-12-01,70F,"NHS WEST SUSSEX",6352,18572.86,0,0
2024-12-01,M1J4Y,"NHS BEDFORDSHIRE, LUTON AND MILTON KEYNES",6463,22644.73,0,0
2024-12-01,11N,"NHS CORNWALL AND THE ISLES OF SCILLY",6581,12354.8,0,0
2024-12-01,11J,"NHS DORSET",7028,17696.37,0,0
2024-12-01,97R,"NHS EAST SUSSEX",7152,24952.69,0,0
2024-12-01,99A,"NHS LIVERPOOL",7481,20056.23,0,0
2024-12-01,A3A8R,"NHS NORTH EAST LONDON",7557,23624.68,0,0
2024-12-01,B2M3M,"NHS COVENTRY AND WARWICKSHIRE",7665,28884.77,0,0
2024-12-01,11M,"NHS GLOUCESTERSHIRE",7723,20450.58,0,0
2024-12-01,18C,"NHS HEREFORDSHIRE AND WORCESTERSHIRE",7851,21907.02,0,0
2024-12-01,15C,"NHS BRISTOL, NORTH SOMERSET AND SOUTH GLOUCESTERSHIRE",8194,18186.22,0,0
2024-12-01,92A,"NHS SURREY HEARTLANDS",8229,29117.01,0,0
2024-12-01,36L,"NHS SOUTH WEST LONDON",8396,19901.67,0,0
2024-12-01,71E,"NHS LINCOLNSHIRE",8807,27834.99,0,0
2024-12-01,92G,"NHS BATH AND NORTH EAST SOMERSET, SWINDON AND WILTSHIRE",8933,17976.38,0,0
2024-12-01,93C,"NHS NORTH CENTRAL LONDON",9038,27163.33,0,0
2024-12-01,15E,"NHS BIRMINGHAM AND SOLIHULL",9521,32840.36,0,0
2024-12-01,D2P2L,"NHS BLACK COUNTRY",9756,43978.23,0,0
2024-12-01,W2U3Z,"NHS NORTH WEST LONDON",11449,32022.62,0,0
2024-12-01,D9Y0V,"NHS HAMPSHIRE, SOUTHAMPTON AND ISLE OF WIGHT",11798,43553.61,0,0
2024-12-01,15M,"NHS DERBY AND DERBYSHIRE",11818,21437.65,0,0
2024-12-01,91Q,"NHS KENT AND MEDWAY",11990,41581.64,0,0
2024-12-01,26A,"NHS NORFOLK AND WAVENEY",12818,31915.95,0,0
2024-12-01,15N,"NHS DEVON",13553,28850.65,0,0
2025-01-01,09W,"NHS MEDWAY",0,0,0,0
2025-01-01,D4U1Y,"NHS FRIMLEY",116,113.34,0,0
2025-01-01,07G,"NHS THURROCK",415,2241.89,0,0
2025-01-01,02Q,"NHS BASSETLAW",870,1796.87,0,0
2025-01-01,00N,"NHS SOUTH TYNESIDE",894,2633.99,0,0
2025-01-01,02G,"NHS WEST LANCASHIRE",918,4122.56,0,0
2025-01-01,00V,"NHS BURY",934,3364.89,0,0
2025-01-01,05D,"NHS EAST STAFFORDSHIRE",949,7426.77,0,0
2025-01-01,99F,"NHS CASTLE POINT AND ROCHFORD",989,3258.88,0,0
2025-01-01,03H,"NHS NORTH EAST LINCOLNSHIRE",1014,4175.17,0,0
2025-01-01,00X,"NHS CHORLEY AND SOUTH RIBBLE",1138,5377.99,0,0
2025-01-01,01E,"NHS GREATER PRESTON",1138,7146.1,0,0
2025-01-01,04Y,"NHS CANNOCK CHASE",1142,7430.34,0,0
2025-01-01,00R,"NHS BLACKPOOL",1163,4260.74,0,0
2025-01-01,03Q,"NHS VALE OF YORK",1172,4212.34,0,0
2025-01-01,01D,"NHS HEYWOOD, MIDDLETON AND ROCHDALE",1180,3543.3,0,0
2025-01-01,05V,"NHS STAFFORD AND SURROUNDS",1208,4428.5,0,0
2025-01-01,02M,"NHS FYLDE AND WYRE",1307,5779.54,0,0
2025-01-01,99E,"NHS BASILDON AND BRENTWOOD",1344,3312.25,0,0
2025-01-01,02T,"NHS CALDERDALE",1416,4091.86,0,0
2025-01-01,03K,"NHS NORTH LINCOLNSHIRE",1426,4594.44,0,0
2025-01-01,99G,"NHS SOUTHEND",1561,3296.46,0,0
2025-01-01,05Q,"NHS SOUTH EAST STAFFORDSHIRE AND SEISDON PENINSULA",1589,7283.65,0,0
2025-01-01,01H,"NHS NORTH CUMBRIA",1613,5551.99,0,0
2025-01-01,00T,"NHS BOLTON",1627,10282.2,0,0
2025-01-01,01G,"NHS SALFORD",1631,4699.14,0,0
2025-01-01,02A,"NHS TRAFFORD",1678,3484.59,0,0
2025-01-01,03F,"NHS HULL",1720,4453.51,0,0
2025-01-01,01V,"NHS SOUTHPORT AND FORMBY",1723,6494.93,0,0
2025-01-01,10R,"NHS PORTSMOUTH",1730,3809.4,0,0
2025-01-01,00Y,"NHS OLDHAM",1732,6684.38,0,0
2025-01-01,02Y,"NHS EAST RIDING OF YORKSHIRE",1790,5170.71,0,0
2025-01-01,02X,"NHS DONCASTER",1795,5574.14,0,0
2025-01-01,00P,"NHS SUNDERLAND",1830,4517.84,0,0
2025-01-01,00Q,"NHS BLACKBURN WITH DARWEN",1855,5580.55,0,0
2025-01-01,99C,"NHS NORTH TYNESIDE",1858,5390.4,0,0
2025-01-01,07H,"NHS WEST ESSEX",1877,4304.5,0,0
2025-01-01,01F,"NHS HALTON",1889,6658.39,0,0
2025-01-01,07K,"NHS WEST SUFFOLK",1914,4000.25,0,0
2025-01-01,05G,"NHS NORTH STAFFORDSHIRE",2003,6102.53,0,0
2025-01-01,03L,"NHS ROTHERHAM",2157,5248.6,0,0
2025-01-01,01J,"NHS KNOWSLEY",2206,10372.47,0,0
2025-01-01,U2G6B,"NHS THAMES VALLEY ICB - U2G6B",2294,8961.51,0,0
2025-01-01,01T,"NHS SOUTH SEFTON",2321,8525.61,0,0
2025-01-01,02E,"NHS WARRINGTON",2328,12279.73,0,0
2025-01-01,01A,"NHS EAST LANCASHIRE",2367,16345.83,0,0
2025-01-01,00L,"NHS NORTHUMBERLAND",2409,5437.8,0,0
2025-01-01,15A,"NHS BERKSHIRE WEST",2410,6613.6,0,0
2025-01-01,05W,"NHS STOKE ON TRENT",2442,7734.62,0,0
2025-01-01,01K,"NHS MORECAMBE BAY",2520,10345.18,0,0
2025-01-01,01Y,"NHS TAMESIDE AND GLOSSOP",2575,5857.26,0,0
2025-01-01,02H,"NHS WIGAN BOROUGH",2713,10261.08,0,0
2025-01-01,14Y,"NHS BUCKINGHAMSHIRE",2755,9513.05,0,0
2025-01-01,03W,"NHS EAST LEICESTERSHIRE AND RUTLAND",2813,9551.42,0,0
2025-01-01,01W,"NHS STOCKPORT",2931,9934.65,0,0
2025-01-01,02P,"NHS BARNSLEY",2944,8857.87,0,0
2025-01-01,03R,"NHS WAKEFIELD",3089,10993.68,0,0
2025-01-01,X2C4Y,"NHS KIRKLEES",3141,7901.83,0,0
2025-01-01,04C,"NHS LEICESTER CITY",3281,11377.57,0,0
2025-01-01,06L,"NHS IPSWICH AND EAST SUFFOLK",3459,6270.36,0,0
2025-01-01,06Q,"NHS MID ESSEX",3475,8121.37,0,0
2025-01-01,10Q,"NHS OXFORDSHIRE",3486,15676.01,0,0
2025-01-01,42D,"NHS NORTH YORKSHIRE",3494,9288.38,0,0
2025-01-01,06N,"NHS HERTS VALLEYS",3530,11751.37,0,0
2025-01-01,06K,"NHS EAST AND NORTH HERTFORDSHIRE",3828,10275.76,0,0
2025-01-01,84H,"NHS COUNTY DURHAM",3976,9023.06,0,0
2025-01-01,15F,"NHS LEEDS",3998,10607.75,0,0
2025-01-01,01X,"NHS ST HELENS",4159,17449.91,0,0
2025-01-01,09D,"NHS BRIGHTON AND HOVE",4178,5662.11,0,0
2025-01-01,13T,"NHS NEWCASTLE GATESHEAD",4181,7773.05,0,0
2025-01-01,36J,"NHS BRADFORD DISTRICT AND CRAVEN",4293,13576.98,0,0
2025-01-01,04V,"NHS WEST LEICESTERSHIRE",4302,11569.55,0,0
2025-01-01,M2L0M,"NHS SHROPSHIRE, TELFORD AND WREKIN",4311,18486.93,0,0
2025-01-01,12F,"NHS WIRRAL",4455,11240.36,0,0
2025-01-01,16C,"NHS TEES VALLEY",4795,20809.25,0,0
2025-01-01,06T,"NHS NORTH EAST ESSEX",4969,11038.77,0,0
2025-01-01,03N,"NHS SHEFFIELD",5018,11279.48,0,0
2025-01-01,14L,"NHS MANCHESTER",5091,10256.79,0,0
2025-01-01,11X,"NHS SOMERSET",5232,18142.53,0,0
2025-01-01,27D,"NHS CHESHIRE",5861,16782.42,0,0
2025-01-01,78H,"NHS NORTHAMPTONSHIRE",6060,14138.63,0,0
2025-01-01,72Q,"NHS SOUTH EAST LONDON",6258,15014.08,0,0
2025-01-01,52R,"NHS NOTTINGHAM AND NOTTINGHAMSHIRE",6302,17546.73,0,0
2025-01-01,70F,"NHS WEST SUSSEX",6369,16378.57,0,0
2025-01-01,06H,"NHS CAMBRIDGESHIRE AND PETERBOROUGH",6390,14959.56,0,0
2025-01-01,11N,"NHS CORNWALL AND THE ISLES OF SCILLY",6621,11286.44,0,0
2025-01-01,M1J4Y,"NHS BEDFORDSHIRE, LUTON AND MILTON KEYNES",6804,21667.86,0,0
2025-01-01,11J,"NHS DORSET",7153,15554.25,0,0
2025-01-01,97R,"NHS EAST SUSSEX",7229,18507.75,0,0
2025-01-01,99A,"NHS LIVERPOOL",7355,18836.33,0,0
2025-01-01,11M,"NHS GLOUCESTERSHIRE",7608,16076.75,0,0
2025-01-01,A3A8R,"NHS NORTH EAST LONDON",7678,18670.1,0,0
2025-01-01,18C,"NHS HEREFORDSHIRE AND WORCESTERSHIRE",8070,23807.76,0,0
2025-01-01,B2M3M,"NHS COVENTRY AND WARWICKSHIRE",8075,27562.16,0,0
2025-01-01,15C,"NHS BRISTOL, NORTH SOMERSET AND SOUTH GLOUCESTERSHIRE",8189,14849.79,0,0
2025-01-01,92A,"NHS SURREY HEARTLANDS",8474,27467.78,0,0
2025-01-01,36L,"NHS SOUTH WEST LONDON",8613,16993.55,0,0
2025-01-01,71E,"NHS LINCOLNSHIRE",8903,26431.93,0,0
2025-01-01,92G,"NHS BATH AND NORTH EAST SOMERSET, SWINDON AND WILTSHIRE",9012,15134.25,0,0
2025-01-01,93C,"NHS NORTH CENTRAL LONDON",9184,24859.63,0,0
2025-01-01,15E,"NHS BIRMINGHAM AND SOLIHULL",9605,32228.02,0,0
2025-01-01,D2P2L,"NHS BLACK COUNTRY",10080,36999.54,0,0
2025-01-01,W2U3Z,"NHS NORTH WEST LONDON",11765,32182.25,0,0
2025-01-01,D9Y0V,"NHS HAMPSHIRE, SOUTHAMPTON AND ISLE OF WIGHT",11823,38294.84,0,0
2025-01-01,15M,"NHS DERBY AND DERBYSHIRE",12053,19769.91,0,0
2025-01-01,91Q,"NHS KENT AND MEDWAY",12491,37511.67,0,0
2025-01-01,26A,"NHS NORFOLK AND WAVENEY",12844,27001.61,0,0
2025-01-01,15N,"NHS DEVON",13785,27724.12,0,0
2025-02-01,09W,"NHS MEDWAY",0,0,0,0
2025-02-01,D4U1Y,"NHS FRIMLEY",90,65.19,0,0
2025-02-01,07G,"NHS THURROCK",415,1623.04,0,0
2025-02-01,02Q,"NHS BASSETLAW",755,1959.09,0,0
2025-02-01,00N,"NHS SOUTH TYNESIDE",783,2347.31,0,0
2025-02-01,02G,"NHS WEST LANCASHIRE",824,2950.7,0,0
2025-02-01,03H,"NHS NORTH EAST LINCOLNSHIRE",842,1976.17,0,0
2025-02-01,00V,"NHS BURY",857,3672.35,0,0
2025-02-01,99F,"NHS CASTLE POINT AND ROCHFORD",885,2374.61,0,0
2025-02-01,05D,"NHS EAST STAFFORDSHIRE",930,4830.16,0,0
2025-02-01,00R,"NHS BLACKPOOL",980,2634.52,0,0
2025-02-01,01D,"NHS HEYWOOD, MIDDLETON AND ROCHDALE",1030,3516.63,0,0
2025-02-01,03Q,"NHS VALE OF YORK",1040,3111.32,0,0
2025-02-01,04Y,"NHS CANNOCK CHASE",1057,6091.89,0,0
2025-02-01,05V,"NHS STAFFORD AND SURROUNDS",1087,3807.95,0,0
2025-02-01,00X,"NHS CHORLEY AND SOUTH RIBBLE",1090,4850.81,0,0
2025-02-01,01E,"NHS GREATER PRESTON",1097,4001.62,0,0
2025-02-01,02M,"NHS FYLDE AND WYRE",1152,4982.59,0,0
2025-02-01,99E,"NHS BASILDON AND BRENTWOOD",1202,3106.5,0,0
2025-02-01,02T,"NHS CALDERDALE",1250,3065.33,0,0
2025-02-01,03K,"NHS NORTH LINCOLNSHIRE",1308,4086.41,0,0
2025-02-01,05Q,"NHS SOUTH EAST STAFFORDSHIRE AND SEISDON PENINSULA",1329,5750.47,0,0
2025-02-01,00T,"NHS BOLTON",1352,9856.19,0,0
2025-02-01,99G,"NHS SOUTHEND",1381,2828.7,0,0
2025-02-01,01G,"NHS SALFORD",1436,3912.99,0,0
2025-02-01,01H,"NHS NORTH CUMBRIA",1469,4657.31,0,0
2025-02-01,03F,"NHS HULL",1471,3571.52,0,0
2025-02-01,00Y,"NHS OLDHAM",1515,4666.09,0,0
2025-02-01,02A,"NHS TRAFFORD",1539,2813.65,0,0
2025-02-01,01V,"NHS SOUTHPORT AND FORMBY",1567,5935.32,0,0
2025-02-01,10R,"NHS PORTSMOUTH",1569,2856.92,0,0
2025-02-01,02X,"NHS DONCASTER",1596,3588.01,0,0
2025-02-01,00P,"NHS SUNDERLAND",1612,4942.37,0,0
2025-02-01,02Y,"NHS EAST RIDING OF YORKSHIRE",1645,5632.97,0,0
2025-02-01,07H,"NHS WEST ESSEX",1692,3835.43,0,0
2025-02-01,07K,"NHS WEST SUFFOLK",1692,3117.83,0,0
2025-02-01,01F,"NHS HALTON",1706,5827.95,0,0
2025-02-01,00Q,"NHS BLACKBURN WITH DARWEN",1752,9058.19,0,0
2025-02-01,99C,"NHS NORTH TYNESIDE",1760,4777.6,0,0
2025-02-01,05G,"NHS NORTH STAFFORDSHIRE",1817,5873.25,0,0
2025-02-01,03L,"NHS ROTHERHAM",1912,4735.37,0,0
2025-02-01,01J,"NHS KNOWSLEY",1960,6238.39,0,0
2025-02-01,01T,"NHS SOUTH SEFTON",1980,8155.95,0,0
2025-02-01,15A,"NHS BERKSHIRE WEST",2116,5238.5,0,0
2025-02-01,01A,"NHS EAST LANCASHIRE",2124,15092.99,0,0
2025-02-01,02E,"NHS WARRINGTON",2131,9052.71,0,0
2025-02-01,U2G6B,"NHS THAMES VALLEY ICB - U2G6B",2137,8290.14,0,0
2025-02-01,05W,"NHS STOKE ON TRENT",2148,6372.46,0,0
2025-02-01,01K,"NHS MORECAMBE BAY",2204,9460.36,0,0
2025-02-01,00L,"NHS NORTHUMBERLAND",2220,5025.99,0,0
2025-02-01,01Y,"NHS TAMESIDE AND GLOSSOP",2297,5166.13,0,0
2025-02-01,03W,"NHS EAST LEICESTERSHIRE AND RUTLAND",2412,7684.81,0,0
2025-02-01,02H,"NHS WIGAN BOROUGH",2496,9508.92,0,0
2025-02-01,14Y,"NHS BUCKINGHAMSHIRE",2629,14266.34,0,0
2025-02-01,02P,"NHS BARNSLEY",2647,7823.06,0,0
2025-02-01,01W,"NHS STOCKPORT",2727,7478.68,0,0
2025-02-01,X2C4Y,"NHS KIRKLEES",2825,7883.03,0,0
2025-02-01,03R,"NHS WAKEFIELD",2835,10428.61,0,0
2025-02-01,04C,"NHS LEICESTER CITY",2950,11540.57,0,0
2025-02-01,06Q,"NHS MID ESSEX",2984,7076.38,0,0
2025-02-01,06L,"NHS IPSWICH AND EAST SUFFOLK",3119,5984.33,0,0
2025-02-01,42D,"NHS NORTH YORKSHIRE",3135,7880.26,0,0
2025-02-01,06N,"NHS HERTS VALLEYS",3155,9211.33,0,0
2025-02-01,10Q,"NHS OXFORDSHIRE",3161,14342.9,0,0
2025-02-01,84H,"NHS COUNTY DURHAM",3505,7017.33,0,0
2025-02-01,06K,"NHS EAST AND NORTH HERTFORDSHIRE",3558,9296.35,0,0
2025-02-01,15F,"NHS LEEDS",3558,9451.58,0,0
2025-02-01,13T,"NHS NEWCASTLE GATESHEAD",3668,7490.49,0,0
2025-02-01,09D,"NHS BRIGHTON AND HOVE",3701,5041.6,0,0
2025-02-01,01X,"NHS ST HELENS",3742,14686.56,0,0
2025-02-01,36J,"NHS BRADFORD DISTRICT AND CRAVEN",3748,12143.12,0,0
2025-02-01,M2L0M,"NHS SHROPSHIRE, TELFORD AND WREKIN",3810,13263.49,0,0
2025-02-01,04V,"NHS WEST LEICESTERSHIRE",3876,11640.55,0,0
2025-02-01,12F,"NHS WIRRAL",4001,9780.37,0,0
2025-02-01,16C,"NHS TEES VALLEY",4219,11857.29,0,0
2025-02-01,06T,"NHS NORTH EAST ESSEX",4433,9442.33,0,0
2025-02-01,14L,"NHS MANCHESTER",4557,9506.84,0,0
2025-02-01,03N,"NHS SHEFFIELD",4609,8294,0,0
2025-02-01,11X,"NHS SOMERSET",4667,15003.26,0,0
2025-02-01,27D,"NHS CHESHIRE",5229,14466.12,0,0
2025-02-01,78H,"NHS NORTHAMPTONSHIRE",5384,12199.79,0,0
2025-02-01,52R,"NHS NOTTINGHAM AND NOTTINGHAMSHIRE",5579,13875.21,0,0
2025-02-01,06H,"NHS CAMBRIDGESHIRE AND PETERBOROUGH",5636,12973.24,0,0
2025-02-01,72Q,"NHS SOUTH EAST LONDON",5735,15958.93,0,0
2025-02-01,70F,"NHS WEST SUSSEX",5763,12929.03,0,0
2025-02-01,11N,"NHS CORNWALL AND THE ISLES OF SCILLY",5916,9209.33,0,0
2025-02-01,M1J4Y,"NHS BEDFORDSHIRE, LUTON AND MILTON KEYNES",5985,17175.29,0,0
2025-02-01,11J,"NHS DORSET",6313,12969.68,0,0
2025-02-01,99A,"NHS LIVERPOOL",6506,14352,0,0
2025-02-01,97R,"NHS EAST SUSSEX",6622,19559.91,0,0
2025-02-01,11M,"NHS GLOUCESTERSHIRE",6856,13921.95,0,0
2025-02-01,A3A8R,"NHS NORTH EAST LONDON",6937,16663.27,0,0
2025-02-01,B2M3M,"NHS COVENTRY AND WARWICKSHIRE",7106,25831.76,0,0
2025-02-01,18C,"NHS HEREFORDSHIRE AND WORCESTERSHIRE",7228,16651.2,0,0
2025-02-01,15C,"NHS BRISTOL, NORTH SOMERSET AND SOUTH GLOUCESTERSHIRE",7301,12162.78,0,0
2025-02-01,92A,"NHS SURREY HEARTLANDS",7431,22014.44,0,0
2025-02-01,36L,"NHS SOUTH WEST LONDON",7644,14628.8,0,0
2025-02-01,92G,"NHS BATH AND NORTH EAST SOMERSET, SWINDON AND WILTSHIRE",7901,11493.08,0,0
2025-02-01,71E,"NHS LINCOLNSHIRE",7972,20211.17,0,0
2025-02-01,93C,"NHS NORTH CENTRAL LONDON",8209,22740.93,0,0
2025-02-01,15E,"NHS BIRMINGHAM AND SOLIHULL",8447,28254.97,0,0
2025-02-01,D2P2L,"NHS BLACK COUNTRY",8843,33815.14,0,0
2025-02-01,W2U3Z,"NHS NORTH WEST LONDON",10537,24834.94,0,0
2025-02-01,D9Y0V,"NHS HAMPSHIRE, SOUTHAMPTON AND ISLE OF WIGHT",10552,33253.59,0,0
2025-02-01,15M,"NHS DERBY AND DERBYSHIRE",10847,17259.59,0,0
2025-02-01,91Q,"NHS KENT AND MEDWAY",10997,34218.45,0,0
2025-02-01,26A,"NHS NORFOLK AND WAVENEY",11612,25306.42,0,0
2025-02-01,15N,"NHS DEVON",12140,22006.64,0,0
2025-03-01,09W,"NHS MEDWAY",0,0,0,0
2025-03-01,D4U1Y,"NHS FRIMLEY",91,93.91,0,0
2025-03-01,07G,"NHS THURROCK",419,3052.02,0,0
2025-03-01,02Q,"NHS BASSETLAW",809,2334.97,0,0
2025-03-01,00N,"NHS SOUTH TYNESIDE",846,2632.62,0,0
2025-03-01,02G,"NHS WEST LANCASHIRE",867,3189.88,0,0
2025-03-01,05D,"NHS EAST STAFFORDSHIRE",869,2034.64,0,0
2025-03-01,03H,"NHS NORTH EAST LINCOLNSHIRE",870,2971.39,0,0
2025-03-01,00V,"NHS BURY",881,4620.1,0,0
2025-03-01,99F,"NHS CASTLE POINT AND ROCHFORD",1012,3537.38,0,0
2025-03-01,01D,"NHS HEYWOOD, MIDDLETON AND ROCHDALE",1074,4052.09,0,0
2025-03-01,00R,"NHS BLACKPOOL",1093,3225.64,0,0
2025-03-01,03Q,"NHS VALE OF YORK",1122,2552.76,0,0
2025-03-01,00X,"NHS CHORLEY AND SOUTH RIBBLE",1131,5206.92,0,0
2025-03-01,01E,"NHS GREATER PRESTON",1134,4941.74,0,0
2025-03-01,05V,"NHS STAFFORD AND SURROUNDS",1140,4002.41,0,0
2025-03-01,04Y,"NHS CANNOCK CHASE",1164,7497.59,0,0
2025-03-01,02M,"NHS FYLDE AND WYRE",1192,5526.23,0,0
2025-03-01,99E,"NHS BASILDON AND BRENTWOOD",1244,2959.36,0,0
2025-03-01,02T,"NHS CALDERDALE",1356,4024.54,0,0
2025-03-01,03K,"NHS NORTH LINCOLNSHIRE",1370,3671.21,0,0
2025-03-01,05Q,"NHS SOUTH EAST STAFFORDSHIRE AND SEISDON PENINSULA",1407,5857.03,0,0
2025-03-01,00T,"NHS BOLTON",1453,10010.67,0,0
2025-03-01,99G,"NHS SOUTHEND",1453,2507.86,0,0
2025-03-01,01G,"NHS SALFORD",1502,5546.27,0,0
2025-03-01,01H,"NHS NORTH CUMBRIA",1522,5451.13,0,0
2025-03-01,03F,"NHS HULL",1575,4379.13,0,0
2025-03-01,00Y,"NHS OLDHAM",1586,8020.31,0,0
2025-03-01,10R,"NHS PORTSMOUTH",1631,3431.39,0,0
2025-03-01,01V,"NHS SOUTHPORT AND FORMBY",1641,5507.46,0,0
2025-03-01,02A,"NHS TRAFFORD",1655,3498.38,0,0
2025-03-01,02X,"NHS DONCASTER",1662,4693.98,0,0
2025-03-01,99C,"NHS NORTH TYNESIDE",1710,5036.32,0,0
2025-03-01,00Q,"NHS BLACKBURN WITH DARWEN",1727,6168.3,0,0
2025-03-01,07K,"NHS WEST SUFFOLK",1735,3538.47,0,0
2025-03-01,00P,"NHS SUNDERLAND",1740,5432.23,0,0
2025-03-01,02Y,"NHS EAST RIDING OF YORKSHIRE",1777,4853.19,0,0
2025-03-01,01F,"NHS HALTON",1800,7040.97,0,0
2025-03-01,07H,"NHS WEST ESSEX",1821,3610.48,0,0
2025-03-01,05G,"NHS NORTH STAFFORDSHIRE",1855,6066.78,0,0
2025-03-01,01J,"NHS KNOWSLEY",2066,7671.38,0,0
2025-03-01,01T,"NHS SOUTH SEFTON",2116,10313.16,0,0
2025-03-01,03L,"NHS ROTHERHAM",2131,4446.34,0,0
2025-03-01,02E,"NHS WARRINGTON",2155,10415.07,0,0
2025-03-01,U2G6B,"NHS THAMES VALLEY ICB - U2G6B",2182,8665.29,0,0
2025-03-01,01A,"NHS EAST LANCASHIRE",2200,13770.77,0,0
2025-03-01,15A,"NHS BERKSHIRE WEST",2228,5829.73,0,0
2025-03-01,05W,"NHS STOKE ON TRENT",2250,7284.62,0,0
2025-03-01,00L,"NHS NORTHUMBERLAND",2292,5164.39,0,0
2025-03-01,01K,"NHS MORECAMBE BAY",2376,9345.65,0,0
2025-03-01,01Y,"NHS TAMESIDE AND GLOSSOP",2480,5606.51,0,0
2025-03-01,02H,"NHS WIGAN BOROUGH",2587,10696.43,0,0
2025-03-01,03W,"NHS EAST LEICESTERSHIRE AND RUTLAND",2615,8609.58,0,0
2025-03-01,14Y,"NHS BUCKINGHAMSHIRE",2691,7374.12,0,0
2025-03-01,02P,"NHS BARNSLEY",2784,8342.35,0,0
2025-03-01,01W,"NHS STOCKPORT",2878,11625.35,0,0
2025-03-01,03R,"NHS WAKEFIELD",2943,9301.43,0,0
2025-03-01,04C,"NHS LEICESTER CITY",3016,8396.9,0,0
2025-03-01,X2C4Y,"NHS KIRKLEES",3225,10422.97,0,0
2025-03-01,06N,"NHS HERTS VALLEYS",3246,11267.14,0,0
2025-03-01,06L,"NHS IPSWICH AND EAST SUFFOLK",3269,6287.82,0,0
2025-03-01,10Q,"NHS OXFORDSHIRE",3310,16281.51,0,0
2025-03-01,06Q,"NHS MID ESSEX",3318,7361.85,0,0
2025-03-01,42D,"NHS NORTH YORKSHIRE",3342,8665.24,0,0
2025-03-01,06K,"NHS EAST AND NORTH HERTFORDSHIRE",3616,9112.19,0,0
2025-03-01,09D,"NHS BRIGHTON AND HOVE",3683,5057.29,0,0
2025-03-01,84H,"NHS COUNTY DURHAM",3683,8007.18,0,0
2025-03-01,15F,"NHS LEEDS",3752,8929.28,0,0
2025-03-01,13T,"NHS NEWCASTLE GATESHEAD",3842,8123.46,0,0
2025-03-01,01X,"NHS ST HELENS",3846,15207.7,0,0
2025-03-01,36J,"NHS BRADFORD DISTRICT AND CRAVEN",3931,14147.44,0,0
2025-03-01,M2L0M,"NHS SHROPSHIRE, TELFORD AND WREKIN",3992,16879.98,0,0
2025-03-01,04V,"NHS WEST LEICESTERSHIRE",4134,11896.12,0,0
2025-03-01,12F,"NHS WIRRAL",4217,10492.1,0,0
2025-03-01,16C,"NHS TEES VALLEY",4370,14973.29,0,0
2025-03-01,06T,"NHS NORTH EAST ESSEX",4698,9361.94,0,0
2025-03-01,03N,"NHS SHEFFIELD",4825,9756.93,0,0
2025-03-01,14L,"NHS MANCHESTER",4840,11474.29,0,0
2025-03-01,11X,"NHS SOMERSET",4969,12107.89,0,0
2025-03-01,27D,"NHS CHESHIRE",5541,15811.27,0,0
2025-03-01,78H,"NHS NORTHAMPTONSHIRE",5546,13501.26,0,0
2025-03-01,06H,"NHS CAMBRIDGESHIRE AND PETERBOROUGH",5913,13561.81,0,0
2025-03-01,52R,"NHS NOTTINGHAM AND NOTTINGHAMSHIRE",5926,14421.47,0,0
2025-03-01,70F,"NHS WEST SUSSEX",5959,14864.34,0,0
2025-03-01,M1J4Y,"NHS BEDFORDSHIRE, LUTON AND MILTON KEYNES",6028,20801.4,0,0
2025-03-01,72Q,"NHS SOUTH EAST LONDON",6096,16869.15,0,0
2025-03-01,11N,"NHS CORNWALL AND THE ISLES OF SCILLY",6291,10609.42,0,0
2025-03-01,11J,"NHS DORSET",6655,11999.31,0,0
2025-03-01,97R,"NHS EAST SUSSEX",7013,20423.06,0,0
2025-03-01,99A,"NHS LIVERPOOL",7133,18222.01,0,0
2025-03-01,11M,"NHS GLOUCESTERSHIRE",7158,14889.96,0,0
2025-03-01,A3A8R,"NHS NORTH EAST LONDON",7356,18951.04,0,0
2025-03-01,B2M3M,"NHS COVENTRY AND WARWICKSHIRE",7397,25269.6,0,0
2025-03-01,18C,"NHS HEREFORDSHIRE AND WORCESTERSHIRE",7579,20703.61,0,0
2025-03-01,15C,"NHS BRISTOL, NORTH SOMERSET AND SOUTH GLOUCESTERSHIRE",7600,12122.16,0,0
2025-03-01,92A,"NHS SURREY HEARTLANDS",7856,23803.71,0,0
2025-03-01,36L,"NHS SOUTH WEST LONDON",8215,16332.64,0,0
2025-03-01,71E,"NHS LINCOLNSHIRE",8456,25131.38,0,0
2025-03-01,92G,"NHS BATH AND NORTH EAST SOMERSET, SWINDON AND WILTSHIRE",8539,13451.11,0,0
2025-03-01,93C,"NHS NORTH CENTRAL LONDON",8744,24807.61,0,0
2025-03-01,15E,"NHS BIRMINGHAM AND SOLIHULL",9032,28984.76,0,0
2025-03-01,D2P2L,"NHS BLACK COUNTRY",9406,32473.83,0,0
2025-03-01,D9Y0V,"NHS HAMPSHIRE, SOUTHAMPTON AND ISLE OF WIGHT",11093,37815.31,0,0
2025-03-01,W2U3Z,"NHS NORTH WEST LONDON",11219,29646.85,0,0
2025-03-01,15M,"NHS DERBY AND DERBYSHIRE",11449,17926.15,0,0
2025-03-01,91Q,"NHS KENT AND MEDWAY",11657,34212.85,0,0
2025-03-01,26A,"NHS NORFOLK AND WAVENEY",12283,25428.3,0,0
2025-03-01,15N,"NHS DEVON",12860,24844.24,0,0
2025-04-01,09W,"NHS MEDWAY",0,0,0,0
2025-04-01,D4U1Y,"NHS FRIMLEY",113,90.03,0,0
2025-04-01,07G,"NHS THURROCK",434,1553.39,0,0
2025-04-01,00N,"NHS SOUTH TYNESIDE",797,2053.01,0,0
2025-04-01,02Q,"NHS BASSETLAW",826,1768.89,0,0
2025-04-01,03H,"NHS NORTH EAST LINCOLNSHIRE",874,2472.8,0,0
2025-04-01,02G,"NHS WEST LANCASHIRE",896,3357.41,0,0
2025-04-01,00V,"NHS BURY",952,6480.61,0,0
2025-04-01,05D,"NHS EAST STAFFORDSHIRE",952,5233.87,0,0
2025-04-01,99F,"NHS CASTLE POINT AND ROCHFORD",1006,2327.58,0,0
2025-04-01,04Y,"NHS CANNOCK CHASE",1058,5278.34,0,0
2025-04-01,03Q,"NHS VALE OF YORK",1068,2889.67,0,0
2025-04-01,01D,"NHS HEYWOOD, MIDDLETON AND ROCHDALE",1097,2827.81,0,0
2025-04-01,00X,"NHS CHORLEY AND SOUTH RIBBLE",1112,3856.66,0,0
2025-04-01,01E,"NHS GREATER PRESTON",1128,4344.71,0,0
2025-04-01,05V,"NHS STAFFORD AND SURROUNDS",1149,3956.06,0,0
2025-04-01,00R,"NHS BLACKPOOL",1150,2563.32,0,0
2025-04-01,02M,"NHS FYLDE AND WYRE",1176,4296.87,0,0
2025-04-01,99E,"NHS BASILDON AND BRENTWOOD",1269,2423.82,0,0
2025-04-01,02T,"NHS CALDERDALE",1300,2982.61,0,0
2025-04-01,00T,"NHS BOLTON",1382,7126,0,0
2025-04-01,03K,"NHS NORTH LINCOLNSHIRE",1406,3400.41,0,0
2025-04-01,05Q,"NHS SOUTH EAST STAFFORDSHIRE AND SEISDON PENINSULA",1439,4686.4,0,0
2025-04-01,01G,"NHS SALFORD",1474,4141.83,0,0
2025-04-01,99G,"NHS SOUTHEND",1510,2772.18,0,0
2025-04-01,00Y,"NHS OLDHAM",1595,7801.31,0,0
2025-04-01,01V,"NHS SOUTHPORT AND FORMBY",1599,4777.7,0,0
2025-04-01,10R,"NHS PORTSMOUTH",1619,3689.32,0,0
2025-04-01,03F,"NHS HULL",1627,4800.43,0,0
2025-04-01,01H,"NHS NORTH CUMBRIA",1654,4652.25,0,0
2025-04-01,02Y,"NHS EAST RIDING OF YORKSHIRE",1690,5327.01,0,0
2025-04-01,02X,"NHS DONCASTER",1699,3830.77,0,0
2025-04-01,02A,"NHS TRAFFORD",1704,2757.12,0,0
2025-04-01,00Q,"NHS BLACKBURN WITH DARWEN",1714,5831.33,0,0
2025-04-01,07K,"NHS WEST SUFFOLK",1748,3537.88,0,0
2025-04-01,00P,"NHS SUNDERLAND",1757,4634.97,0,0
2025-04-01,07H,"NHS WEST ESSEX",1757,3624.63,0,0
2025-04-01,99C,"NHS NORTH TYNESIDE",1811,4341.31,0,0
2025-04-01,01F,"NHS HALTON",1864,6543.93,0,0
2025-04-01,05G,"NHS NORTH STAFFORDSHIRE",1887,5590.46,0,0
2025-04-01,03L,"NHS ROTHERHAM",2048,4293.06,0,0
2025-04-01,02E,"NHS WARRINGTON",2065,8547.09,0,0
2025-04-01,01J,"NHS KNOWSLEY",2122,7524.57,0,0
2025-04-01,15A,"NHS BERKSHIRE WEST",2132,6829.56,0,0
2025-04-01,01T,"NHS SOUTH SEFTON",2154,8547.05,0,0
2025-04-01,01A,"NHS EAST LANCASHIRE",2196,12002.79,0,0
2025-04-01,U2G6B,"NHS THAMES VALLEY ICB - U2G6B",2232,8247.2,0,0
2025-04-01,01K,"NHS MORECAMBE BAY",2331,8189.3,0,0
2025-04-01,00L,"NHS NORTHUMBERLAND",2370,4985.06,0,0
2025-04-01,05W,"NHS STOKE ON TRENT",2386,8718,0,0
2025-04-01,01Y,"NHS TAMESIDE AND GLOSSOP",2461,5234.18,0,0
2025-04-01,02H,"NHS WIGAN BOROUGH",2520,8286.23,0,0
2025-04-01,14Y,"NHS BUCKINGHAMSHIRE",2593,9121.44,0,0
2025-04-01,03W,"NHS EAST LEICESTERSHIRE AND RUTLAND",2654,7974.24,0,0
2025-04-01,02P,"NHS BARNSLEY",2817,7596.06,0,0
2025-04-01,01W,"NHS STOCKPORT",2854,6628.37,0,0
2025-04-01,03R,"NHS WAKEFIELD",2968,7560.52,0,0
2025-04-01,X2C4Y,"NHS KIRKLEES",3062,9159.6,0,0
2025-04-01,04C,"NHS LEICESTER CITY",3184,10729.81,0,0
2025-04-01,06Q,"NHS MID ESSEX",3189,6579.17,0,0
2025-04-01,06L,"NHS IPSWICH AND EAST SUFFOLK",3250,5799.2,0,0
2025-04-01,10Q,"NHS OXFORDSHIRE",3261,14508.16,0,0
2025-04-01,42D,"NHS NORTH YORKSHIRE",3267,7211.04,0,0
2025-04-01,06N,"NHS HERTS VALLEYS",3338,10327.53,0,0
2025-04-01,06K,"NHS EAST AND NORTH HERTFORDSHIRE",3526,8334.06,0,0
2025-04-01,15F,"NHS LEEDS",3720,8914.83,0,0
2025-04-01,84H,"NHS COUNTY DURHAM",3756,7246.77,0,0
2025-04-01,01X,"NHS ST HELENS",3803,16858.2,0,0
2025-04-01,09D,"NHS BRIGHTON AND HOVE",3890,5827.09,0,0
2025-04-01,13T,"NHS NEWCASTLE GATESHEAD",3917,7482.89,0,0
2025-04-01,36J,"NHS BRADFORD DISTRICT AND CRAVEN",3947,11284.44,0,0
2025-04-01,04V,"NHS WEST LEICESTERSHIRE",3981,10470.92,0,0
2025-04-01,M2L0M,"NHS SHROPSHIRE, TELFORD AND WREKIN",4071,16304.78,0,0
2025-04-01,12F,"NHS WIRRAL",4158,8275.23,0,0
2025-04-01,16C,"NHS TEES VALLEY",4449,14365.71,0,0
2025-04-01,06T,"NHS NORTH EAST ESSEX",4572,9726.99,0,0
2025-04-01,03N,"NHS SHEFFIELD",4773,8796.16,0,0
2025-04-01,11X,"NHS SOMERSET",4810,11717.6,0,0
2025-04-01,14L,"NHS MANCHESTER",4938,8917.9,0,0
2025-04-01,78H,"NHS NORTHAMPTONSHIRE",5485,10245.82,0,0
2025-04-01,27D,"NHS CHESHIRE",5580,13685.85,0,0
2025-04-01,06H,"NHS CAMBRIDGESHIRE AND PETERBOROUGH",5925,13244.66,0,0
2025-04-01,72Q,"NHS SOUTH EAST LONDON",6067,13330.92,0,0
2025-04-01,52R,"NHS NOTTINGHAM AND NOTTINGHAMSHIRE",6068,13182.96,0,0
2025-04-01,70F,"NHS WEST SUSSEX",6116,13910,0,0
2025-04-01,11N,"NHS CORNWALL AND THE ISLES OF SCILLY",6160,8991.16,0,0
2025-04-01,M1J4Y,"NHS BEDFORDSHIRE, LUTON AND MILTON KEYNES",6353,20954.01,0,0
2025-04-01,11J,"NHS DORSET",6798,12711.57,0,0
2025-04-01,97R,"NHS EAST SUSSEX",6867,14821.89,0,0
2025-04-01,11M,"NHS GLOUCESTERSHIRE",7089,13845.97,0,0
2025-04-01,99A,"NHS LIVERPOOL",7165,15467.26,0,0
2025-04-01,A3A8R,"NHS NORTH EAST LONDON",7342,16950.64,0,0
2025-04-01,18C,"NHS HEREFORDSHIRE AND WORCESTERSHIRE",7499,16893.76,0,0
2025-04-01,92A,"NHS SURREY HEARTLANDS",7773,23358.3,0,0
2025-04-01,15C,"NHS BRISTOL, NORTH SOMERSET AND SOUTH GLOUCESTERSHIRE",7826,11930.54,0,0
2025-04-01,B2M3M,"NHS COVENTRY AND WARWICKSHIRE",7857,25503.37,0,0
2025-04-01,36L,"NHS SOUTH WEST LONDON",8144,15281.06,0,0
2025-04-01,92G,"NHS BATH AND NORTH EAST SOMERSET, SWINDON AND WILTSHIRE",8332,12142.64,0,0
2025-04-01,71E,"NHS LINCOLNSHIRE",8361,23308.14,0,0
2025-04-01,93C,"NHS NORTH CENTRAL LONDON",8895,21998.54,0,0
2025-04-01,15E,"NHS BIRMINGHAM AND SOLIHULL",8974,28148.56,0,0
2025-04-01,D2P2L,"NHS BLACK COUNTRY",9590,32361.68,0,0
2025-04-01,W2U3Z,"NHS NORTH WEST LONDON",10998,22754.66,0,0
2025-04-01,D9Y0V,"NHS HAMPSHIRE, SOUTHAMPTON AND ISLE OF WIGHT",11025,34966.49,0,0
2025-04-01,15M,"NHS DERBY AND DERBYSHIRE",11148,16759.32,0,0
2025-04-01,91Q,"NHS KENT AND MEDWAY",11559,32180.42,0,0
2025-04-01,26A,"NHS NORFOLK AND WAVENEY",12468,23859.23,0,0
2025-04-01,15N,"NHS DEVON",12927,23367.83,0,0
2025-05-01,09W,"NHS MEDWAY",0,0,0,0
2025-05-01,D4U1Y,"NHS FRIMLEY",148,201.82,0,0
2025-05-01,07G,"NHS THURROCK",465,2237.97,0,0
2025-05-01,02Q,"NHS BASSETLAW",817,1794.35,0,0
2025-05-01,02G,"NHS WEST LANCASHIRE",856,3149.78,0,0
2025-05-01,00N,"NHS SOUTH TYNESIDE",866,2344.66,0,0
2025-05-01,03H,"NHS NORTH EAST LINCOLNSHIRE",891,2315.12,0,0
2025-05-01,05D,"NHS EAST STAFFORDSHIRE",957,3763.61,0,0
2025-05-01,00V,"NHS BURY",975,3231.57,0,0
2025-05-01,99F,"NHS CASTLE POINT AND ROCHFORD",1044,2635.86,0,0
2025-05-01,04Y,"NHS CANNOCK CHASE",1130,8145.67,0,0
2025-05-01,01D,"NHS HEYWOOD, MIDDLETON AND ROCHDALE",1139,3405.83,0,0
2025-05-01,01E,"NHS GREATER PRESTON",1157,5242.72,0,0
2025-05-01,00R,"NHS BLACKPOOL",1159,3224.6,0,0
2025-05-01,05V,"NHS STAFFORD AND SURROUNDS",1169,3740.56,0,0
2025-05-01,00X,"NHS CHORLEY AND SOUTH RIBBLE",1182,4108.2,0,0
2025-05-01,03Q,"NHS VALE OF YORK",1191,2925.37,0,0
2025-05-01,02M,"NHS FYLDE AND WYRE",1199,4371.11,0,0
2025-05-01,99E,"NHS BASILDON AND BRENTWOOD",1300,2453.44,0,0
2025-05-01,02T,"NHS CALDERDALE",1386,3832.91,0,0
2025-05-01,03K,"NHS NORTH LINCOLNSHIRE",1397,5102.67,0,0
2025-05-01,00T,"NHS BOLTON",1444,11604.27,0,0
2025-05-01,99G,"NHS SOUTHEND",1490,2272.95,0,0
2025-05-01,05Q,"NHS SOUTH EAST STAFFORDSHIRE AND SEISDON PENINSULA",1493,6543.2,0,0
2025-05-01,00Y,"NHS OLDHAM",1547,6767.63,0,0
2025-05-01,01G,"NHS SALFORD",1562,4820.41,0,0
2025-05-01,01V,"NHS SOUTHPORT AND FORMBY",1603,6481.19,0,0
2025-05-01,10R,"NHS PORTSMOUTH",1660,3069.89,0,0
2025-05-01,02A,"NHS TRAFFORD",1670,2620.48,0,0
2025-05-01,02X,"NHS DONCASTER",1674,4543.8,0,0
2025-05-01,01H,"NHS NORTH CUMBRIA",1677,5695.77,0,0
2025-05-01,03F,"NHS HULL",1710,6017.21,0,0
2025-05-01,00P,"NHS SUNDERLAND",1730,4642.79,0,0
2025-05-01,02Y,"NHS EAST RIDING OF YORKSHIRE",1752,5082.05,0,0
2025-05-01,07K,"NHS WEST SUFFOLK",1806,3361.27,0,0
2025-05-01,99C,"NHS NORTH TYNESIDE",1852,4982.18,0,0
2025-05-01,07H,"NHS WEST ESSEX",1863,3666.78,0,0
2025-05-01,01F,"NHS HALTON",1879,6290.36,0,0
2025-05-01,05G,"NHS NORTH STAFFORDSHIRE",1893,5531.98,0,0
2025-05-01,00Q,"NHS BLACKBURN WITH DARWEN",1894,4795.76,0,0
2025-05-01,03L,"NHS ROTHERHAM",2067,4247.17,0,0
2025-05-01,01J,"NHS KNOWSLEY",2156,7128.53,0,0
2025-05-01,01T,"NHS SOUTH SEFTON",2165,8691.63,0,0
2025-05-01,U2G6B,"NHS THAMES VALLEY ICB - U2G6B",2203,11264.03,0,0
2025-05-01,15A,"NHS BERKSHIRE WEST",2237,6072.83,0,0
2025-05-01,02E,"NHS WARRINGTON",2254,8188.25,0,0
2025-05-01,01A,"NHS EAST LANCASHIRE",2292,11272.13,0,0
2025-05-01,05W,"NHS STOKE ON TRENT",2292,7425.03,0,0
2025-05-01,00L,"NHS NORTHUMBERLAND",2366,5649.37,0,0
2025-05-01,01K,"NHS MORECAMBE BAY",2418,8890.92,0,0
2025-05-01,01Y,"NHS TAMESIDE AND GLOSSOP",2527,4694.39,0,0
2025-05-01,02H,"NHS WIGAN BOROUGH",2662,9689.42,0,0
2025-05-01,03W,"NHS EAST LEICESTERSHIRE AND RUTLAND",2770,8004.08,0,0
2025-05-01,02P,"NHS BARNSLEY",2843,7077.27,0,0
2025-05-01,14Y,"NHS BUCKINGHAMSHIRE",2852,16062.5,0,0
2025-05-01,01W,"NHS STOCKPORT",2960,7461.01,0,0
2025-05-01,03R,"NHS WAKEFIELD",3118,9635.39,0,0
2025-05-01,X2C4Y,"NHS KIRKLEES",3163,10293.61,0,0
2025-05-01,04C,"NHS LEICESTER CITY",3254,11119.76,0,0
2025-05-01,06N,"NHS HERTS VALLEYS",3301,10483.25,0,0
2025-05-01,06Q,"NHS MID ESSEX",3345,8362.86,0,0
2025-05-01,42D,"NHS NORTH YORKSHIRE",3364,8590.48,0,0
2025-05-01,06L,"NHS IPSWICH AND EAST SUFFOLK",3420,6785.96,0,0
2025-05-01,10Q,"NHS OXFORDSHIRE",3482,14152.43,0,0
2025-05-01,06K,"NHS EAST AND NORTH HERTFORDSHIRE",3745,8879.93,0,0
2025-05-01,84H,"NHS COUNTY DURHAM",3898,7633.52,0,0
2025-05-01,13T,"NHS NEWCASTLE GATESHEAD",3928,7401.34,0,0
2025-05-01,01X,"NHS ST HELENS",3955,14601.16,0,0
2025-05-01,15F,"NHS LEEDS",3977,8766.99,0,0
2025-05-01,36J,"NHS BRADFORD DISTRICT AND CRAVEN",4005,14997.69,0,0
2025-05-01,M2L0M,"NHS SHROPSHIRE, TELFORD AND WREKIN",4110,15666.53,0,0
2025-05-01,09D,"NHS BRIGHTON AND HOVE",4137,5808.69,0,0
2025-05-01,04V,"NHS WEST LEICESTERSHIRE",4282,11311.92,0,0
2025-05-01,12F,"NHS WIRRAL",4317,9479.67,0,0
2025-05-01,16C,"NHS TEES VALLEY",4584,13490.28,0,0
2025-05-01,03N,"NHS SHEFFIELD",4748,9412.58,0,0
2025-05-01,06T,"NHS NORTH EAST ESSEX",4811,10832.17,0,0
2025-05-01,14L,"NHS MANCHESTER",4854,8419.12,0,0
2025-05-01,11X,"NHS SOMERSET",4955,11401.77,0,0
2025-05-01,27D,"NHS CHESHIRE",5704,16811.34,0,0
2025-05-01,78H,"NHS NORTHAMPTONSHIRE",5813,10551.31,0,0
2025-05-01,06H,"NHS CAMBRIDGESHIRE AND PETERBOROUGH",6103,11626.12,0,0
2025-05-01,52R,"NHS NOTTINGHAM AND NOTTINGHAMSHIRE",6172,12128.97,0,0
2025-05-01,70F,"NHS WEST SUSSEX",6194,14374.61,0,0
2025-05-01,72Q,"NHS SOUTH EAST LONDON",6220,14351.4,0,0
2025-05-01,11N,"NHS CORNWALL AND THE ISLES OF SCILLY",6357,9893.31,0,0
2025-05-01,M1J4Y,"NHS BEDFORDSHIRE, LUTON AND MILTON KEYNES",6446,16611.19,0,0
2025-05-01,11J,"NHS DORSET",6907,11988.56,0,0
2025-05-01,97R,"NHS EAST SUSSEX",6994,18065.95,0,0
2025-05-01,11M,"NHS GLOUCESTERSHIRE",7159,13176.03,0,0
2025-05-01,99A,"NHS LIVERPOOL",7256,15603.88,0,0
2025-05-01,A3A8R,"NHS NORTH EAST LONDON",7457,16146.31,0,0
2025-05-01,18C,"NHS HEREFORDSHIRE AND WORCESTERSHIRE",7625,19627.2,0,0
2025-05-01,B2M3M,"NHS COVENTRY AND WARWICKSHIRE",7794,24143.71,0,0
2025-05-01,15C,"NHS BRISTOL, NORTH SOMERSET AND SOUTH GLOUCESTERSHIRE",7807,12594.08,0,0
2025-05-01,92A,"NHS SURREY HEARTLANDS",8095,23549.28,0,0
2025-05-01,36L,"NHS SOUTH WEST LONDON",8313,16242.39,0,0
2025-05-01,92G,"NHS BATH AND NORTH EAST SOMERSET, SWINDON AND WILTSHIRE",8655,12365.72,0,0
2025-05-01,71E,"NHS LINCOLNSHIRE",8719,21098.02,0,0
2025-05-01,93C,"NHS NORTH CENTRAL LONDON",9006,20351.38,0,0
2025-05-01,15E,"NHS BIRMINGHAM AND SOLIHULL",9220,28482.27,0,0
2025-05-01,D2P2L,"NHS BLACK COUNTRY",9684,34072.14,0,0
2025-05-01,W2U3Z,"NHS NORTH WEST LONDON",11357,27147.66,0,0
2025-05-01,D9Y0V,"NHS HAMPSHIRE, SOUTHAMPTON AND ISLE OF WIGHT",11358,34026.72,0,0
2025-05-01,15M,"NHS DERBY AND DERBYSHIRE",11547,17545.08,0,0
2025-05-01,91Q,"NHS KENT AND MEDWAY",11985,34817.99,0,0
2025-05-01,26A,"NHS NORFOLK AND WAVENEY",12855,27178.05,0,0
2025-05-01,15N,"NHS DEVON",13250,25501.6,0,0
2025-06-01,09W,"NHS MEDWAY",0,0,0,0
2025-06-01,D4U1Y,"NHS FRIMLEY",111,46.7,0,0
2025-06-01,07G,"NHS THURROCK",471,2201.91,0,0
2025-06-01,00N,"NHS SOUTH TYNESIDE",779,2025.77,0,0
2025-06-01,02Q,"NHS BASSETLAW",791,1550.26,0,0
2025-06-01,03H,"NHS NORTH EAST LINCOLNSHIRE",838,1927.97,0,0
2025-06-01,02G,"NHS WEST LANCASHIRE",853,3052.58,0,0
2025-06-01,05D,"NHS EAST STAFFORDSHIRE",910,5010.14,0,0
2025-06-01,00V,"NHS BURY",971,4228.65,0,0
2025-06-01,99F,"NHS CASTLE POINT AND ROCHFORD",1010,3281.17,0,0
2025-06-01,04Y,"NHS CANNOCK CHASE",1035,5524.11,0,0
2025-06-01,01E,"NHS GREATER PRESTON",1074,4184,0,0
2025-06-01,00R,"NHS BLACKPOOL",1083,3147.37,0,0
2025-06-01,01D,"NHS HEYWOOD, MIDDLETON AND ROCHDALE",1105,2654.41,0,0
2025-06-01,03Q,"NHS VALE OF YORK",1121,3194.84,0,0
2025-06-01,05V,"NHS STAFFORD AND SURROUNDS",1131,5044.28,0,0
2025-06-01,00X,"NHS CHORLEY AND SOUTH RIBBLE",1167,4777.1,0,0
2025-06-01,02M,"NHS FYLDE AND WYRE",1219,4424.86,0,0
2025-06-01,99E,"NHS BASILDON AND BRENTWOOD",1227,2545.69,0,0
2025-06-01,03K,"NHS NORTH LINCOLNSHIRE",1369,4390.94,0,0
2025-06-01,02T,"NHS CALDERDALE",1381,3620.39,0,0
2025-06-01,00T,"NHS BOLTON",1400,8328.39,0,0
2025-06-01,05Q,"NHS SOUTH EAST STAFFORDSHIRE AND SEISDON PENINSULA",1409,6766.21,0,0
2025-06-01,99G,"NHS SOUTHEND",1456,3429.44,0,0
2025-06-01,00Y,"NHS OLDHAM",1498,7374.8,0,0
2025-06-01,01G,"NHS SALFORD",1504,4136.65,0,0
2025-06-01,02X,"NHS DONCASTER",1599,4222.88,0,0
2025-06-01,01V,"NHS SOUTHPORT AND FORMBY",1601,5753.41,0,0
2025-06-01,01H,"NHS NORTH CUMBRIA",1602,4986.02,0,0
2025-06-01,03F,"NHS HULL",1653,5633.14,0,0
2025-06-01,02Y,"NHS EAST RIDING OF YORKSHIRE",1656,5343.45,0,0
2025-06-01,02A,"NHS TRAFFORD",1659,2876.54,0,0
2025-06-01,00P,"NHS SUNDERLAND",1719,4840.65,0,0
2025-06-01,07K,"NHS WEST SUFFOLK",1724,3131.59,0,0
2025-06-01,10R,"NHS PORTSMOUTH",1729,3810.94,0,0
2025-06-01,99C,"NHS NORTH TYNESIDE",1730,5149.3,0,0
2025-06-01,07H,"NHS WEST ESSEX",1744,3225.9,0,0
2025-06-01,00Q,"NHS BLACKBURN WITH DARWEN",1745,6109.33,0,0
2025-06-01,01F,"NHS HALTON",1882,6466.95,0,0
2025-06-01,03L,"NHS ROTHERHAM",1936,4851.97,0,0
2025-06-01,05G,"NHS NORTH STAFFORDSHIRE",1944,8881.23,0,0
2025-06-01,01A,"NHS EAST LANCASHIRE",2083,10733.18,0,0
2025-06-01,15A,"NHS BERKSHIRE WEST",2109,6744.99,0,0
2025-06-01,01T,"NHS SOUTH SEFTON",2134,8839.86,0,0
2025-06-01,U2G6B,"NHS THAMES VALLEY ICB - U2G6B",2151,10402.62,0,0
2025-06-01,02E,"NHS WARRINGTON",2166,8973.61,0,0
2025-06-01,01J,"NHS KNOWSLEY",2176,7659.85,0,0
2025-06-01,05W,"NHS STOKE ON TRENT",2252,7822.62,0,0
2025-06-01,01K,"NHS MORECAMBE BAY",2342,8297.05,0,0
2025-06-01,00L,"NHS NORTHUMBERLAND",2411,7116.33,0,0
2025-06-01,01Y,"NHS TAMESIDE AND GLOSSOP",2426,4966.4,0,0
2025-06-01,02H,"NHS WIGAN BOROUGH",2620,9335.63,0,0
2025-06-01,14Y,"NHS BUCKINGHAMSHIRE",2634,15298.67,0,0
2025-06-01,01W,"NHS STOCKPORT",2732,7312.11,0,0
2025-06-01,02P,"NHS BARNSLEY",2855,7731.54,0,0
2025-06-01,03W,"NHS EAST LEICESTERSHIRE AND RUTLAND",2897,7172.62,0,0
2025-06-01,04C,"NHS LEICESTER CITY",2990,10101.81,0,0
2025-06-01,03R,"NHS WAKEFIELD",3016,10241.51,0,0
2025-06-01,X2C4Y,"NHS KIRKLEES",3181,11096.87,0,0
2025-06-01,06L,"NHS IPSWICH AND EAST SUFFOLK",3191,5884.21,0,0
2025-06-01,06N,"NHS HERTS VALLEYS",3197,10796.14,0,0
2025-06-01,42D,"NHS NORTH YORKSHIRE",3230,8502.01,0,0
2025-06-01,06Q,"NHS MID ESSEX",3260,7417.45,0,0
2025-06-01,10Q,"NHS OXFORDSHIRE",3343,15663.48,0,0
2025-06-01,84H,"NHS COUNTY DURHAM",3605,7070.68,0,0
2025-06-01,06K,"NHS EAST AND NORTH HERTFORDSHIRE",3671,9578.82,0,0
2025-06-01,15F,"NHS LEEDS",3720,9200.29,0,0
2025-06-01,13T,"NHS NEWCASTLE GATESHEAD",3782,6694.73,0,0
2025-06-01,36J,"NHS BRADFORD DISTRICT AND CRAVEN",3888,12953.41,0,0
2025-06-01,09D,"NHS BRIGHTON AND HOVE",3936,5826.57,0,0
2025-06-01,01X,"NHS ST HELENS",3998,13954.52,0,0
2025-06-01,M2L0M,"NHS SHROPSHIRE, TELFORD AND WREKIN",4009,15660.66,0,0
2025-06-01,12F,"NHS WIRRAL",4125,9125.02,0,0
2025-06-01,04V,"NHS WEST LEICESTERSHIRE",4127,10838.67,0,0
2025-06-01,06T,"NHS NORTH EAST ESSEX",4475,7644.52,0,0
2025-06-01,16C,"NHS TEES VALLEY",4512,15873.44,0,0
2025-06-01,14L,"NHS MANCHESTER",4643,9522.93,0,0
2025-06-01,11X,"NHS SOMERSET",4710,19311.3,0,0
2025-06-01,03N,"NHS SHEFFIELD",4759,8247.22,0,0
2025-06-01,27D,"NHS CHESHIRE",5473,15392.08,0,0
2025-06-01,78H,"NHS NORTHAMPTONSHIRE",5498,10925.71,0,0
2025-06-01,06H,"NHS CAMBRIDGESHIRE AND PETERBOROUGH",5771,14113.29,0,0
2025-06-01,52R,"NHS NOTTINGHAM AND NOTTINGHAMSHIRE",5901,10314.58,0,0
2025-06-01,70F,"NHS WEST SUSSEX",5913,14105.8,0,0
2025-06-01,72Q,"NHS SOUTH EAST LONDON",6011,13973.44,0,0
2025-06-01,M1J4Y,"NHS BEDFORDSHIRE, LUTON AND MILTON KEYNES",6258,18608.41,0,0
2025-06-01,11N,"NHS CORNWALL AND THE ISLES OF SCILLY",6267,10521.03,0,0
2025-06-01,11J,"NHS DORSET",6658,10570.98,0,0
2025-06-01,97R,"NHS EAST SUSSEX",6757,17820.08,0,0
2025-06-01,99A,"NHS LIVERPOOL",7231,16195.7,0,0
2025-06-01,A3A8R,"NHS NORTH EAST LONDON",7314,15715.76,0,0
2025-06-01,11M,"NHS GLOUCESTERSHIRE",7322,13566.85,0,0
2025-06-01,18C,"NHS HEREFORDSHIRE AND WORCESTERSHIRE",7472,19239.69,0,0
2025-06-01,15C,"NHS BRISTOL, NORTH SOMERSET AND SOUTH GLOUCESTERSHIRE",7555,11959.94,0,0
2025-06-01,92A,"NHS SURREY HEARTLANDS",7713,22645.52,0,0
2025-06-01,B2M3M,"NHS COVENTRY AND WARWICKSHIRE",7723,25321.81,0,0
2025-06-01,36L,"NHS SOUTH WEST LONDON",8205,22821.53,0,0
2025-06-01,92G,"NHS BATH AND NORTH EAST SOMERSET, SWINDON AND WILTSHIRE",8391,12193.57,0,0
2025-06-01,71E,"NHS LINCOLNSHIRE",8535,21432.15,0,0
2025-06-01,93C,"NHS NORTH CENTRAL LONDON",8756,22464.01,0,0
2025-06-01,15E,"NHS BIRMINGHAM AND SOLIHULL",9006,27154.79,0,0
2025-06-01,D2P2L,"NHS BLACK COUNTRY",9242,32006.54,0,0
2025-06-01,W2U3Z,"NHS NORTH WEST LONDON",10763,25314.09,0,0
2025-06-01,D9Y0V,"NHS HAMPSHIRE, SOUTHAMPTON AND ISLE OF WIGHT",10849,36556.64,0,0
2025-06-01,15M,"NHS DERBY AND DERBYSHIRE",10889,16773.49,0,0
2025-06-01,91Q,"NHS KENT AND MEDWAY",11583,30888.49,0,0
2025-06-01,26A,"NHS NORFOLK AND WAVENEY",12291,23788.51,0,0
2025-06-01,15N,"NHS DEVON",12819,24602.43,0,0
2025-07-01,09W,"NHS MEDWAY",0,0,0,0
2025-07-01,D4U1Y,"NHS FRIMLEY",123,281.99,0,0
2025-07-01,07G,"NHS THURROCK",499,1562.14,0,0
2025-07-01,02Q,"NHS BASSETLAW",862,1664.38,0,0
2025-07-01,00N,"NHS SOUTH TYNESIDE",879,2718.87,0,0
2025-07-01,02G,"NHS WEST LANCASHIRE",896,3377.42,0,0
2025-07-01,03H,"NHS NORTH EAST LINCOLNSHIRE",940,2474.59,0,0
2025-07-01,05D,"NHS EAST STAFFORDSHIRE",978,3780.57,0,0
2025-07-01,00V,"NHS BURY",1015,4132.8,0,0
2025-07-01,99F,"NHS CASTLE POINT AND ROCHFORD",1112,2940.95,0,0
2025-07-01,04Y,"NHS CANNOCK CHASE",1120,6658.58,0,0
2025-07-01,01E,"NHS GREATER PRESTON",1139,4742.48,0,0
2025-07-01,01D,"NHS HEYWOOD, MIDDLETON AND ROCHDALE",1150,2683.54,0,0
2025-07-01,00R,"NHS BLACKPOOL",1160,2378.61,0,0
2025-07-01,05V,"NHS STAFFORD AND SURROUNDS",1167,4265.12,0,0
2025-07-01,00X,"NHS CHORLEY AND SOUTH RIBBLE",1194,5186.35,0,0
2025-07-01,03Q,"NHS VALE OF YORK",1208,3142.52,0,0
2025-07-01,02M,"NHS FYLDE AND WYRE",1291,4901.5,0,0
2025-07-01,02T,"NHS CALDERDALE",1338,2949.49,0,0
2025-07-01,99E,"NHS BASILDON AND BRENTWOOD",1378,2376.92,0,0
2025-07-01,03K,"NHS NORTH LINCOLNSHIRE",1466,3848.49,0,0
2025-07-01,99G,"NHS SOUTHEND",1468,3259.58,0,0
2025-07-01,00T,"NHS BOLTON",1482,10408.6,0,0
2025-07-01,05Q,"NHS SOUTH EAST STAFFORDSHIRE AND SEISDON PENINSULA",1490,7002.41,0,0
2025-07-01,01G,"NHS SALFORD",1650,6447.2,0,0
2025-07-01,00Y,"NHS OLDHAM",1666,5606.28,0,0
2025-07-01,01V,"NHS SOUTHPORT AND FORMBY",1703,3928.04,0,0
2025-07-01,01H,"NHS NORTH CUMBRIA",1716,4580.88,0,0
2025-07-01,02A,"NHS TRAFFORD",1716,2590.91,0,0
2025-07-01,02X,"NHS DONCASTER",1733,4481.15,0,0
2025-07-01,10R,"NHS PORTSMOUTH",1756,3514.09,0,0
2025-07-01,03F,"NHS HULL",1764,5995.35,0,0
2025-07-01,02Y,"NHS EAST RIDING OF YORKSHIRE",1775,5899.01,0,0
2025-07-01,07K,"NHS WEST SUFFOLK",1847,3443.58,0,0
2025-07-01,07H,"NHS WEST ESSEX",1859,4197.57,0,0
2025-07-01,00Q,"NHS BLACKBURN WITH DARWEN",1884,5039.79,0,0
2025-07-01,00P,"NHS SUNDERLAND",1903,4940.13,0,0
2025-07-01,99C,"NHS NORTH TYNESIDE",1942,4781.68,0,0
2025-07-01,01F,"NHS HALTON",2033,7253.37,0,0
2025-07-01,05G,"NHS NORTH STAFFORDSHIRE",2047,5207.12,0,0
2025-07-01,03L,"NHS ROTHERHAM",2067,4119.82,0,0
2025-07-01,01J,"NHS KNOWSLEY",2260,6644.64,0,0
2025-07-01,15A,"NHS BERKSHIRE WEST",2267,6283.8,0,0
2025-07-01,01T,"NHS SOUTH SEFTON",2292,7441.2,0,0
2025-07-01,01A,"NHS EAST LANCASHIRE",2328,12734.74,0,0
2025-07-01,U2G6B,"NHS THAMES VALLEY ICB - U2G6B",2342,10629.16,0,0
2025-07-01,02E,"NHS WARRINGTON",2347,8207.77,0,0
2025-07-01,01K,"NHS MORECAMBE BAY",2416,8190.46,0,0
2025-07-01,05W,"NHS STOKE ON TRENT",2470,7341.62,0,0
2025-07-01,00L,"NHS NORTHUMBERLAND",2536,6693.19,0,0
2025-07-01,01Y,"NHS TAMESIDE AND GLOSSOP",2617,5072.41,0,0
2025-07-01,14Y,"NHS BUCKINGHAMSHIRE",2703,7162.21,0,0
2025-07-01,02H,"NHS WIGAN BOROUGH",2715,9027.02,0,0
2025-07-01,03W,"NHS EAST LEICESTERSHIRE AND RUTLAND",2908,6465.13,0,0
2025-07-01,02P,"NHS BARNSLEY",2933,6342.95,0,0
2025-07-01,01W,"NHS STOCKPORT",3013,6908.12,0,0
2025-07-01,03R,"NHS WAKEFIELD",3218,14789.32,0,0
2025-07-01,X2C4Y,"NHS KIRKLEES",3325,11834.15,0,0
2025-07-01,04C,"NHS LEICESTER CITY",3372,11396.39,0,0
2025-07-01,06N,"NHS HERTS VALLEYS",3374,9936.83,0,0
2025-07-01,10Q,"NHS OXFORDSHIRE",3413,14978.51,0,0
2025-07-01,06L,"NHS IPSWICH AND EAST SUFFOLK",3464,6749.47,0,0
2025-07-01,42D,"NHS NORTH YORKSHIRE",3469,10177.07,0,0
2025-07-01,06Q,"NHS MID ESSEX",3515,7161.8,0,0
2025-07-01,06K,"NHS EAST AND NORTH HERTFORDSHIRE",3817,8300.5,0,0
2025-07-01,09D,"NHS BRIGHTON AND HOVE",3856,4924.66,0,0
2025-07-01,13T,"NHS NEWCASTLE GATESHEAD",3920,7588.92,0,0
2025-07-01,15F,"NHS LEEDS",3954,9093.27,0,0
2025-07-01,84H,"NHS COUNTY DURHAM",3970,7463.16,0,0
2025-07-01,36J,"NHS BRADFORD DISTRICT AND CRAVEN",4123,23745.52,0,0
2025-07-01,01X,"NHS ST HELENS",4178,15464.2,0,0
2025-07-01,M2L0M,"NHS SHROPSHIRE, TELFORD AND WREKIN",4232,16843.28,0,0
2025-07-01,04V,"NHS WEST LEICESTERSHIRE",4389,12182.68,0,0
2025-07-01,12F,"NHS WIRRAL",4509,9375.01,0,0
2025-07-01,16C,"NHS TEES VALLEY",4726,17178.4,0,0
2025-07-01,06T,"NHS NORTH EAST ESSEX",4912,9499.02,0,0
2025-07-01,03N,"NHS SHEFFIELD",5092,9024.06,0,0
2025-07-01,14L,"NHS MANCHESTER",5112,8959.52,0,0
2025-07-01,11X,"NHS SOMERSET",5147,11834.89,0,0
2025-07-01,78H,"NHS NORTHAMPTONSHIRE",5778,10275.6,0,0
2025-07-01,27D,"NHS CHESHIRE",5860,17169.57,0,0
2025-07-01,06H,"NHS CAMBRIDGESHIRE AND PETERBOROUGH",6162,11428.22,0,0
2025-07-01,52R,"NHS NOTTINGHAM AND NOTTINGHAMSHIRE",6339,12971.32,0,0
2025-07-01,70F,"NHS WEST SUSSEX",6429,13595.11,0,0
2025-07-01,72Q,"NHS SOUTH EAST LONDON",6448,13883.8,0,0
2025-07-01,11N,"NHS CORNWALL AND THE ISLES OF SCILLY",6568,9690.04,0,0
2025-07-01,M1J4Y,"NHS BEDFORDSHIRE, LUTON AND MILTON KEYNES",6802,21862.88,0,0
2025-07-01,97R,"NHS EAST SUSSEX",7015,17880.3,0,0
2025-07-01,11J,"NHS DORSET",7158,12460.6,0,0
2025-07-01,11M,"NHS GLOUCESTERSHIRE",7346,11986.55,0,0
2025-07-01,99A,"NHS LIVERPOOL",7621,15389.45,0,0
2025-07-01,A3A8R,"NHS NORTH EAST LONDON",7910,18000.2,0,0
2025-07-01,18C,"NHS HEREFORDSHIRE AND WORCESTERSHIRE",7963,25116.63,0,0
2025-07-01,15C,"NHS BRISTOL, NORTH SOMERSET AND SOUTH GLOUCESTERSHIRE",7973,12640.95,0,0
2025-07-01,B2M3M,"NHS COVENTRY AND WARWICKSHIRE",8093,25421.62,0,0
2025-07-01,92A,"NHS SURREY HEARTLANDS",8214,24793.38,0,0
2025-07-01,36L,"NHS SOUTH WEST LONDON",8497,14656.6,0,0
2025-07-01,92G,"NHS BATH AND NORTH EAST SOMERSET, SWINDON AND WILTSHIRE",8783,12298.19,0,0
2025-07-01,71E,"NHS LINCOLNSHIRE",8956,25182.71,0,0
2025-07-01,93C,"NHS NORTH CENTRAL LONDON",9232,20960.88,0,0
2025-07-01,15E,"NHS BIRMINGHAM AND SOLIHULL",9533,26874.16,0,0
2025-07-01,D2P2L,"NHS BLACK COUNTRY",10176,34982.2,0,0
2025-07-01,W2U3Z,"NHS NORTH WEST LONDON",11513,24412.4,0,0
2025-07-01,D9Y0V,"NHS HAMPSHIRE, SOUTHAMPTON AND ISLE OF WIGHT",11610,33174.44,0,0
2025-07-01,15M,"NHS DERBY AND DERBYSHIRE",11733,17903.44,0,0
2025-07-01,91Q,"NHS KENT AND MEDWAY",12183,32714.94,0,0
2025-07-01,26A,"NHS NORFOLK AND WAVENEY",12968,25916.56,0,0
2025-07-01,15N,"NHS DEVON",13387,24709.88,0,0
2025-08-01,09W,"NHS MEDWAY",0,0,0,0
2025-08-01,D4U1Y,"NHS FRIMLEY",124,168.81,0,0
2025-08-01,07G,"NHS THURROCK",435,1297.94,0,0
2025-08-01,02Q,"NHS BASSETLAW",761,1691.52,0,0
2025-08-01,03H,"NHS NORTH EAST LINCOLNSHIRE",783,1907.35,0,0
2025-08-01,02G,"NHS WEST LANCASHIRE",794,2893.6,0,0
2025-08-01,00N,"NHS SOUTH TYNESIDE",828,3638.72,0,0
2025-08-01,05D,"NHS EAST STAFFORDSHIRE",914,4199.15,0,0
2025-08-01,00V,"NHS BURY",945,3516.93,0,0
2025-08-01,05V,"NHS STAFFORD AND SURROUNDS",1009,3910.66,0,0
2025-08-01,99F,"NHS CASTLE POINT AND ROCHFORD",1023,2993.47,0,0
2025-08-01,01E,"NHS GREATER PRESTON",1024,4801.52,0,0
2025-08-01,04Y,"NHS CANNOCK CHASE",1027,5516.62,0,0
2025-08-01,01D,"NHS HEYWOOD, MIDDLETON AND ROCHDALE",1030,2663.18,0,0
2025-08-01,00R,"NHS BLACKPOOL",1041,2449.79,0,0
2025-08-01,00X,"NHS CHORLEY AND SOUTH RIBBLE",1054,4406.38,0,0
2025-08-01,03Q,"NHS VALE OF YORK",1137,3162.14,0,0
2025-08-01,02M,"NHS FYLDE AND WYRE",1187,3415.48,0,0
2025-08-01,99E,"NHS BASILDON AND BRENTWOOD",1224,2530.29,0,0
2025-08-01,02T,"NHS CALDERDALE",1269,2681.61,0,0
2025-08-01,00T,"NHS BOLTON",1347,8012.96,0,0
2025-08-01,03K,"NHS NORTH LINCOLNSHIRE",1358,3366.47,0,0
2025-08-01,05Q,"NHS SOUTH EAST STAFFORDSHIRE AND SEISDON PENINSULA",1362,5827.76,0,0
2025-08-01,99G,"NHS SOUTHEND",1367,2283.73,0,0
2025-08-01,01G,"NHS SALFORD",1475,4190.18,0,0
2025-08-01,01H,"NHS NORTH CUMBRIA",1496,4634.99,0,0
2025-08-01,00Y,"NHS OLDHAM",1502,8405.22,0,0
2025-08-01,01V,"NHS SOUTHPORT AND FORMBY",1596,5932,0,0
2025-08-01,02X,"NHS DONCASTER",1603,3274.33,0,0
2025-08-01,02A,"NHS TRAFFORD",1647,2676.93,0,0
2025-08-01,00P,"NHS SUNDERLAND",1663,3959.96,0,0
2025-08-01,03F,"NHS HULL",1678,4771.82,0,0
2025-08-01,02Y,"NHS EAST RIDING OF YORKSHIRE",1684,4531.73,0,0
2025-08-01,07K,"NHS WEST SUFFOLK",1697,4068.42,0,0
2025-08-01,10R,"NHS PORTSMOUTH",1716,3472.76,0,0
2025-08-01,00Q,"NHS BLACKBURN WITH DARWEN",1739,4569.35,0,0
2025-08-01,07H,"NHS WEST ESSEX",1757,3380.99,0,0
2025-08-01,99C,"NHS NORTH TYNESIDE",1762,4162.2,0,0
2025-08-01,01F,"NHS HALTON",1815,6631.47,0,0
2025-08-01,05G,"NHS NORTH STAFFORDSHIRE",1889,4793.78,0,0
2025-08-01,03L,"NHS ROTHERHAM",1915,4162.17,0,0
2025-08-01,15A,"NHS BERKSHIRE WEST",1951,5470.49,0,0
2025-08-01,01A,"NHS EAST LANCASHIRE",2022,6493.79,0,0
2025-08-01,02E,"NHS WARRINGTON",2067,7653.44,0,0
2025-08-01,01J,"NHS KNOWSLEY",2093,5432.16,0,0
2025-08-01,U2G6B,"NHS THAMES VALLEY ICB - U2G6B",2110,8216.58,0,0
2025-08-01,01T,"NHS SOUTH SEFTON",2111,10184.39,0,0
2025-08-01,05W,"NHS STOKE ON TRENT",2193,6960.28,0,0
2025-08-01,01K,"NHS MORECAMBE BAY",2241,7520.79,0,0
2025-08-01,00L,"NHS NORTHUMBERLAND",2275,4903.31,0,0
2025-08-01,01Y,"NHS TAMESIDE AND GLOSSOP",2333,4440.74,0,0
2025-08-01,14Y,"NHS BUCKINGHAMSHIRE",2455,6832.76,0,0
2025-08-01,02H,"NHS WIGAN BOROUGH",2598,14172.43,0,0
2025-08-01,02P,"NHS BARNSLEY",2725,7466.94,0,0
2025-08-01,03W,"NHS EAST LEICESTERSHIRE AND RUTLAND",2728,6850.11,0,0
2025-08-01,01W,"NHS STOCKPORT",2754,6417.63,0,0
2025-08-01,03R,"NHS WAKEFIELD",2860,10337.71,0,0
2025-08-01,X2C4Y,"NHS KIRKLEES",3051,8906.57,0,0
2025-08-01,04C,"NHS LEICESTER CITY",3061,10939.53,0,0
2025-08-01,06N,"NHS HERTS VALLEYS",3114,9069.37,0,0
2025-08-01,06L,"NHS IPSWICH AND EAST SUFFOLK",3191,5830.28,0,0
2025-08-01,42D,"NHS NORTH YORKSHIRE",3192,6672.61,0,0
2025-08-01,06Q,"NHS MID ESSEX",3218,7356.75,0,0
2025-08-01,10Q,"NHS OXFORDSHIRE",3293,13930.62,0,0
2025-08-01,06K,"NHS EAST AND NORTH HERTFORDSHIRE",3549,8285.47,0,0
2025-08-01,84H,"NHS COUNTY DURHAM",3574,6328.75,0,0
2025-08-01,15F,"NHS LEEDS",3711,8604.04,0,0
2025-08-01,13T,"NHS NEWCASTLE GATESHEAD",3737,7357.2,0,0
2025-08-01,36J,"NHS BRADFORD DISTRICT AND CRAVEN",3754,15118.54,0,0
2025-08-01,01X,"NHS ST HELENS",3936,14634.91,0,0
2025-08-01,M2L0M,"NHS SHROPSHIRE, TELFORD AND WREKIN",3957,15233.42,0,0
2025-08-01,09D,"NHS BRIGHTON AND HOVE",3978,4588.26,0,0
2025-08-01,12F,"NHS WIRRAL",4031,7742.38,0,0
2025-08-01,04V,"NHS WEST LEICESTERSHIRE",4055,10740,0,0
2025-08-01,16C,"NHS TEES VALLEY",4376,13029.64,0,0
2025-08-01,06T,"NHS NORTH EAST ESSEX",4497,8069.42,0,0
2025-08-01,03N,"NHS SHEFFIELD",4520,6855.38,0,0
2025-08-01,14L,"NHS MANCHESTER",4696,9133.01,0,0
2025-08-01,11X,"NHS SOMERSET",4721,24809.51,0,0
2025-08-01,78H,"NHS NORTHAMPTONSHIRE",5330,10692.67,0,0
2025-08-01,27D,"NHS CHESHIRE",5338,13986.02,0,0
2025-08-01,06H,"NHS CAMBRIDGESHIRE AND PETERBOROUGH",5676,11315.26,0,0
2025-08-01,70F,"NHS WEST SUSSEX",5793,12326.12,0,0
2025-08-01,52R,"NHS NOTTINGHAM AND NOTTINGHAMSHIRE",5912,12415.94,0,0
2025-08-01,72Q,"NHS SOUTH EAST LONDON",5930,14044.79,0,0
2025-08-01,M1J4Y,"NHS BEDFORDSHIRE, LUTON AND MILTON KEYNES",6209,16349.45,0,0
2025-08-01,11N,"NHS CORNWALL AND THE ISLES OF SCILLY",6243,8579.69,0,0
2025-08-01,11J,"NHS DORSET",6453,10358.5,0,0
2025-08-01,97R,"NHS EAST SUSSEX",6578,16474.08,0,0
2025-08-01,11M,"NHS GLOUCESTERSHIRE",6900,12666.73,0,0
2025-08-01,99A,"NHS LIVERPOOL",7027,13826.45,0,0
2025-08-01,15C,"NHS BRISTOL, NORTH SOMERSET AND SOUTH GLOUCESTERSHIRE",7186,13000.14,0,0
2025-08-01,A3A8R,"NHS NORTH EAST LONDON",7316,18540.7,0,0
2025-08-01,18C,"NHS HEREFORDSHIRE AND WORCESTERSHIRE",7351,20056.09,0,0
2025-08-01,92A,"NHS SURREY HEARTLANDS",7491,21559.64,0,0
2025-08-01,B2M3M,"NHS COVENTRY AND WARWICKSHIRE",7537,21321.57,0,0
2025-08-01,36L,"NHS SOUTH WEST LONDON",7933,17474.94,0,0
2025-08-01,71E,"NHS LINCOLNSHIRE",8089,19899.71,0,0
2025-08-01,92G,"NHS BATH AND NORTH EAST SOMERSET, SWINDON AND WILTSHIRE",8140,11429.01,0,0
2025-08-01,93C,"NHS NORTH CENTRAL LONDON",8528,21476.18,0,0
2025-08-01,15E,"NHS BIRMINGHAM AND SOLIHULL",8547,25798.98,0,0
2025-08-01,D2P2L,"NHS BLACK COUNTRY",9277,32498.05,0,0
2025-08-01,W2U3Z,"NHS NORTH WEST LONDON",10555,22322.69,0,0
2025-08-01,D9Y0V,"NHS HAMPSHIRE, SOUTHAMPTON AND ISLE OF WIGHT",10705,32643.53,0,0
2025-08-01,15M,"NHS DERBY AND DERBYSHIRE",10963,17542.24,0,0
2025-08-01,91Q,"NHS KENT AND MEDWAY",11227,32039.65,0,0
2025-08-01,26A,"NHS NORFOLK AND WAVENEY",12162,22245.3,0,0
2025-08-01,15N,"NHS DEVON",12494,19581.01,0,0
2025-09-01,09W,"NHS MEDWAY",0,0,0,0
2025-09-01,D4U1Y,"NHS FRIMLEY",134,127.86,0,0
2025-09-01,07G,"NHS THURROCK",466,1808.44,0,0
2025-09-01,00N,"NHS SOUTH TYNESIDE",829,1920.96,0,0
2025-09-01,02Q,"NHS BASSETLAW",833,1176.62,0,0
2025-09-01,02G,"NHS WEST LANCASHIRE",860,2498.57,0,0
2025-09-01,03H,"NHS NORTH EAST LINCOLNSHIRE",926,2200.62,0,0
2025-09-01,05D,"NHS EAST STAFFORDSHIRE",960,1678.07,0,0
2025-09-01,00V,"NHS BURY",975,2589.6,0,0
2025-09-01,99F,"NHS CASTLE POINT AND ROCHFORD",1035,2636.06,0,0
2025-09-01,04Y,"NHS CANNOCK CHASE",1067,7865.6,0,0
2025-09-01,01D,"NHS HEYWOOD, MIDDLETON AND ROCHDALE",1079,3197.03,0,0
2025-09-01,00X,"NHS CHORLEY AND SOUTH RIBBLE",1102,3654.18,0,0
2025-09-01,03Q,"NHS VALE OF YORK",1124,2910.52,0,0
2025-09-01,00R,"NHS BLACKPOOL",1137,2064.03,0,0
2025-09-01,01E,"NHS GREATER PRESTON",1148,6211.35,0,0
2025-09-01,05V,"NHS STAFFORD AND SURROUNDS",1161,4334.96,0,0
2025-09-01,02M,"NHS FYLDE AND WYRE",1194,2033.58,0,0
2025-09-01,99E,"NHS BASILDON AND BRENTWOOD",1291,3051.22,0,0
2025-09-01,00T,"NHS BOLTON",1336,10399.51,0,0
2025-09-01,02T,"NHS CALDERDALE",1347,3229.45,0,0
2025-09-01,03K,"NHS NORTH LINCOLNSHIRE",1359,4359.34,0,0
2025-09-01,05Q,"NHS SOUTH EAST STAFFORDSHIRE AND SEISDON PENINSULA",1433,5353.4,0,0
2025-09-01,99G,"NHS SOUTHEND",1438,2962.87,0,0
2025-09-01,00Y,"NHS OLDHAM",1521,5970.33,0,0
2025-09-01,01G,"NHS SALFORD",1608,7863.69,0,0
2025-09-01,02X,"NHS DONCASTER",1657,4171.92,0,0
2025-09-01,03F,"NHS HULL",1657,4293.16,0,0
2025-09-01,10R,"NHS PORTSMOUTH",1672,3748.77,0,0
2025-09-01,01V,"NHS SOUTHPORT AND FORMBY",1682,6129.67,0,0
2025-09-01,02A,"NHS TRAFFORD",1709,2356.13,0,0
2025-09-01,07H,"NHS WEST ESSEX",1718,3328.2,0,0
2025-09-01,01H,"NHS NORTH CUMBRIA",1724,5033.57,0,0
2025-09-01,07K,"NHS WEST SUFFOLK",1752,2949.35,0,0
2025-09-01,02Y,"NHS EAST RIDING OF YORKSHIRE",1780,5617.29,0,0
2025-09-01,99C,"NHS NORTH TYNESIDE",1784,6598.95,0,0
2025-09-01,00Q,"NHS BLACKBURN WITH DARWEN",1830,4797.62,0,0
2025-09-01,00P,"NHS SUNDERLAND",1847,3989.5,0,0
2025-09-01,05G,"NHS NORTH STAFFORDSHIRE",1907,7288.14,0,0
2025-09-01,01F,"NHS HALTON",1959,7397.73,0,0
2025-09-01,03L,"NHS ROTHERHAM",2083,3972.81,0,0
2025-09-01,15A,"NHS BERKSHIRE WEST",2112,7595.59,0,0
2025-09-01,02E,"NHS WARRINGTON",2171,7543.27,0,0
2025-09-01,01T,"NHS SOUTH SEFTON",2185,5094.52,0,0
2025-09-01,01A,"NHS EAST LANCASHIRE",2256,6527.95,0,0
2025-09-01,01J,"NHS KNOWSLEY",2257,5979.34,0,0
2025-09-01,05W,"NHS STOKE ON TRENT",2284,6227.1,0,0
2025-09-01,U2G6B,"NHS THAMES VALLEY ICB - U2G6B",2289,8867.52,0,0
2025-09-01,01K,"NHS MORECAMBE BAY",2372,5240.62,0,0
2025-09-01,00L,"NHS NORTHUMBERLAND",2444,5070.77,0,0
2025-09-01,01Y,"NHS TAMESIDE AND GLOSSOP",2543,4538.4,0,0
2025-09-01,14Y,"NHS BUCKINGHAMSHIRE",2632,9199.35,0,0
2025-09-01,02H,"NHS WIGAN BOROUGH",2729,8779.07,0,0
2025-09-01,03W,"NHS EAST LEICESTERSHIRE AND RUTLAND",2730,7086.47,0,0
2025-09-01,02P,"NHS BARNSLEY",2888,9303.99,0,0
2025-09-01,01W,"NHS STOCKPORT",2898,5783.71,0,0
2025-09-01,04C,"NHS LEICESTER CITY",3183,8072.32,0,0
2025-09-01,03R,"NHS WAKEFIELD",3199,11444.54,0,0
2025-09-01,X2C4Y,"NHS KIRKLEES",3251,11558.01,0,0
2025-09-01,06N,"NHS HERTS VALLEYS",3266,9240.19,0,0
2025-09-01,10Q,"NHS OXFORDSHIRE",3290,10628.6,0,0
2025-09-01,06L,"NHS IPSWICH AND EAST SUFFOLK",3305,7741.01,0,0
2025-09-01,42D,"NHS NORTH YORKSHIRE",3335,8267.73,0,0
2025-09-01,06Q,"NHS MID ESSEX",3352,6959.26,0,0
2025-09-01,84H,"NHS COUNTY DURHAM",3678,7975.88,0,0
2025-09-01,06K,"NHS EAST AND NORTH HERTFORDSHIRE",3778,10556.82,0,0
2025-09-01,13T,"NHS NEWCASTLE GATESHEAD",3795,7524.01,0,0
2025-09-01,36J,"NHS BRADFORD DISTRICT AND CRAVEN",3823,24458.07,0,0
2025-09-01,15F,"NHS LEEDS",3828,9193.55,0,0
2025-09-01,09D,"NHS BRIGHTON AND HOVE",3961,5265.2,0,0
2025-09-01,01X,"NHS ST HELENS",4093,16638.84,0,0
2025-09-01,04V,"NHS WEST LEICESTERSHIRE",4188,10028.28,0,0
2025-09-01,M2L0M,"NHS SHROPSHIRE, TELFORD AND WREKIN",4198,14499.72,0,0
2025-09-01,12F,"NHS WIRRAL",4251,10179.16,0,0
2025-09-01,16C,"NHS TEES VALLEY",4533,17713.53,0,0
2025-09-01,06T,"NHS NORTH EAST ESSEX",4707,9741.46,0,0
2025-09-01,11X,"NHS SOMERSET",4782,11768,0,0
2025-09-01,14L,"NHS MANCHESTER",4803,9504.45,0,0
2025-09-01,03N,"NHS SHEFFIELD",4805,7392.13,0,0
2025-09-01,78H,"NHS NORTHAMPTONSHIRE",5545,10472.44,0,0
2025-09-01,27D,"NHS CHESHIRE",5638,18351.17,0,0
2025-09-01,06H,"NHS CAMBRIDGESHIRE AND PETERBOROUGH",5843,11653.39,0,0
2025-09-01,70F,"NHS WEST SUSSEX",6109,12418.41,0,0
2025-09-01,52R,"NHS NOTTINGHAM AND NOTTINGHAMSHIRE",6114,9993.92,0,0
2025-09-01,72Q,"NHS SOUTH EAST LONDON",6162,11499.36,0,0
2025-09-01,11N,"NHS CORNWALL AND THE ISLES OF SCILLY",6397,7933.17,0,0
2025-09-01,M1J4Y,"NHS BEDFORDSHIRE, LUTON AND MILTON KEYNES",6526,13662.86,0,0
2025-09-01,11J,"NHS DORSET",6804,12759.55,0,0
2025-09-01,97R,"NHS EAST SUSSEX",6913,16891.56,0,0
2025-09-01,11M,"NHS GLOUCESTERSHIRE",7260,11953.07,0,0
2025-09-01,99A,"NHS LIVERPOOL",7397,16055.95,0,0
2025-09-01,A3A8R,"NHS NORTH EAST LONDON",7513,17945.1,0,0
2025-09-01,18C,"NHS HEREFORDSHIRE AND WORCESTERSHIRE",7630,16326.62,0,0
2025-09-01,15C,"NHS BRISTOL, NORTH SOMERSET AND SOUTH GLOUCESTERSHIRE",7631,10933.05,0,0
2025-09-01,B2M3M,"NHS COVENTRY AND WARWICKSHIRE",7861,21610.07,0,0
2025-09-01,92A,"NHS SURREY HEARTLANDS",7932,22017.24,0,0
2025-09-01,36L,"NHS SOUTH WEST LONDON",8364,14586.9,0,0
2025-09-01,92G,"NHS BATH AND NORTH EAST SOMERSET, SWINDON AND WILTSHIRE",8556,10817.72,0,0
2025-09-01,71E,"NHS LINCOLNSHIRE",8614,21240.68,0,0
2025-09-01,93C,"NHS NORTH CENTRAL LONDON",8981,19105.42,0,0
2025-09-01,15E,"NHS BIRMINGHAM AND SOLIHULL",9195,25159,0,0
2025-09-01,D2P2L,"NHS BLACK COUNTRY",9617,31848.43,0,0
2025-09-01,W2U3Z,"NHS NORTH WEST LONDON",10851,20698.74,0,0
2025-09-01,D9Y0V,"NHS HAMPSHIRE, SOUTHAMPTON AND ISLE OF WIGHT",11209,36183.2,0,0
2025-09-01,15M,"NHS DERBY AND DERBYSHIRE",11344,16313.84,0,0
2025-09-01,91Q,"NHS KENT AND MEDWAY",11615,32292.28,0,0
2025-09-01,26A,"NHS NORFOLK AND WAVENEY",12426,23369.25,0,0
2025-09-01,15N,"NHS DEVON",13051,21910.18,0,0
2025-10-01,09W,"NHS MEDWAY",0,0,0,0
2025-10-01,D4U1Y,"NHS FRIMLEY",81,48.09,0,0
2025-10-01,07G,"NHS THURROCK",442,1396.92,0,0
2025-10-01,02Q,"NHS BASSETLAW",835,1157.43,0,0
2025-10-01,00N,"NHS SOUTH TYNESIDE",891,1864.76,0,0
2025-10-01,02G,"NHS WEST LANCASHIRE",905,2520.15,0,0
2025-10-01,03H,"NHS NORTH EAST LINCOLNSHIRE",933,2195.07,0,0
2025-10-01,05D,"NHS EAST STAFFORDSHIRE",976,2477.46,0,0
2025-10-01,00V,"NHS BURY",1022,6528.1,0,0
2025-10-01,04Y,"NHS CANNOCK CHASE",1068,6617.22,0,0
2025-10-01,01D,"NHS HEYWOOD, MIDDLETON AND ROCHDALE",1074,2465.91,0,0
2025-10-01,99F,"NHS CASTLE POINT AND ROCHFORD",1104,2227.47,0,0
2025-10-01,00R,"NHS BLACKPOOL",1114,1616.34,0,0
2025-10-01,05V,"NHS STAFFORD AND SURROUNDS",1117,2626.48,0,0
2025-10-01,01E,"NHS GREATER PRESTON",1121,8020.14,0,0
2025-10-01,00X,"NHS CHORLEY AND SOUTH RIBBLE",1153,6987.32,0,0
2025-10-01,03Q,"NHS VALE OF YORK",1156,3913.59,0,0
2025-10-01,99E,"NHS BASILDON AND BRENTWOOD",1271,2120.49,0,0
2025-10-01,02M,"NHS FYLDE AND WYRE",1285,3564.58,0,0
2025-10-01,02T,"NHS CALDERDALE",1345,2959.21,0,0
2025-10-01,99G,"NHS SOUTHEND",1391,1815.51,0,0
2025-10-01,00T,"NHS BOLTON",1412,8734.5,0,0
2025-10-01,05Q,"NHS SOUTH EAST STAFFORDSHIRE AND SEISDON PENINSULA",1463,3747.84,0,0
2025-10-01,03K,"NHS NORTH LINCOLNSHIRE",1475,4010.82,0,0
2025-10-01,01G,"NHS SALFORD",1599,3328.87,0,0
2025-10-01,00Y,"NHS OLDHAM",1616,5328.91,0,0
2025-10-01,01H,"NHS NORTH CUMBRIA",1640,6704.63,0,0
2025-10-01,02X,"NHS DONCASTER",1684,2842.75,0,0
2025-10-01,01V,"NHS SOUTHPORT AND FORMBY",1690,5911.73,0,0
2025-10-01,02A,"NHS TRAFFORD",1692,3220.77,0,0
2025-10-01,03F,"NHS HULL",1738,4885.15,0,0
2025-10-01,02Y,"NHS EAST RIDING OF YORKSHIRE",1762,4895.03,0,0
2025-10-01,07H,"NHS WEST ESSEX",1786,6667.67,0,0
2025-10-01,00Q,"NHS BLACKBURN WITH DARWEN",1837,5507.71,0,0
2025-10-01,07K,"NHS WEST SUFFOLK",1855,3756.64,0,0
2025-10-01,99C,"NHS NORTH TYNESIDE",1878,5244.17,0,0
2025-10-01,00P,"NHS SUNDERLAND",1888,3869.19,0,0
2025-10-01,10R,"NHS PORTSMOUTH",1888,4506,0,0
2025-10-01,05G,"NHS NORTH STAFFORDSHIRE",1981,5151.85,0,0
2025-10-01,01F,"NHS HALTON",2035,6428.91,0,0
2025-10-01,03L,"NHS ROTHERHAM",2128,3667.74,0,0
2025-10-01,01A,"NHS EAST LANCASHIRE",2234,25790.33,0,0
2025-10-01,01T,"NHS SOUTH SEFTON",2245,4850.73,0,0
2025-10-01,15A,"NHS BERKSHIRE WEST",2280,6147.12,0,0
2025-10-01,U2G6B,"NHS THAMES VALLEY ICB - U2G6B",2282,11910.46,0,0
2025-10-01,02E,"NHS WARRINGTON",2316,6036.91,0,0
2025-10-01,01J,"NHS KNOWSLEY",2317,5825.71,0,0
2025-10-01,01Y,"NHS TAMESIDE AND GLOSSOP",2397,4601.62,0,0
2025-10-01,05W,"NHS STOKE ON TRENT",2407,5528.83,0,0
2025-10-01,00L,"NHS NORTHUMBERLAND",2472,5046.96,0,0
2025-10-01,01K,"NHS MORECAMBE BAY",2482,4389.02,0,0
2025-10-01,14Y,"NHS BUCKINGHAMSHIRE",2639,7038.75,0,0
2025-10-01,02H,"NHS WIGAN BOROUGH",2733,9492.27,0,0
2025-10-01,03W,"NHS EAST LEICESTERSHIRE AND RUTLAND",2930,8383.96,0,0
2025-10-01,01W,"NHS STOCKPORT",2964,4391.3,0,0
2025-10-01,02P,"NHS BARNSLEY",3064,7357.1,0,0
2025-10-01,03R,"NHS WAKEFIELD",3153,8780.23,0,0
2025-10-01,X2C4Y,"NHS KIRKLEES",3223,8105.64,0,0
2025-10-01,06N,"NHS HERTS VALLEYS",3391,7566.58,0,0
2025-10-01,04C,"NHS LEICESTER CITY",3411,8967.01,0,0
2025-10-01,06L,"NHS IPSWICH AND EAST SUFFOLK",3452,7225.25,0,0
2025-10-01,06Q,"NHS MID ESSEX",3460,6814.42,0,0
2025-10-01,42D,"NHS NORTH YORKSHIRE",3472,6828.11,0,0
2025-10-01,10Q,"NHS OXFORDSHIRE",3495,14902.79,0,0
2025-10-01,84H,"NHS COUNTY DURHAM",3851,7100.59,0,0
2025-10-01,06K,"NHS EAST AND NORTH HERTFORDSHIRE",3864,9808.07,0,0
2025-10-01,13T,"NHS NEWCASTLE GATESHEAD",3882,5908.68,0,0
2025-10-01,15F,"NHS LEEDS",3938,8191.64,0,0
2025-10-01,36J,"NHS BRADFORD DISTRICT AND CRAVEN",3942,8584.6,0,0
2025-10-01,09D,"NHS BRIGHTON AND HOVE",3992,5303.82,0,0
2025-10-01,M2L0M,"NHS SHROPSHIRE, TELFORD AND WREKIN",4171,11038.62,0,0
2025-10-01,04V,"NHS WEST LEICESTERSHIRE",4228,7977.06,0,0
2025-10-01,01X,"NHS ST HELENS",4313,13433.21,0,0
2025-10-01,12F,"NHS WIRRAL",4383,7583.48,0,0
2025-10-01,16C,"NHS TEES VALLEY",4554,14609.12,0,0
2025-10-01,06T,"NHS NORTH EAST ESSEX",4842,7872.02,0,0
2025-10-01,03N,"NHS SHEFFIELD",4972,6071.16,0,0
2025-10-01,11X,"NHS SOMERSET",4976,26171.24,0,0
2025-10-01,14L,"NHS MANCHESTER",4978,7540.9,0,0
2025-10-01,78H,"NHS NORTHAMPTONSHIRE",5695,9928.63,0,0
2025-10-01,27D,"NHS CHESHIRE",5920,15339.96,0,0
2025-10-01,06H,"NHS CAMBRIDGESHIRE AND PETERBOROUGH",6051,10907.46,0,0
2025-10-01,52R,"NHS NOTTINGHAM AND NOTTINGHAMSHIRE",6190,10011.18,0,0
2025-10-01,72Q,"NHS SOUTH EAST LONDON",6265,10204.83,0,0
2025-10-01,70F,"NHS WEST SUSSEX",6391,9549.23,0,0
2025-10-01,11N,"NHS CORNWALL AND THE ISLES OF SCILLY",6484,8116.26,0,0
2025-10-01,M1J4Y,"NHS BEDFORDSHIRE, LUTON AND MILTON KEYNES",6615,13048.08,0,0
2025-10-01,97R,"NHS EAST SUSSEX",7002,14836.38,0,0
2025-10-01,11J,"NHS DORSET",7129,11610.85,0,0
2025-10-01,11M,"NHS GLOUCESTERSHIRE",7390,15435.76,0,0
2025-10-01,99A,"NHS LIVERPOOL",7503,13436.87,0,0
2025-10-01,A3A8R,"NHS NORTH EAST LONDON",7587,15301.94,0,0
2025-10-01,18C,"NHS HEREFORDSHIRE AND WORCESTERSHIRE",7759,16254.15,0,0
2025-10-01,15C,"NHS BRISTOL, NORTH SOMERSET AND SOUTH GLOUCESTERSHIRE",7850,10230.92,0,0
2025-10-01,92A,"NHS SURREY HEARTLANDS",8025,24915.04,0,0
2025-10-01,B2M3M,"NHS COVENTRY AND WARWICKSHIRE",8040,18433.03,0,0
2025-10-01,36L,"NHS SOUTH WEST LONDON",8326,14339.96,0,0
2025-10-01,92G,"NHS BATH AND NORTH EAST SOMERSET, SWINDON AND WILTSHIRE",8905,9611.52,0,0
2025-10-01,71E,"NHS LINCOLNSHIRE",9099,20493.57,0,0
2025-10-01,93C,"NHS NORTH CENTRAL LONDON",9106,18110.2,0,0
2025-10-01,15E,"NHS BIRMINGHAM AND SOLIHULL",9237,23522.09,0,0
2025-10-01,D2P2L,"NHS BLACK COUNTRY",9721,26585.03,0,0
2025-10-01,D9Y0V,"NHS HAMPSHIRE, SOUTHAMPTON AND ISLE OF WIGHT",11344,29187.44,0,0
2025-10-01,W2U3Z,"NHS NORTH WEST LONDON",11541,28002.7,0,0
2025-10-01,15M,"NHS DERBY AND DERBYSHIRE",11846,15803,0,0
2025-10-01,91Q,"NHS KENT AND MEDWAY",12046,28372.31,0,0
2025-10-01,26A,"NHS NORFOLK AND WAVENEY",12656,19184.15,0,0
2025-10-01,15N,"NHS DEVON",13279,21145.02,0,0
2025-11-01,09W,"NHS MEDWAY",0,0,0,0
2025-11-01,D4U1Y,"NHS FRIMLEY",90,249.18,0,0
2025-11-01,07G,"NHS THURROCK",397,1282.13,0,0
2025-11-01,02Q,"NHS BASSETLAW",740,2446.35,0,0
2025-11-01,02G,"NHS WEST LANCASHIRE",764,1839.55,0,0
2025-11-01,03H,"NHS NORTH EAST LINCOLNSHIRE",790,1905.12,0,0
2025-11-01,00N,"NHS SOUTH TYNESIDE",797,3117.12,0,0
2025-11-01,00V,"NHS BURY",842,7694.59,0,0
2025-11-01,05D,"NHS EAST STAFFORDSHIRE",922,1477.76,0,0
2025-11-01,99F,"NHS CASTLE POINT AND ROCHFORD",932,1947.31,0,0
2025-11-01,04Y,"NHS CANNOCK CHASE",965,9919.58,0,0
2025-11-01,01D,"NHS HEYWOOD, MIDDLETON AND ROCHDALE",984,1970.92,0,0
2025-11-01,01E,"NHS GREATER PRESTON",1006,6346.07,0,0
2025-11-01,05V,"NHS STAFFORD AND SURROUNDS",1019,2144.61,0,0
2025-11-01,00R,"NHS BLACKPOOL",1024,1596.8,0,0
2025-11-01,03Q,"NHS VALE OF YORK",1044,2418.9,0,0
2025-11-01,00X,"NHS CHORLEY AND SOUTH RIBBLE",1061,5772.73,0,0
2025-11-01,99E,"NHS BASILDON AND BRENTWOOD",1129,2133.16,0,0
2025-11-01,02M,"NHS FYLDE AND WYRE",1143,2433.1,0,0
2025-11-01,00T,"NHS BOLTON",1250,7017.63,0,0
2025-11-01,99G,"NHS SOUTHEND",1270,1797.51,0,0
2025-11-01,02T,"NHS CALDERDALE",1280,2297.9,0,0
2025-11-01,03K,"NHS NORTH LINCOLNSHIRE",1325,3729.95,0,0
2025-11-01,05Q,"NHS SOUTH EAST STAFFORDSHIRE AND SEISDON PENINSULA",1336,5163.97,0,0
2025-11-01,00Y,"NHS OLDHAM",1442,11658.6,0,0
2025-11-01,01G,"NHS SALFORD",1450,3371.4,0,0
2025-11-01,02A,"NHS TRAFFORD",1501,3611.89,0,0
2025-11-01,01H,"NHS NORTH CUMBRIA",1514,8816.58,0,0
2025-11-01,02X,"NHS DONCASTER",1519,3530.24,0,0
2025-11-01,02Y,"NHS EAST RIDING OF YORKSHIRE",1549,4773.51,0,0
2025-11-01,01V,"NHS SOUTHPORT AND FORMBY",1573,5712.38,0,0
2025-11-01,03F,"NHS HULL",1631,4425.84,0,0
2025-11-01,07K,"NHS WEST SUFFOLK",1671,2855.93,0,0
2025-11-01,10R,"NHS PORTSMOUTH",1674,3509.26,0,0
2025-11-01,00P,"NHS SUNDERLAND",1680,4178.18,0,0
2025-11-01,07H,"NHS WEST ESSEX",1686,5248.18,0,0
2025-11-01,00Q,"NHS BLACKBURN WITH DARWEN",1692,5042.52,0,0
2025-11-01,99C,"NHS NORTH TYNESIDE",1733,3911.1,0,0
2025-11-01,01F,"NHS HALTON",1768,4957.19,0,0
2025-11-01,05G,"NHS NORTH STAFFORDSHIRE",1769,4227.1,0,0
2025-11-01,03L,"NHS ROTHERHAM",1868,4190.15,0,0
2025-11-01,15A,"NHS BERKSHIRE WEST",1961,4808.51,0,0
2025-11-01,02E,"NHS WARRINGTON",2041,5408.89,0,0
2025-11-01,01A,"NHS EAST LANCASHIRE",2045,7916.89,0,0
2025-11-01,01J,"NHS KNOWSLEY",2047,6630.38,0,0
2025-11-01,01T,"NHS SOUTH SEFTON",2090,16890.7,0,0
2025-11-01,U2G6B,"NHS THAMES VALLEY ICB - U2G6B",2161,7427.28,0,0
2025-11-01,01K,"NHS MORECAMBE BAY",2186,6225.11,0,0
2025-11-01,05W,"NHS STOKE ON TRENT",2204,4403.92,0,0
2025-11-01,00L,"NHS NORTHUMBERLAND",2263,4028.79,0,0
2025-11-01,01Y,"NHS TAMESIDE AND GLOSSOP",2399,5939.4,0,0
2025-11-01,02H,"NHS WIGAN BOROUGH",2455,6946.26,0,0
2025-11-01,14Y,"NHS BUCKINGHAMSHIRE",2529,9389.28,0,0
2025-11-01,03W,"NHS EAST LEICESTERSHIRE AND RUTLAND",2600,6725.04,0,0
2025-11-01,01W,"NHS STOCKPORT",2648,7305.35,0,0
2025-11-01,02P,"NHS BARNSLEY",2713,6601.37,0,0
2025-11-01,03R,"NHS WAKEFIELD",2811,6935.27,0,0
2025-11-01,06L,"NHS IPSWICH AND EAST SUFFOLK",2996,5349.98,0,0
2025-11-01,06N,"NHS HERTS VALLEYS",3045,9807.48,0,0
2025-11-01,X2C4Y,"NHS KIRKLEES",3065,9894.88,0,0
2025-11-01,04C,"NHS LEICESTER CITY",3089,7608.31,0,0
2025-11-01,06Q,"NHS MID ESSEX",3131,6193,0,0
2025-11-01,42D,"NHS NORTH YORKSHIRE",3177,6726.74,0,0
2025-11-01,10Q,"NHS OXFORDSHIRE",3210,24807.76,0,0
2025-11-01,06K,"NHS EAST AND NORTH HERTFORDSHIRE",3414,8022.16,0,0
2025-11-01,84H,"NHS COUNTY DURHAM",3474,6248.08,0,0
2025-11-01,13T,"NHS NEWCASTLE GATESHEAD",3522,8096.49,0,0
2025-11-01,15F,"NHS LEEDS",3548,7745.34,0,0
2025-11-01,36J,"NHS BRADFORD DISTRICT AND CRAVEN",3605,9816.57,0,0
2025-11-01,09D,"NHS BRIGHTON AND HOVE",3607,3982.39,0,0
2025-11-01,01X,"NHS ST HELENS",3804,11593.12,0,0
2025-11-01,04V,"NHS WEST LEICESTERSHIRE",3851,8775.32,0,0
2025-11-01,M2L0M,"NHS SHROPSHIRE, TELFORD AND WREKIN",3856,11978.06,0,0
2025-11-01,12F,"NHS WIRRAL",3905,7587.94,0,0
2025-11-01,16C,"NHS TEES VALLEY",4283,15264.83,0,0
2025-11-01,03N,"NHS SHEFFIELD",4321,5921.96,0,0
2025-11-01,06T,"NHS NORTH EAST ESSEX",4396,8661.66,0,0
2025-11-01,11X,"NHS SOMERSET",4535,10399.91,0,0
2025-11-01,14L,"NHS MANCHESTER",4612,6719.86,0,0
2025-11-01,78H,"NHS NORTHAMPTONSHIRE",5236,8858.64,0,0
2025-11-01,27D,"NHS CHESHIRE",5332,16528.95,0,0
2025-11-01,06H,"NHS CAMBRIDGESHIRE AND PETERBOROUGH",5416,10182.83,0,0
2025-11-01,70F,"NHS WEST SUSSEX",5699,9789.74,0,0
2025-11-01,72Q,"NHS SOUTH EAST LONDON",5757,9367.09,0,0
2025-11-01,52R,"NHS NOTTINGHAM AND NOTTINGHAMSHIRE",5758,9593.28,0,0
2025-11-01,11N,"NHS CORNWALL AND THE ISLES OF SCILLY",5931,7733.1,0,0
2025-11-01,M1J4Y,"NHS BEDFORDSHIRE, LUTON AND MILTON KEYNES",6121,17822.38,0,0
2025-11-01,97R,"NHS EAST SUSSEX",6452,15106.32,0,0
2025-11-01,11J,"NHS DORSET",6516,8888.62,0,0
2025-11-01,11M,"NHS GLOUCESTERSHIRE",6728,12763.5,0,0
2025-11-01,A3A8R,"NHS NORTH EAST LONDON",6855,14882.28,0,0
2025-11-01,99A,"NHS LIVERPOOL",6928,14846.88,0,0
2025-11-01,15C,"NHS BRISTOL, NORTH SOMERSET AND SOUTH GLOUCESTERSHIRE",6981,12102.59,0,0
2025-11-01,18C,"NHS HEREFORDSHIRE AND WORCESTERSHIRE",6988,18998.98,0,0
2025-11-01,92A,"NHS SURREY HEARTLANDS",7336,20236.85,0,0
2025-11-01,B2M3M,"NHS COVENTRY AND WARWICKSHIRE",7493,23935,0,0
2025-11-01,36L,"NHS SOUTH WEST LONDON",7691,14742.04,0,0
2025-11-01,71E,"NHS LINCOLNSHIRE",7904,16492.06,0,0
2025-11-01,92G,"NHS BATH AND NORTH EAST SOMERSET, SWINDON AND WILTSHIRE",8078,8100.17,0,0
2025-11-01,93C,"NHS NORTH CENTRAL LONDON",8345,32560.85,0,0
2025-11-01,15E,"NHS BIRMINGHAM AND SOLIHULL",8373,22332.99,0,0
2025-11-01,D2P2L,"NHS BLACK COUNTRY",8835,31392.55,0,0
2025-11-01,W2U3Z,"NHS NORTH WEST LONDON",10142,24248.04,0,0
2025-11-01,D9Y0V,"NHS HAMPSHIRE, SOUTHAMPTON AND ISLE OF WIGHT",10376,29642.79,0,0
2025-11-01,15M,"NHS DERBY AND DERBYSHIRE",10695,15113.78,0,0
2025-11-01,91Q,"NHS KENT AND MEDWAY",10816,25679.25,0,0
2025-11-01,26A,"NHS NORFOLK AND WAVENEY",11516,19519.77,0,0
2025-11-01,15N,"NHS DEVON",11900,17623.04,0,0
2025-12-01,09W,"NHS MEDWAY",0,0,0,0
2025-12-01,D4U1Y,"NHS FRIMLEY",93,64.74,0,0
2025-12-01,07G,"NHS THURROCK",444,1838.46,0,0
2025-12-01,02Q,"NHS BASSETLAW",833,1312.19,0,0
2025-12-01,00N,"NHS SOUTH TYNESIDE",852,6408.22,0,0
2025-12-01,03H,"NHS NORTH EAST LINCOLNSHIRE",890,2177.55,0,0
2025-12-01,02G,"NHS WEST LANCASHIRE",897,2938.8,0,0
2025-12-01,00V,"NHS BURY",935,2098.02,0,0
2025-12-01,05D,"NHS EAST STAFFORDSHIRE",994,10916.31,0,0
2025-12-01,99F,"NHS CASTLE POINT AND ROCHFORD",1022,2188.42,0,0
2025-12-01,04Y,"NHS CANNOCK CHASE",1039,8912.65,0,0
2025-12-01,01D,"NHS HEYWOOD, MIDDLETON AND ROCHDALE",1095,2319.36,0,0
2025-12-01,00R,"NHS BLACKPOOL",1116,4136.53,0,0
2025-12-01,01E,"NHS GREATER PRESTON",1141,6431.05,0,0
2025-12-01,00X,"NHS CHORLEY AND SOUTH RIBBLE",1177,11749.54,0,0
2025-12-01,05V,"NHS STAFFORD AND SURROUNDS",1192,2800.1,0,0
2025-12-01,99E,"NHS BASILDON AND BRENTWOOD",1208,2709.66,0,0
2025-12-01,03Q,"NHS VALE OF YORK",1212,3913,0,0
2025-12-01,02M,"NHS FYLDE AND WYRE",1273,2244.41,0,0
2025-12-01,00T,"NHS BOLTON",1349,12618.87,0,0
2025-12-01,02T,"NHS CALDERDALE",1415,2953.85,0,0
2025-12-01,03K,"NHS NORTH LINCOLNSHIRE",1423,4976.93,0,0
2025-12-01,99G,"NHS SOUTHEND",1454,2448.92,0,0
2025-12-01,05Q,"NHS SOUTH EAST STAFFORDSHIRE AND SEISDON PENINSULA",1485,5766.33,0,0
2025-12-01,01G,"NHS SALFORD",1564,3261.73,0,0
2025-12-01,00Y,"NHS OLDHAM",1606,6412.63,0,0
2025-12-01,01H,"NHS NORTH CUMBRIA",1643,6973.75,0,0
2025-12-01,02X,"NHS DONCASTER",1646,3763.72,0,0
2025-12-01,03F,"NHS HULL",1684,4077.44,0,0
2025-12-01,02A,"NHS TRAFFORD",1748,4165.38,0,0
2025-12-01,07H,"NHS WEST ESSEX",1786,5083.34,0,0
2025-12-01,02Y,"NHS EAST RIDING OF YORKSHIRE",1793,5809.61,0,0
2025-12-01,00P,"NHS SUNDERLAND",1809,3669.05,0,0
2025-12-01,01V,"NHS SOUTHPORT AND FORMBY",1827,6548.86,0,0
2025-12-01,07K,"NHS WEST SUFFOLK",1848,3458.65,0,0
2025-12-01,10R,"NHS PORTSMOUTH",1890,4201.48,0,0
2025-12-01,00Q,"NHS BLACKBURN WITH DARWEN",1894,5784.44,0,0
2025-12-01,99C,"NHS NORTH TYNESIDE",1947,7567.67,0,0
2025-12-01,01F,"NHS HALTON",1964,8234.73,0,0
2025-12-01,05G,"NHS NORTH STAFFORDSHIRE",1985,4491.86,0,0
2025-12-01,03L,"NHS ROTHERHAM",2066,3630.41,0,0
2025-12-01,01A,"NHS EAST LANCASHIRE",2245,6877.54,0,0
2025-12-01,02E,"NHS WARRINGTON",2268,10060.89,0,0
2025-12-01,01J,"NHS KNOWSLEY",2277,5635.93,0,0
2025-12-01,15A,"NHS BERKSHIRE WEST",2281,6990.8,0,0
2025-12-01,01T,"NHS SOUTH SEFTON",2321,5011.61,0,0
2025-12-01,U2G6B,"NHS THAMES VALLEY ICB - U2G6B",2324,12274.34,0,0
2025-12-01,05W,"NHS STOKE ON TRENT",2361,5486.43,0,0
2025-12-01,01K,"NHS MORECAMBE BAY",2442,4947.02,0,0
2025-12-01,00L,"NHS NORTHUMBERLAND",2462,6441.35,0,0
2025-12-01,01Y,"NHS TAMESIDE AND GLOSSOP",2624,7015.42,0,0
2025-12-01,14Y,"NHS BUCKINGHAMSHIRE",2705,7348.47,0,0
2025-12-01,02H,"NHS WIGAN BOROUGH",2756,16627.21,0,0
2025-12-01,03W,"NHS EAST LEICESTERSHIRE AND RUTLAND",2778,7628.6,0,0
2025-12-01,01W,"NHS STOCKPORT",2956,4944.25,0,0
2025-12-01,02P,"NHS BARNSLEY",2979,8296.43,0,0
2025-12-01,03R,"NHS WAKEFIELD",3127,8417.12,0,0
2025-12-01,X2C4Y,"NHS KIRKLEES",3319,7957.68,0,0
2025-12-01,04C,"NHS LEICESTER CITY",3396,10330.77,0,0
2025-12-01,06Q,"NHS MID ESSEX",3450,7569.74,0,0
2025-12-01,42D,"NHS NORTH YORKSHIRE",3450,5925.34,0,0
2025-12-01,06N,"NHS HERTS VALLEYS",3461,8841.26,0,0
2025-12-01,10Q,"NHS OXFORDSHIRE",3530,18714.59,0,0
2025-12-01,06L,"NHS IPSWICH AND EAST SUFFOLK",3532,5874.18,0,0
2025-12-01,06K,"NHS EAST AND NORTH HERTFORDSHIRE",3800,15514.4,0,0
2025-12-01,84H,"NHS COUNTY DURHAM",3847,7263.64,0,0
2025-12-01,13T,"NHS NEWCASTLE GATESHEAD",3874,10474.43,0,0
2025-12-01,15F,"NHS LEEDS",3916,7912.96,0,0
2025-12-01,36J,"NHS BRADFORD DISTRICT AND CRAVEN",3937,12571.08,0,0
2025-12-01,09D,"NHS BRIGHTON AND HOVE",4120,5733.72,0,0
2025-12-01,M2L0M,"NHS SHROPSHIRE, TELFORD AND WREKIN",4223,13497.14,0,0
2025-12-01,04V,"NHS WEST LEICESTERSHIRE",4347,10728.31,0,0
2025-12-01,12F,"NHS WIRRAL",4417,8861.97,0,0
2025-12-01,01X,"NHS ST HELENS",4469,15988.16,0,0
2025-12-01,16C,"NHS TEES VALLEY",4716,17370.04,0,0
2025-12-01,06T,"NHS NORTH EAST ESSEX",4741,8739.01,0,0
2025-12-01,11X,"NHS SOMERSET",4936,26060.82,0,0
2025-12-01,03N,"NHS SHEFFIELD",4991,6935.29,0,0
2025-12-01,14L,"NHS MANCHESTER",5105,9116.76,0,0
2025-12-01,27D,"NHS CHESHIRE",5743,27856.31,0,0
2025-12-01,78H,"NHS NORTHAMPTONSHIRE",5794,9701.6,0,0
2025-12-01,06H,"NHS CAMBRIDGESHIRE AND PETERBOROUGH",6033,10481.44,0,0
2025-12-01,72Q,"NHS SOUTH EAST LONDON",6334,13899.05,0,0
2025-12-01,52R,"NHS NOTTINGHAM AND NOTTINGHAMSHIRE",6391,9878.28,0,0
2025-12-01,70F,"NHS WEST SUSSEX",6514,11006.55,0,0
2025-12-01,11N,"NHS CORNWALL AND THE ISLES OF SCILLY",6525,8036.99,0,0
2025-12-01,M1J4Y,"NHS BEDFORDSHIRE, LUTON AND MILTON KEYNES",6794,16567.72,0,0
2025-12-01,11J,"NHS DORSET",7079,14053.37,0,0
2025-12-01,97R,"NHS EAST SUSSEX",7270,19587.2,0,0
2025-12-01,99A,"NHS LIVERPOOL",7414,15924.42,0,0
2025-12-01,11M,"NHS GLOUCESTERSHIRE",7429,12925.33,0,0
2025-12-01,A3A8R,"NHS NORTH EAST LONDON",7511,17515.06,0,0
2025-12-01,18C,"NHS HEREFORDSHIRE AND WORCESTERSHIRE",7747,18426.47,0,0
2025-12-01,15C,"NHS BRISTOL, NORTH SOMERSET AND SOUTH GLOUCESTERSHIRE",7940,12394.1,0,0
2025-12-01,92A,"NHS SURREY HEARTLANDS",8176,24398.46,0,0
2025-12-01,36L,"NHS SOUTH WEST LONDON",8293,17689.36,0,0
2025-12-01,B2M3M,"NHS COVENTRY AND WARWICKSHIRE",8446,24251.96,0,0
2025-12-01,71E,"NHS LINCOLNSHIRE",8692,21140.96,0,0
2025-12-01,92G,"NHS BATH AND NORTH EAST SOMERSET, SWINDON AND WILTSHIRE",9016,11532.78,0,0
2025-12-01,93C,"NHS NORTH CENTRAL LONDON",9085,22580.85,0,0
2025-12-01,15E,"NHS BIRMINGHAM AND SOLIHULL",9330,29502.79,0,0
2025-12-01,D2P2L,"NHS BLACK COUNTRY",9861,31431.86,0,0
2025-12-01,W2U3Z,"NHS NORTH WEST LONDON",11364,22743.68,0,0
2025-12-01,D9Y0V,"NHS HAMPSHIRE, SOUTHAMPTON AND ISLE OF WIGHT",11709,36913.21,0,0
2025-12-01,15M,"NHS DERBY AND DERBYSHIRE",11976,17651.13,0,0
2025-12-01,91Q,"NHS KENT AND MEDWAY",12189,37917.98,0,0
2025-12-01,26A,"NHS NORFOLK AND WAVENEY",12764,19738.65,0,0
2025-12-01,15N,"NHS DEVON",13305,19990.74,0,0
2026-01-01,09W,"NHS MEDWAY",0,0,0,0
2026-01-01,D4U1Y,"NHS FRIMLEY",107,307.53,0,0
2026-01-01,07G,"NHS THURROCK",417,1154.89,0,0
2026-01-01,00N,"NHS SOUTH TYNESIDE",806,3053.82,0,0
2026-01-01,02G,"NHS WEST LANCASHIRE",810,1609.33,0,0
2026-01-01,02Q,"NHS BASSETLAW",829,3532.83,0,0
2026-01-01,00V,"NHS BURY",840,1930.24,0,0
2026-01-01,03H,"NHS NORTH EAST LINCOLNSHIRE",864,2491.79,0,0
2026-01-01,99F,"NHS CASTLE POINT AND ROCHFORD",973,1940.58,0,0
2026-01-01,05D,"NHS EAST STAFFORDSHIRE",979,10089.9,0,0
2026-01-01,01D,"NHS HEYWOOD, MIDDLETON AND ROCHDALE",1028,1806.54,0,0
2026-01-01,00R,"NHS BLACKPOOL",1042,1413.78,0,0
2026-01-01,04Y,"NHS CANNOCK CHASE",1057,7074.35,0,0
2026-01-01,01E,"NHS GREATER PRESTON",1075,5533.88,0,0
2026-01-01,00X,"NHS CHORLEY AND SOUTH RIBBLE",1108,7718.56,0,0
2026-01-01,03Q,"NHS VALE OF YORK",1120,4011.67,0,0
2026-01-01,05V,"NHS STAFFORD AND SURROUNDS",1123,3955.33,0,0
2026-01-01,02M,"NHS FYLDE AND WYRE",1194,3312.32,0,0
2026-01-01,99E,"NHS BASILDON AND BRENTWOOD",1204,1695.18,0,0
2026-01-01,02T,"NHS CALDERDALE",1276,2422.47,0,0
2026-01-01,00T,"NHS BOLTON",1296,9234.75,0,0
2026-01-01,99G,"NHS SOUTHEND",1365,1611.68,0,0
2026-01-01,05Q,"NHS SOUTH EAST STAFFORDSHIRE AND SEISDON PENINSULA",1371,5160.34,0,0
2026-01-01,03K,"NHS NORTH LINCOLNSHIRE",1501,9272.61,0,0
2026-01-01,00Y,"NHS OLDHAM",1517,14485.62,0,0
2026-01-01,01H,"NHS NORTH CUMBRIA",1548,7847.23,0,0
2026-01-01,01G,"NHS SALFORD",1555,3842.28,0,0
2026-01-01,02X,"NHS DONCASTER",1557,3263.62,0,0
2026-01-01,03F,"NHS HULL",1587,4357,0,0
2026-01-01,02A,"NHS TRAFFORD",1664,3395.16,0,0
2026-01-01,01V,"NHS SOUTHPORT AND FORMBY",1682,7853.94,0,0
2026-01-01,07H,"NHS WEST ESSEX",1701,5240.98,0,0
2026-01-01,00Q,"NHS BLACKBURN WITH DARWEN",1726,5017.18,0,0
2026-01-01,00P,"NHS SUNDERLAND",1728,2989.14,0,0
2026-01-01,02Y,"NHS EAST RIDING OF YORKSHIRE",1732,4927.75,0,0
2026-01-01,07K,"NHS WEST SUFFOLK",1740,2647.24,0,0
2026-01-01,10R,"NHS PORTSMOUTH",1797,3712.83,0,0
2026-01-01,01F,"NHS HALTON",1803,6187.11,0,0
2026-01-01,99C,"NHS NORTH TYNESIDE",1805,5824.59,0,0
2026-01-01,05G,"NHS NORTH STAFFORDSHIRE",1900,4329.51,0,0
2026-01-01,03L,"NHS ROTHERHAM",2028,2841.3,0,0
2026-01-01,15A,"NHS BERKSHIRE WEST",2044,6208.78,0,0
2026-01-01,01A,"NHS EAST LANCASHIRE",2051,8192.93,0,0
2026-01-01,01T,"NHS SOUTH SEFTON",2113,19629.89,0,0
2026-01-01,01J,"NHS KNOWSLEY",2167,5265.28,0,0
2026-01-01,02E,"NHS WARRINGTON",2217,4984.17,0,0
2026-01-01,U2G6B,"NHS THAMES VALLEY ICB - U2G6B",2218,10331.27,0,0
2026-01-01,01K,"NHS MORECAMBE BAY",2241,7471.14,0,0
2026-01-01,05W,"NHS STOKE ON TRENT",2277,4352.07,0,0
2026-01-01,01Y,"NHS TAMESIDE AND GLOSSOP",2344,3282.53,0,0
2026-01-01,00L,"NHS NORTHUMBERLAND",2365,3940.13,0,0
2026-01-01,14Y,"NHS BUCKINGHAMSHIRE",2599,7288.33,0,0
2026-01-01,02H,"NHS WIGAN BOROUGH",2679,9831.77,0,0
2026-01-01,03W,"NHS EAST LEICESTERSHIRE AND RUTLAND",2753,6266.93,0,0
2026-01-01,01W,"NHS STOCKPORT",2807,3483.09,0,0
2026-01-01,02P,"NHS BARNSLEY",2819,7243.58,0,0
2026-01-01,03R,"NHS WAKEFIELD",3000,7664.3,0,0
2026-01-01,X2C4Y,"NHS KIRKLEES",3013,8666,0,0
2026-01-01,04C,"NHS LEICESTER CITY",3211,7267.47,0,0
2026-01-01,06Q,"NHS MID ESSEX",3240,6339.83,0,0
2026-01-01,06L,"NHS IPSWICH AND EAST SUFFOLK",3289,6740.99,0,0
2026-01-01,06N,"NHS HERTS VALLEYS",3289,10195.51,0,0
2026-01-01,10Q,"NHS OXFORDSHIRE",3342,10107.04,0,0
2026-01-01,42D,"NHS NORTH YORKSHIRE",3346,6645.84,0,0
2026-01-01,13T,"NHS NEWCASTLE GATESHEAD",3654,9410.93,0,0
2026-01-01,84H,"NHS COUNTY DURHAM",3680,6156.77,0,0
2026-01-01,06K,"NHS EAST AND NORTH HERTFORDSHIRE",3709,13141.48,0,0
2026-01-01,15F,"NHS LEEDS",3813,8025.19,0,0
2026-01-01,36J,"NHS BRADFORD DISTRICT AND CRAVEN",3838,11521.14,0,0
2026-01-01,09D,"NHS BRIGHTON AND HOVE",3885,4107.47,0,0
2026-01-01,M2L0M,"NHS SHROPSHIRE, TELFORD AND WREKIN",3924,14704.57,0,0
2026-01-01,04V,"NHS WEST LEICESTERSHIRE",4034,8070.77,0,0
2026-01-01,01X,"NHS ST HELENS",4118,10276.81,0,0
2026-01-01,12F,"NHS WIRRAL",4184,6112.33,0,0
2026-01-01,16C,"NHS TEES VALLEY",4507,17628.99,0,0
2026-01-01,06T,"NHS NORTH EAST ESSEX",4555,6503.34,0,0
2026-01-01,03N,"NHS SHEFFIELD",4715,5305.17,0,0
2026-01-01,14L,"NHS MANCHESTER",4737,12877.16,0,0
2026-01-01,11X,"NHS SOMERSET",4751,13030.66,0,0
2026-01-01,27D,"NHS CHESHIRE",5504,14592.17,0,0
2026-01-01,78H,"NHS NORTHAMPTONSHIRE",5613,8839.37,0,0
2026-01-01,06H,"NHS CAMBRIDGESHIRE AND PETERBOROUGH",5748,10696.66,0,0
2026-01-01,52R,"NHS NOTTINGHAM AND NOTTINGHAMSHIRE",6047,21798.77,0,0
2026-01-01,70F,"NHS WEST SUSSEX",6075,10531.12,0,0
2026-01-01,72Q,"NHS SOUTH EAST LONDON",6089,13286.89,0,0
2026-01-01,11N,"NHS CORNWALL AND THE ISLES OF SCILLY",6177,7401.73,0,0
2026-01-01,M1J4Y,"NHS BEDFORDSHIRE, LUTON AND MILTON KEYNES",6373,20730.91,0,0
2026-01-01,11J,"NHS DORSET",6729,12148.97,0,0
2026-01-01,97R,"NHS EAST SUSSEX",6751,16988.13,0,0
2026-01-01,11M,"NHS GLOUCESTERSHIRE",7144,13093.74,0,0
2026-01-01,99A,"NHS LIVERPOOL",7145,16754.89,0,0
2026-01-01,A3A8R,"NHS NORTH EAST LONDON",7340,15319.78,0,0
2026-01-01,18C,"NHS HEREFORDSHIRE AND WORCESTERSHIRE",7583,17481.3,0,0
2026-01-01,15C,"NHS BRISTOL, NORTH SOMERSET AND SOUTH GLOUCESTERSHIRE",7643,11049.55,0,0
2026-01-01,36L,"NHS SOUTH WEST LONDON",7785,19176.59,0,0
2026-01-01,B2M3M,"NHS COVENTRY AND WARWICKSHIRE",7792,26872.82,0,0
2026-01-01,92A,"NHS SURREY HEARTLANDS",7881,24862.38,0,0
2026-01-01,71E,"NHS LINCOLNSHIRE",8492,18168.33,0,0
2026-01-01,92G,"NHS BATH AND NORTH EAST SOMERSET, SWINDON AND WILTSHIRE",8613,11206.43,0,0
2026-01-01,93C,"NHS NORTH CENTRAL LONDON",8700,28176.68,0,0
2026-01-01,15E,"NHS BIRMINGHAM AND SOLIHULL",8870,22723.45,0,0
2026-01-01,D2P2L,"NHS BLACK COUNTRY",9389,35756.27,0,0
2026-01-01,W2U3Z,"NHS NORTH WEST LONDON",10855,28874.15,0,0
2026-01-01,15M,"NHS DERBY AND DERBYSHIRE",11284,16932.25,0,0
2026-01-01,D9Y0V,"NHS HAMPSHIRE, SOUTHAMPTON AND ISLE OF WIGHT",11289,40375.12,0,0
2026-01-01,91Q,"NHS KENT AND MEDWAY",11545,29986.22,0,0
2026-01-01,26A,"NHS NORFOLK AND WAVENEY",12017,21364.07,0,0
2026-01-01,15N,"NHS DEVON",12654,19828.72,0,0
2026-02-01,09W,"NHS MEDWAY",0,0,0,0
2026-02-01,D4U1Y,"NHS FRIMLEY",93,119.55,0,0
2026-02-01,07G,"NHS THURROCK",413,1139.08,0,0
2026-02-01,02G,"NHS WEST LANCASHIRE",727,1458.07,0,0
2026-02-01,02Q,"NHS BASSETLAW",754,1171.68,0,0
2026-02-01,00N,"NHS SOUTH TYNESIDE",762,3020.89,0,0
2026-02-01,03H,"NHS NORTH EAST LINCOLNSHIRE",791,1323.85,0,0
2026-02-01,05D,"NHS EAST STAFFORDSHIRE",832,10398.01,0,0
2026-02-01,00V,"NHS BURY",834,9728.45,0,0
2026-02-01,99F,"NHS CASTLE POINT AND ROCHFORD",872,1747.36,0,0
2026-02-01,04Y,"NHS CANNOCK CHASE",916,5485.79,0,0
2026-02-01,00R,"NHS BLACKPOOL",958,1392.99,0,0
2026-02-01,01D,"NHS HEYWOOD, MIDDLETON AND ROCHDALE",958,1994.46,0,0
2026-02-01,01E,"NHS GREATER PRESTON",981,3722.86,0,0
2026-02-01,00X,"NHS CHORLEY AND SOUTH RIBBLE",1001,6185.41,0,0
2026-02-01,05V,"NHS STAFFORD AND SURROUNDS",1036,9297.26,0,0
2026-02-01,03Q,"NHS VALE OF YORK",1039,4202.31,0,0
2026-02-01,02M,"NHS FYLDE AND WYRE",1053,7488.55,0,0
2026-02-01,99E,"NHS BASILDON AND BRENTWOOD",1065,1969.45,0,0
2026-02-01,02T,"NHS CALDERDALE",1243,2101.46,0,0
2026-02-01,00T,"NHS BOLTON",1247,7087.35,0,0
2026-02-01,05Q,"NHS SOUTH EAST STAFFORDSHIRE AND SEISDON PENINSULA",1255,5282.53,0,0
2026-02-01,99G,"NHS SOUTHEND",1307,2513.76,0,0
2026-02-01,03K,"NHS NORTH LINCOLNSHIRE",1321,5031.72,0,0
2026-02-01,00Y,"NHS OLDHAM",1365,10287.24,0,0
2026-02-01,01H,"NHS NORTH CUMBRIA",1420,6983.68,0,0
2026-02-01,01G,"NHS SALFORD",1421,3221.9,0,0
2026-02-01,02X,"NHS DONCASTER",1464,3112.65,0,0
2026-02-01,03F,"NHS HULL",1470,3893.79,0,0
2026-02-01,02Y,"NHS EAST RIDING OF YORKSHIRE",1530,3942.2,0,0
2026-02-01,02A,"NHS TRAFFORD",1550,2337.23,0,0
2026-02-01,10R,"NHS PORTSMOUTH",1562,2875.03,0,0
2026-02-01,01V,"NHS SOUTHPORT AND FORMBY",1576,7365.86,0,0
2026-02-01,00Q,"NHS BLACKBURN WITH DARWEN",1598,3462.38,0,0
2026-02-01,07H,"NHS WEST ESSEX",1598,3084.85,0,0
2026-02-01,00P,"NHS SUNDERLAND",1615,5093.36,0,0
2026-02-01,99C,"NHS NORTH TYNESIDE",1652,2130.26,0,0
2026-02-01,07K,"NHS WEST SUFFOLK",1678,2511.79,0,0
2026-02-01,05G,"NHS NORTH STAFFORDSHIRE",1747,3396.87,0,0
2026-02-01,01F,"NHS HALTON",1772,6576.99,0,0
2026-02-01,01A,"NHS EAST LANCASHIRE",1901,9391.59,0,0
2026-02-01,15A,"NHS BERKSHIRE WEST",1903,5543.71,0,0
2026-02-01,03L,"NHS ROTHERHAM",1905,3566.75,0,0
2026-02-01,01T,"NHS SOUTH SEFTON",1961,3488.74,0,0
2026-02-01,02E,"NHS WARRINGTON",1962,15976.95,0,0
2026-02-01,U2G6B,"NHS THAMES VALLEY ICB - U2G6B",1983,7442.07,0,0
2026-02-01,01J,"NHS KNOWSLEY",2013,3364.71,0,0
2026-02-01,01K,"NHS MORECAMBE BAY",2067,13162.53,0,0
2026-02-01,05W,"NHS STOKE ON TRENT",2070,4537.12,0,0
2026-02-01,00L,"NHS NORTHUMBERLAND",2132,3659.35,0,0
2026-02-01,01Y,"NHS TAMESIDE AND GLOSSOP",2315,5266.76,0,0
2026-02-01,14Y,"NHS BUCKINGHAMSHIRE",2383,12243.97,0,0
2026-02-01,02H,"NHS WIGAN BOROUGH",2444,10929.53,0,0
2026-02-01,01W,"NHS STOCKPORT",2582,7984.18,0,0
2026-02-01,03W,"NHS EAST LEICESTERSHIRE AND RUTLAND",2582,8435.05,0,0
2026-02-01,02P,"NHS BARNSLEY",2594,7878.17,0,0
2026-02-01,03R,"NHS WAKEFIELD",2875,7308.14,0,0
2026-02-01,04C,"NHS LEICESTER CITY",2938,9443.01,0,0
2026-02-01,X2C4Y,"NHS KIRKLEES",2955,7500.55,0,0
2026-02-01,06Q,"NHS MID ESSEX",3016,6472.25,0,0
2026-02-01,42D,"NHS NORTH YORKSHIRE",3025,5562.43,0,0
2026-02-01,06L,"NHS IPSWICH AND EAST SUFFOLK",3045,4576.92,0,0
2026-02-01,06N,"NHS HERTS VALLEYS",3092,8877.44,0,0
2026-02-01,10Q,"NHS OXFORDSHIRE",3112,11607.52,0,0
2026-02-01,84H,"NHS COUNTY DURHAM",3306,5195.33,0,0
2026-02-01,06K,"NHS EAST AND NORTH HERTFORDSHIRE",3350,9539.61,0,0
2026-02-01,13T,"NHS NEWCASTLE GATESHEAD",3413,5245.71,0,0
2026-02-01,36J,"NHS BRADFORD DISTRICT AND CRAVEN",3477,12278.45,0,0
2026-02-01,15F,"NHS LEEDS",3488,8900.43,0,0
2026-02-01,09D,"NHS BRIGHTON AND HOVE",3621,4254.4,0,0
2026-02-01,M2L0M,"NHS SHROPSHIRE, TELFORD AND WREKIN",3674,15174.64,0,0
2026-02-01,01X,"NHS ST HELENS",3766,10093.54,0,0
2026-02-01,12F,"NHS WIRRAL",3791,5227.64,0,0
2026-02-01,04V,"NHS WEST LEICESTERSHIRE",3797,6822.95,0,0
2026-02-01,16C,"NHS TEES VALLEY",4040,19718.46,0,0
2026-02-01,03N,"NHS SHEFFIELD",4066,5198.81,0,0
2026-02-01,06T,"NHS NORTH EAST ESSEX",4157,6902.8,0,0
2026-02-01,11X,"NHS SOMERSET",4433,29988.34,0,0
2026-02-01,14L,"NHS MANCHESTER",4440,11475.69,0,0
2026-02-01,78H,"NHS NORTHAMPTONSHIRE",5049,6876.6,0,0
2026-02-01,27D,"NHS CHESHIRE",5179,21139.22,0,0
2026-02-01,06H,"NHS CAMBRIDGESHIRE AND PETERBOROUGH",5248,7062.84,0,0
2026-02-01,52R,"NHS NOTTINGHAM AND NOTTINGHAMSHIRE",5457,9569.02,0,0
2026-02-01,72Q,"NHS SOUTH EAST LONDON",5653,7535.83,0,0
2026-02-01,11N,"NHS CORNWALL AND THE ISLES OF SCILLY",5689,6069.3,0,0
2026-02-01,70F,"NHS WEST SUSSEX",5722,10654.94,0,0
2026-02-01,M1J4Y,"NHS BEDFORDSHIRE, LUTON AND MILTON KEYNES",5977,23970.65,0,0
2026-02-01,11J,"NHS DORSET",6158,9035.93,0,0
2026-02-01,97R,"NHS EAST SUSSEX",6246,15426.25,0,0
2026-02-01,99A,"NHS LIVERPOOL",6396,10483.41,0,0
2026-02-01,11M,"NHS GLOUCESTERSHIRE",6565,13530.1,0,0
2026-02-01,A3A8R,"NHS NORTH EAST LONDON",6668,16364.41,0,0
2026-02-01,15C,"NHS BRISTOL, NORTH SOMERSET AND SOUTH GLOUCESTERSHIRE",6893,10613.26,0,0
2026-02-01,18C,"NHS HEREFORDSHIRE AND WORCESTERSHIRE",6985,14056.22,0,0
2026-02-01,36L,"NHS SOUTH WEST LONDON",7286,13337.87,0,0
2026-02-01,92A,"NHS SURREY HEARTLANDS",7298,22242.89,0,0
2026-02-01,B2M3M,"NHS COVENTRY AND WARWICKSHIRE",7308,22173.25,0,0
2026-02-01,71E,"NHS LINCOLNSHIRE",7740,14888.49,0,0
2026-02-01,92G,"NHS BATH AND NORTH EAST SOMERSET, SWINDON AND WILTSHIRE",7821,8223.5,0,0
2026-02-01,15E,"NHS BIRMINGHAM AND SOLIHULL",8169,23409.54,0,0
2026-02-01,93C,"NHS NORTH CENTRAL LONDON",8260,22254.35,0,0
2026-02-01,D2P2L,"NHS BLACK COUNTRY",8651,28735.25,0,0
2026-02-01,W2U3Z,"NHS NORTH WEST LONDON",9959,24967.95,0,0
2026-02-01,15M,"NHS DERBY AND DERBYSHIRE",10263,14050.18,0,0
2026-02-01,D9Y0V,"NHS HAMPSHIRE, SOUTHAMPTON AND ISLE OF WIGHT",10268,34232.98,0,0
2026-02-01,91Q,"NHS KENT AND MEDWAY",10450,26423.67,0,0
2026-02-01,26A,"NHS NORFOLK AND WAVENEY",11243,17208.03,0,0
2026-02-01,15N,"NHS DEVON",11614,18053.52,0,0
2026-03-01,09W,"NHS MEDWAY",0,0,0,0
2026-03-01,D4U1Y,"NHS FRIMLEY",94,47.92,0,0
2026-03-01,07G,"NHS THURROCK",460,1467.53,0,0
2026-03-01,00N,"NHS SOUTH TYNESIDE",812,6345.36,0,0
2026-03-01,02G,"NHS WEST LANCASHIRE",815,3005.6,0,0
2026-03-01,03H,"NHS NORTH EAST LINCOLNSHIRE",827,1805.87,0,0
2026-03-01,02Q,"NHS BASSETLAW",833,1211.2,0,0
2026-03-01,00V,"NHS BURY",870,4515.39,0,0
2026-03-01,05D,"NHS EAST STAFFORDSHIRE",973,19677.97,0,0
2026-03-01,99F,"NHS CASTLE POINT AND ROCHFORD",999,1898.91,0,0
2026-03-01,04Y,"NHS CANNOCK CHASE",1030,4236.22,0,0
2026-03-01,01E,"NHS GREATER PRESTON",1032,4359.03,0,0
2026-03-01,00R,"NHS BLACKPOOL",1033,1691.61,0,0
2026-03-01,01D,"NHS HEYWOOD, MIDDLETON AND ROCHDALE",1038,1975.51,0,0
2026-03-01,05V,"NHS STAFFORD AND SURROUNDS",1084,3746.42,0,0
2026-03-01,03Q,"NHS VALE OF YORK",1136,2390.75,0,0
2026-03-01,00X,"NHS CHORLEY AND SOUTH RIBBLE",1143,7600.68,0,0
2026-03-01,02M,"NHS FYLDE AND WYRE",1181,5127.83,0,0
2026-03-01,99E,"NHS BASILDON AND BRENTWOOD",1209,1754.61,0,0
2026-03-01,02T,"NHS CALDERDALE",1330,2349.05,0,0
2026-03-01,00T,"NHS BOLTON",1332,8147.39,0,0
2026-03-01,99G,"NHS SOUTHEND",1334,1810.67,0,0
2026-03-01,05Q,"NHS SOUTH EAST STAFFORDSHIRE AND SEISDON PENINSULA",1415,3889.04,0,0
2026-03-01,03K,"NHS NORTH LINCOLNSHIRE",1441,4461.75,0,0
2026-03-01,00Y,"NHS OLDHAM",1502,18327.75,0,0
2026-03-01,03F,"NHS HULL",1505,4272.35,0,0
2026-03-01,01G,"NHS SALFORD",1542,2913.86,0,0
2026-03-01,02X,"NHS DONCASTER",1562,3538.62,0,0
2026-03-01,01H,"NHS NORTH CUMBRIA",1563,4844.5,0,0
2026-03-01,01V,"NHS SOUTHPORT AND FORMBY",1582,7979.41,0,0
2026-03-01,02Y,"NHS EAST RIDING OF YORKSHIRE",1629,4403.64,0,0
2026-03-01,07H,"NHS WEST ESSEX",1664,2999.58,0,0
2026-03-01,02A,"NHS TRAFFORD",1693,2244.63,0,0
2026-03-01,07K,"NHS WEST SUFFOLK",1719,2610.46,0,0
2026-03-01,10R,"NHS PORTSMOUTH",1741,3016.26,0,0
2026-03-01,99C,"NHS NORTH TYNESIDE",1749,2744.89,0,0
2026-03-01,00P,"NHS SUNDERLAND",1756,3079.67,0,0
2026-03-01,00Q,"NHS BLACKBURN WITH DARWEN",1758,4308.28,0,0
2026-03-01,01F,"NHS HALTON",1817,6366.2,0,0
2026-03-01,05G,"NHS NORTH STAFFORDSHIRE",1888,5245.27,0,0
2026-03-01,03L,"NHS ROTHERHAM",1896,3368.9,0,0
2026-03-01,15A,"NHS BERKSHIRE WEST",1991,4108.22,0,0
2026-03-01,01A,"NHS EAST LANCASHIRE",2043,6746.78,0,0
2026-03-01,01J,"NHS KNOWSLEY",2146,4133.7,0,0
2026-03-01,05W,"NHS STOKE ON TRENT",2152,4460.24,0,0
2026-03-01,02E,"NHS WARRINGTON",2156,6510.98,0,0
2026-03-01,01T,"NHS SOUTH SEFTON",2158,3930.21,0,0
2026-03-01,U2G6B,"NHS THAMES VALLEY ICB - U2G6B",2177,14382.11,0,0
2026-03-01,01K,"NHS MORECAMBE BAY",2269,11329.38,0,0
2026-03-01,00L,"NHS NORTHUMBERLAND",2373,5187.15,0,0
2026-03-01,01Y,"NHS TAMESIDE AND GLOSSOP",2474,6466.57,0,0
2026-03-01,14Y,"NHS BUCKINGHAMSHIRE",2587,10964.85,0,0
2026-03-01,03W,"NHS EAST LEICESTERSHIRE AND RUTLAND",2664,6839.1,0,0
2026-03-01,02H,"NHS WIGAN BOROUGH",2727,7142.26,0,0
2026-03-01,01W,"NHS STOCKPORT",2792,5159.45,0,0
2026-03-01,02P,"NHS BARNSLEY",2867,7473.5,0,0
2026-03-01,X2C4Y,"NHS KIRKLEES",3078,9724.73,0,0
2026-03-01,03R,"NHS WAKEFIELD",3139,8439.36,0,0
2026-03-01,06Q,"NHS MID ESSEX",3147,5598.57,0,0
2026-03-01,04C,"NHS LEICESTER CITY",3211,8661.81,0,0
2026-03-01,06L,"NHS IPSWICH AND EAST SUFFOLK",3213,7280.49,0,0
2026-03-01,42D,"NHS NORTH YORKSHIRE",3229,5813.58,0,0
2026-03-01,10Q,"NHS OXFORDSHIRE",3239,10723.48,0,0
2026-03-01,06N,"NHS HERTS VALLEYS",3343,9400.4,0,0
2026-03-01,13T,"NHS NEWCASTLE GATESHEAD",3614,5500.54,0,0
2026-03-01,06K,"NHS EAST AND NORTH HERTFORDSHIRE",3640,13060.37,0,0
2026-03-01,84H,"NHS COUNTY DURHAM",3662,6005.07,0,0
2026-03-01,15F,"NHS LEEDS",3746,9598.68,0,0
2026-03-01,36J,"NHS BRADFORD DISTRICT AND CRAVEN",3788,10617.12,0,0
2026-03-01,09D,"NHS BRIGHTON AND HOVE",3809,5349.03,0,0
2026-03-01,M2L0M,"NHS SHROPSHIRE, TELFORD AND WREKIN",3949,10150.39,0,0
2026-03-01,16C,"NHS TEES VALLEY",4137,10876.46,0,0
2026-03-01,04V,"NHS WEST LEICESTERSHIRE",4200,8071.64,0,0
2026-03-01,12F,"NHS WIRRAL",4239,6247.53,0,0
2026-03-01,01X,"NHS ST HELENS",4259,10268.5,0,0
2026-03-01,06T,"NHS NORTH EAST ESSEX",4631,7614.87,0,0
2026-03-01,14L,"NHS MANCHESTER",4828,7739.54,0,0
2026-03-01,11X,"NHS SOMERSET",4834,23062.12,0,0
2026-03-01,03N,"NHS SHEFFIELD",4858,6248.58,0,0
2026-03-01,27D,"NHS CHESHIRE",5441,13620.86,0,0
2026-03-01,78H,"NHS NORTHAMPTONSHIRE",5621,8864.42,0,0
2026-03-01,06H,"NHS CAMBRIDGESHIRE AND PETERBOROUGH",5752,13346.54,0,0
2026-03-01,52R,"NHS NOTTINGHAM AND NOTTINGHAMSHIRE",5952,9455.8,0,0
2026-03-01,70F,"NHS WEST SUSSEX",6070,10972.41,0,0
2026-03-01,72Q,"NHS SOUTH EAST LONDON",6091,9824.18,0,0
2026-03-01,11N,"NHS CORNWALL AND THE ISLES OF SCILLY",6096,7211.02,0,0
2026-03-01,M1J4Y,"NHS BEDFORDSHIRE, LUTON AND MILTON KEYNES",6339,36962.12,0,0
2026-03-01,11J,"NHS DORSET",6717,10821.79,0,0
2026-03-01,97R,"NHS EAST SUSSEX",6936,18634.9,0,0
2026-03-01,99A,"NHS LIVERPOOL",7053,17473.35,0,0
2026-03-01,11M,"NHS GLOUCESTERSHIRE",7132,14352.72,0,0
2026-03-01,A3A8R,"NHS NORTH EAST LONDON",7324,14739.32,0,0
2026-03-01,15C,"NHS BRISTOL, NORTH SOMERSET AND SOUTH GLOUCESTERSHIRE",7516,9528.92,0,0
2026-03-01,18C,"NHS HEREFORDSHIRE AND WORCESTERSHIRE",7552,17689.56,0,0
2026-03-01,36L,"NHS SOUTH WEST LONDON",7818,14979.84,0,0
2026-03-01,92A,"NHS SURREY HEARTLANDS",7858,27422.51,0,0
2026-03-01,B2M3M,"NHS COVENTRY AND WARWICKSHIRE",7946,20586.9,0,0
2026-03-01,71E,"NHS LINCOLNSHIRE",8242,16171.38,0,0
2026-03-01,92G,"NHS BATH AND NORTH EAST SOMERSET, SWINDON AND WILTSHIRE",8609,11646.28,0,0
2026-03-01,15E,"NHS BIRMINGHAM AND SOLIHULL",8745,23008.52,0,0
2026-03-01,93C,"NHS NORTH CENTRAL LONDON",8784,20749.03,0,0
2026-03-01,D2P2L,"NHS BLACK COUNTRY",9221,31918.3,0,0
2026-03-01,D9Y0V,"NHS HAMPSHIRE, SOUTHAMPTON AND ISLE OF WIGHT",10924,35849.03,0,0
2026-03-01,W2U3Z,"NHS NORTH WEST LONDON",10945,26322.83,0,0
2026-03-01,15M,"NHS DERBY AND DERBYSHIRE",11238,17182.06,0,0
2026-03-01,91Q,"NHS KENT AND MEDWAY",11587,28367.67,0,0
2026-03-01,26A,"NHS NORFOLK AND WAVENEY",12033,19651,0,0
2026-03-01,15N,"NHS DEVON",12606,19261.56,0,0